word,frequency
the,171248
and,138679
of,131133
in,107365
to,77932
with,61341
were,50387
was,46324
for,39879
patients,39206
group,35856
or,24808
at,24524
treatment,19575
on,19230
study,19040
is,16140
by,15750
after,15733
this,14608
groups,13362
as,13174
between,11818
an,11791
from,11763
randomized,11731
that,11532
trial,11230
not,11228
compared,10648
control,10372
intervention,9753
be,9648
significant,9581
significantly,9254
placebo,9215
than,8806
we,8568
months,8454
two,8295
clinical,8051
baseline,7497
time,7253
during,7098
both,6955
primary,6944
had,6914
all,6874
mean,6726
are,6670
using,6556
participants,6505
there,6480
pain,6466
weeks,6455
therapy,6363
risk,6361
years,6258
who,6104
controlled,5983
effects,5908
effect,5809
more,5773
care,5650
but,5605
one,5549
difference,5504
outcomes,5496
efficacy,5439
total,5413
day,5407
associated,5400
rate,5289
dose,5220
received,5091
based,5061
week,5036
higher,5006
respectively,4934
health,4880
analysis,4865
follow,4849
use,4849
outcome,4791
days,4767
women,4727
may,4621
randomly,4581
age,4565
levels,4548
high,4547
will,4507
increased,4386
score,4331
used,4331
have,4300
patient,4289
lower,4280
data,4271
subjects,4245
differences,4243
blood,4231
disease,4229
children,4063
three,4051
versus,4051
these,4017
assessed,4003
test,3986
did,3954
surgery,3927
low,3851
results,3800
among,3798
adverse,3780
scores,3778
their,3695
included,3686
events,3681
each,3672
assigned,3667
related,3641
those,3639
first,3619
which,3619
effective,3606
quality,3588
before,3556
cancer,3536
treated,3504
either,3485
change,3473
year,3412
safety,3409
over,3390
response,3337
also,3329
daily,3288
has,3282
however,3275
non,3251
reported,3220
scale,3210
per,3192
into,3172
symptoms,3171
function,3156
weight,3151
changes,3148
observed,3125
showed,3124
training,3108
post,3104
secondary,3104
similar,3103
number,3053
standard,3040
performed,3038
measured,3021
life,2994
without,2984
end,2965
exercise,2963
rates,2941
month,2932
evaluate,2921
ratio,2910
reduction,2901
been,2897
period,2883
other,2881
can,2846
improved,2844
double,2832
only,2823
well,2814
receive,2787
increase,2775
self,2773
whether,2767
level,2749
greater,2741
postoperative,2724
evaluated,2712
it,2712
single,2708
when,2700
activity,2666
physical,2658
pressure,2652
reduced,2648
overall,2644
improvement,2643
blind,2641
median,2619
arm,2585
different,2553
conducted,2552
survival,2533
index,2501
studies,2482
phase,2441
term,2422
randomised,2411
measures,2408
within,2397
less,2367
found,2345
hospital,2344
effectiveness,2333
decreased,2325
most,2300
incidence,2298
oral,2295
early,2290
assess,2265
diabetes,2243
improve,2229
interval,2226
min,2225
type,2224
positive,2185
acute,2177
body,2174
plus,2164
serum,2158
trials,2153
compare,2142
enrolled,2135
determine,2134
statistically,2132
four,2115
hours,2106
confidence,2083
following,2040
long,2032
assessment,2029
prospective,2024
chronic,1989
receiving,1980
plasma,1972
healthy,1968
drug,1967
our,1964
depression,1934
including,1931
completed,1926
glucose,1921
better,1918
loss,1911
factors,1907
program,1891
heart,1884
evidence,1884
management,1872
stroke,1867
insulin,1853
mortality,1852
point,1851
severe,1843
while,1840
alone,1833
population,1820
any,1814
cases,1811
combination,1807
interventions,1805
aim,1799
adults,1796
medical,1794
reduce,1781
status,1778
followed,1763
administration,1754
free,1751
support,1738
duration,1732
range,1724
could,1706
combined,1701
six,1697
research,1695
cognitive,1688
points,1676
moderate,1674
aged,1673
visual,1669
performance,1668
failure,1655
analyses,1651
open,1630
surgical,1621
undergoing,1620
complications,1619
cost,1618
further,1595
functional,1582
impact,1565
model,1560
new,1547
men,1532
findings,1530
its,1530
administered,1523
although,1520
volume,1511
through,1505
active,1497
parameters,1492
they,1487
common,1485
medication,1482
specific,1481
least,1476
hiv,1469
decrease,1463
doses,1448
questionnaire,1447
if,1443
cardiovascular,1429
severity,1424
values,1422
pre,1412
death,1401
given,1397
addition,1394
investigate,1394
protocol,1388
short,1384
infants,1372
cardiac,1372
adjusted,1369
about,1358
five,1347
concentrations,1345
treat,1343
under,1340
progression,1337
once,1337
minutes,1334
cell,1334
potential,1327
sleep,1324
coronary,1323
occurred,1317
times,1312
usual,1308
acupuncture,1306
general,1304
infection,1303
such,1303
major,1300
individuals,1293
system,1292
blinded,1290
diet,1283
older,1283
underwent,1277
current,1270
muscle,1269
conventional,1266
method,1263
frequency,1262
injection,1253
size,1251
information,1249
acid,1247
additional,1247
design,1242
objective,1239
protein,1238
present,1237
recorded,1235
demonstrated,1225
negative,1225
evaluation,1223
treatments,1222
according,1221
concentration,1217
allocated,1209
mass,1204
breast,1203
relative,1199
screening,1199
endpoint,1198
procedure,1195
stress,1193
syndrome,1188
benefit,1184
analyzed,1179
normal,1179
second,1178
chemotherapy,1178
alcohol,1176
regression,1169
bone,1166
induced,1165
criteria,1163
recovery,1163
registered,1160
smoking,1158
prevention,1155
out,1151
characteristics,1149
grade,1145
experimental,1142
measure,1141
average,1138
vitamin,1137
intake,1137
recruited,1122
factor,1122
should,1118
sessions,1116
improvements,1114
adherence,1111
side,1109
small,1108
anxiety,1108
provide,1103
same,1098
every,1098
consumption,1096
stage,1094
condition,1092
comparison,1088
suggest,1088
community,1087
association,1083
education,1082
hazard,1081
symptom,1079
home,1075
exposure,1074
satisfaction,1073
defined,1073
sample,1071
needed,1069
anesthesia,1067
important,1063
being,1057
therapeutic,1054
multiple,1053
collected,1045
practice,1044
due,1043
examined,1043
whereas,1041
intensity,1036
area,1036
social,1036
responses,1031
proportion,1031
sensitivity,1029
bmi,1026
investigated,1025
reducing,1023
stimulation,1023
aimed,1021
mental,1019
target,1015
approach,1014
lung,1012
supplementation,1009
fat,1009
prior,1009
cohort,1007
achieved,1006
conditions,1004
renal,1003
vaccine,1001
clinically,1001
controls,996
statistical,995
percentage,991
mild,989
delivery,987
previous,984
divided,983
myocardial,982
initial,980
models,974
technique,973
developed,969
value,960
need,959
required,958
complete,957
provided,956
injury,955
resistance,954
twice,950
cholesterol,949
knowledge,944
development,941
large,941
determined,939
superior,939
would,938
intention,937
variables,937
knee,935
arms,934
iii,929
bleeding,927
then,915
intravenous,915
label,912
skin,910
length,909
eligible,907
samples,905
cells,904
eight,902
safe,901
vas,900
shown,897
students,896
tolerated,895
rehabilitation,895
infusion,892
inflammatory,892
tests,890
people,890
main,888
center,887
identified,887
recurrence,886
serious,881
pregnancy,876
individual,875
diagnosis,875
hundred,874
obtained,872
parallel,871
artery,871
longer,870
role,868
site,866
likely,865
block,864
independent,864
examine,864
strength,862
considered,860
multicenter,857
designed,853
across,851
regarding,847
pulmonary,845
because,843
differ,840
monitoring,839
prostate,837
comparable,837
applied,836
anti,834
male,833
asthma,833
increases,832
disorder,829
improving,829
available,828
twenty,827
dietary,826
odds,824
tested,823
cause,822
qol,821
brain,819
crossover,815
methods,814
mmol,813
resulted,812
testing,811
left,810
advanced,810
experienced,809
eyes,806
regimen,804
randomization,802
event,801
increasing,800
motor,798
costs,796
liver,795
modified,793
respiratory,790
local,790
comparing,783
adult,783
some,779
weekly,778
estimated,775
measurements,773
benefits,771
oxygen,770
identifier,768
profile,767
hour,766
interaction,765
via,763
density,763
stay,759
child,759
continuous,759
disability,758
strategy,756
tissue,748
report,747
energy,745
success,745
urinary,744
female,744
growth,743
onset,740
terms,739
selected,739
visits,736
saline,735
obese,734
human,733
work,728
limited,728
intensive,728
maintenance,727
food,727
drugs,724
session,722
eye,722
inflammation,722
fatigue,721
course,717
sex,717
contrast,717
reductions,716
maximum,711
infarction,708
routine,706
arterial,706
relationship,704
systolic,703
until,702
lesions,702
include,700
seven,700
mixed,699
flow,698
prevalence,698
discharge,697
assessments,696
might,696
larger,695
against,695
depressive,693
despite,692
setting,689
hypertension,689
influence,689
future,688
global,687
fasting,685
metabolic,685
school,685
sites,684
previously,683
systemic,683
behavioral,683
rating,682
sham,678
behavior,678
parents,677
known,676
analgesia,676
operative,674
central,673
strategies,673
receptor,670
imaging,670
operation,669
application,668
confirmed,667
family,666
case,663
pilot,662
laser,662
peak,661
adolescents,661
studied,658
seen,658
poor,656
line,655
purpose,655
device,653
delivered,653
detected,650
tumor,648
result,647
ldl,645
endpoints,643
inhibitor,640
university,640
feasibility,639
visit,639
containing,638
procedures,636
repeated,636
national,635
part,635
stent,634
improves,633
fewer,631
abdominal,629
thirty,627
diagnostic,626
sodium,626
expression,624
laparoscopic,624
cross,624
therefore,623
vascular,622
does,621
skills,621
capacity,621
kidney,620
dysfunction,618
recommended,616
stable,616
identify,616
copd,615
wound,613
shorter,613
ventilation,611
good,611
guided,608
upper,608
history,607
composite,606
young,606
help,605
nasal,604
diagnosed,603
lipid,603
perceived,600
birth,600
implementation,599
linear,597
ultrasound,597
hand,597
affect,597
ischemic,597
novel,596
examination,594
obesity,593
beneficial,592
induction,592
disorders,591
markers,591
consecutive,590
correlated,588
forty,588
programme,588
calculated,586
postoperatively,585
show,585
task,585
immediately,583
sustained,582
ventricular,582
cluster,580
preoperative,579
volunteers,576
infections,571
alternative,570
calcium,569
fluid,569
functioning,568
state,567
possible,567
percent,566
sixty,565
affected,564
access,563
smokers,562
revealed,562
experience,562
often,561
power,561
correlation,559
mmhg,559
clinic,557
morbidity,557
stratified,556
presence,554
nine,553
remained,553
pci,552
walking,551
indicated,551
traditional,548
impairment,548
very,548
maternal,546
problems,545
elderly,543
predicted,543
unit,542
sexual,541
ability,541
psychological,541
best,540
final,540
dependent,540
resection,540
laboratory,537
process,536
observation,536
tolerability,536
minute,535
hospitalization,535
form,534
practices,534
spinal,532
participated,530
subjective,530
lifestyle,529
techniques,528
reduces,528
intubation,527
activities,527
injections,525
provides,525
remission,523
third,522
airway,522
peripheral,521
thickness,520
fifty,518
international,518
metformin,516
recurrent,515
chinese,515
successful,513
drinking,513
taken,511
mri,509
subsequent,509
radiation,509
feedback,508
sedation,508
enhanced,507
subgroup,507
order,504
atrial,503
old,502
random,501
full,501
maintained,500
propofol,499
many,498
highly,498
neck,497
balance,496
survey,495
learning,495
whole,495
later,494
led,494
educational,494
predictive,494
memory,492
prevent,492
cervical,492
nerve,492
lead,491
back,491
significance,491
telephone,491
remains,490
pfs,489
several,488
symptomatic,487
late,486
catheter,486
overweight,485
curve,485
dosing,485
decision,484
aes,483
intervals,482
relapse,482
last,481
intraoperative,481
iqr,479
consistent,478
release,478
computer,478
explore,478
centers,477
morphine,477
few,476
opioid,476
how,476
gastric,474
cessation,474
direct,474
brief,473
degree,473
continued,472
units,472
immune,471
art,471
trend,471
hypothesis,471
matched,471
suggests,470
optimal,470
questionnaires,470
met,470
randomisation,469
hdl,469
throughout,468
gender,467
emergency,467
hip,466
rapid,466
solution,466
vaccination,465
measurement,465
nausea,465
achieve,464
auc,463
elevated,463
cbt,462
thus,461
recruitment,460
established,458
rct,458
relevant,458
urine,457
iron,457
lipoprotein,456
frequent,454
class,454
services,453
medicine,453
recent,452
healing,451
diabetic,451
them,451
analgesic,450
bowel,449
invasive,449
http,448
standardized,448
amount,448
regimens,448
repair,448
gain,446
involved,445
logistic,445
having,445
bevacizumab,445
attention,442
web,442
delayed,442
physicians,441
american,441
count,440
cerebral,439
mechanical,439
online,439
analog,438
biomarkers,437
partial,437
guidelines,437
simple,436
treating,436
antibody,436
behaviors,436
detection,435
multi,435
toxicity,434
even,434
programs,434
regular,430
burden,430
signs,430
graft,429
associations,428
noted,428
content,428
lesion,427
little,427
anterior,425
compliance,425
useful,424
admission,424
hrqol,423
monotherapy,422
especially,421
made,421
monthly,420
gastrointestinal,420
consisted,419
replacement,418
frequently,418
multivariate,418
joint,417
living,417
tolerance,417
activation,417
nutrition,417
fraction,417
pediatric,417
counseling,416
completion,416
endothelial,416
episodes,415
half,415
physician,415
plaque,414
face,414
crp,414
predictors,413
cycles,413
position,413
water,412
goal,412
radiotherapy,412
whom,411
reactive,410
illness,409
topical,409
aortic,409
hospitals,409
occurrence,409
transfusion,409
unknown,409
still,408
males,408
adjuvant,408
mellitus,408
threshold,408
video,408
department,408
immediate,408
aims,408
particularly,407
participation,407
approximately,407
where,407
egfr,406
infected,406
hormone,406
meal,405
carried,404
above,404
off,403
ablation,403
cortisol,402
diastolic,402
eating,402
white,402
infant,402
biopsy,401
set,401
analysed,401
iop,401
masked,401
elective,400
neonatal,400
centre,399
decreases,399
service,399
implantation,398
analogue,398
hemoglobin,398
appropriate,397
inferior,397
decline,396
taking,396
except,395
platelet,395
head,394
component,393
types,393
outpatient,393
complication,392
fatty,392
demonstrate,392
public,391
venous,391
settings,391
percutaneous,390
retention,390
inhibition,390
exercises,389
feasible,388
medications,388
inclusion,387
persistent,387
furthermore,387
extension,387
right,386
acuity,386
none,386
demographic,385
communication,385
movement,385
magnetic,385
distance,384
oil,384
profiles,383
ratios,383
registry,382
ten,381
preventing,381
prospectively,381
fracture,381
indicate,381
highest,380
fibrillation,379
relief,379
tool,379
needle,378
problem,378
temperature,378
adjustment,378
contact,377
cox,377
allocation,376
various,376
distress,376
scheduled,375
mothers,375
initiation,375
vomiting,375
bypass,374
shoulder,374
option,374
prognostic,374
mechanisms,373
healthcare,372
milk,372
variability,372
generally,372
malaria,372
ptsd,371
inferiority,371
subgroups,371
dual,371
suggested,370
placement,370
residents,370
responders,369
derived,369
preterm,369
prolonged,369
means,369
creatinine,368
image,368
providing,368
implant,368
january,368
posterior,367
reactions,367
basis,367
absolute,367
schools,367
agent,366
key,365
review,365
genotype,365
icu,365
clopidogrel,364
abstinence,363
closure,363
pregnant,363
multicentre,362
females,362
aspirin,362
participant,362
complex,361
added,361
gait,360
load,359
potentially,359
sought,358
respect,358
antibiotic,358
cumulative,358
independently,358
variable,357
tomography,357
vaginal,356
impaired,356
aerobic,355
lidocaine,355
lack,355
person,355
manual,355
reference,354
limb,354
feeding,354
behaviour,354
agents,353
lowering,353
assisted,352
nutritional,352
tube,352
rest,352
components,351
expected,351
monitored,351
action,351
clearance,351
countries,350
tailored,350
peptide,349
trained,348
done,348
tnf,348
resistant,347
mol,347
hcv,347
therapies,347
perioperative,346
virus,346
hoc,346
way,345
lumbar,343
periods,343
metabolism,342
real,342
commonly,341
mood,341
colorectal,341
populations,341
deaths,340
march,340
influenza,340
motion,340
presented,340
bilateral,339
produced,339
epidural,339
involving,339
height,338
like,338
accuracy,338
chest,338
rated,338
corneal,338
subject,338
date,337
hypothesized,337
cycle,336
dogs,335
postpartum,335
metastatic,335
areas,335
removal,334
crt,334
hemodynamic,333
staff,333
residual,333
minimal,332
pharmacokinetic,331
mediated,330
unclear,329
achieving,329
fractures,329
equivalent,328
transplant,327
effectively,326
transplantation,326
parent,326
diseases,326
headache,325
light,325
corrected,325
failed,324
states,324
undergo,324
scales,324
endoscopic,324
gestational,324
validated,323
postprandial,323
intra,323
lateral,323
survivors,322
start,321
inventory,321
elevation,320
emotional,320
surface,320
registration,319
speed,319
reconstruction,319
gene,319
composition,319
maximal,318
western,318
middle,318
acceptable,317
unique,317
targeted,317
reaction,316
gel,315
comparisons,315
currently,314
anaesthesia,314
worse,313
choice,313
requiring,313
pattern,313
hpv,312
planned,312
approaches,312
assessing,312
internal,311
yet,311
interleukin,311
nor,310
enhance,310
excluded,310
femoral,310
longitudinal,310
june,309
internet,309
fixed,309
devices,309
hepatitis,309
reports,309
uptake,309
cpap,308
rank,306
schizophrenia,306
understanding,306
tract,306
triple,306
extended,305
prophylaxis,305
selective,305
december,305
clinics,305
promote,305
predict,304
insertion,304
caused,304
inhibitors,304
sbp,304
item,303
cisplatin,303
bmd,302
enrollment,302
reach,301
oxidative,301
eluting,300
making,300
participate,299
generated,299
develop,299
pump,299
leg,299
resonance,298
preparation,298
additionally,298
mechanism,298
focused,297
teaching,297
promising,297
adequate,297
discomfort,296
atorvastatin,296
reporting,296
glycemic,296
ejection,296
users,296
revascularization,296
extent,296
seventy,295
protection,294
tablet,294
assignment,294
risks,294
indicating,293
list,293
withdrawal,293
counts,293
pharmacokinetics,293
agreement,293
appears,293
remifentanil,292
seconds,292
psychosocial,291
ckd,291
fold,290
strong,290
comprehensive,290
deficiency,289
suggesting,289
recommendations,288
osteoarthritis,288
fentanyl,288
took,287
ankle,287
pulse,287
dna,287
patterns,287
velocity,286
united,286
faster,285
obstructive,285
clear,285
gestation,285
starting,285
younger,284
perfusion,284
adhd,284
investigation,284
sequential,283
multivariable,283
informed,283
absence,283
add,283
april,283
trauma,283
dosage,282
reached,282
recipients,282
carcinoma,282
acceptability,281
pneumonia,281
dementia,281
field,281
incision,281
rescue,281
step,281
structured,281
bupivacaine,281
participating,280
valve,280
earlier,280
acids,279
estimate,279
computed,279
importance,279
viral,279
version,279
predictor,278
contribute,278
dexmedetomidine,278
eighty,277
bladder,277
comparative,277
psa,277
dexamethasone,277
toward,277
external,277
developing,276
consent,276
subcutaneous,276
detect,275
resolution,275
authors,275
stents,275
neither,275
log,275
implants,275
moreover,274
clinicians,274
statin,274
minimum,274
lost,274
confirm,274
formulation,274
resulting,273
mtx,273
persons,273
stenosis,273
lens,272
interest,272
nurse,272
iol,272
substantial,272
majority,272
simulation,272
centres,272
systems,271
european,270
similarly,270
cabg,270
adjusting,269
diameter,269
childhood,269
peer,269
circumference,269
paclitaxel,268
needs,268
leading,268
indices,267
numbers,267
angiography,267
substance,267
positively,266
perception,266
arthritis,266
exhibited,266
relatively,265
spine,265
seems,265
images,265
postmenopausal,265
docetaxel,265
abnormal,265
academic,264
equal,264
properties,263
died,263
necessary,263
focus,263
core,263
air,263
region,263
fitness,263
caregivers,262
macular,262
regard,262
able,261
critical,261
interquartile,261
supported,261
deep,261
australian,261
ovarian,260
sensitive,260
pro,260
deviation,260
interviews,260
discontinuation,260
regardless,260
evaluating,259
july,259
tdcs,259
japanese,259
tumors,258
implemented,258
screened,257
working,257
product,257
acs,257
mobility,257
rectal,257
vein,257
advice,256
sensory,256
variance,256
consumed,256
intermediate,255
nurses,255
comprised,255
widely,255
cvd,255
untreated,254
funded,254
below,254
insomnia,254
institute,254
ages,254
anesthetic,254
team,253
another,253
genetic,253
protective,253
tablets,253
quit,253
incontinence,252
margin,252
distal,252
exploratory,252
favorable,252
dry,251
preventive,251
act,251
protocols,251
damage,251
describe,251
economic,251
context,250
interactions,250
ninety,250
superiority,250
nursing,250
sepsis,249
probability,249
recently,249
ranibizumab,249
strain,249
prescribed,248
families,248
tasks,247
features,247
equally,247
colonoscopy,247
offered,247
ocular,247
shock,247
challenge,247
physiological,246
orally,246
rural,246
observational,245
asked,245
linked,245
suppression,245
unilateral,245
peg,245
barriers,245
ratings,244
moxibustion,244
angle,244
explored,244
hepatic,244
text,244
technology,244
noninferiority,243
much,243
paper,243
targeting,243
qualitative,243
differed,242
remain,242
tdf,242
amd,242
walk,241
interactive,241
vessel,241
segment,241
antigen,241
environment,241
fixation,240
approved,240
depth,240
bacterial,240
initiated,240
october,240
african,240
twelve,239
providers,239
quantitative,239
presenting,239
since,239
drainage,238
intestinal,238
preliminary,238
perform,237
return,237
dependence,237
thrombosis,237
supplement,237
facial,237
foot,236
society,236
products,236
slightly,236
workers,236
exposed,236
concomitant,236
tobacco,235
tumour,235
dialysis,235
zealand,235
fully,234
china,234
difficult,234
australia,234
adding,234
newly,234
efficacious,233
basic,233
antiretroviral,233
existing,233
organ,233
stability,233
preference,232
distribution,232
sequence,232
controlling,231
breastfeeding,231
hemorrhage,230
sectional,230
concerns,230
domains,230
pdt,230
admitted,230
beta,229
kcal,229
integrated,229
variation,229
incremental,229
cohorts,229
pretreatment,229
theory,229
ambulatory,228
glaucoma,228
causes,228
edema,228
sedentary,228
along,228
resource,227
behavioural,227
pelvic,227
acting,227
parental,227
underlying,227
beginning,226
inhaled,226
worsening,226
sinus,226
members,226
bolus,225
girls,225
verbal,225
progressive,225
successfully,225
prescription,225
loading,225
regional,225
allergic,225
triglycerides,225
wave,224
room,224
income,224
assay,224
transient,224
metastases,223
observe,223
ongoing,223
efficiency,223
sevoflurane,223
here,223
placed,223
referral,223
antibiotics,223
reliability,223
concurrent,222
heparin,222
vision,222
investigators,222
south,222
nicotine,222
utility,221
pcr,221
eradication,221
carotid,221
stiffness,221
aspects,221
described,221
alpha,221
decreasing,220
vital,220
nsclc,220
intent,220
tenofovir,220
exacerbations,220
spontaneous,220
resuscitation,219
domain,219
cardiopulmonary,219
volumes,219
establish,219
compression,219
production,218
automated,218
steps,218
capsule,218
medium,217
washout,217
regulation,217
cpr,217
adolescent,217
pancreatic,217
ischemia,217
resources,217
tertiary,217
published,217
ropivacaine,217
finding,217
smaller,216
carbohydrate,216
mouth,216
waist,216
play,216
oxide,216
series,216
suture,215
consisting,215
rich,215
marker,215
biochemical,215
surgeons,215
shows,215
proposed,215
dental,215
rtms,214
circulating,214
register,214
sided,214
apnea,214
attitudes,214
prognosis,213
sizes,213
formula,213
intermittent,212
max,212
output,212
ribavirin,212
hypoglycemia,212
minor,212
midazolam,212
diarrhea,212
ketamine,212
cataract,212
dynamic,211
proximal,211
black,211
others,211
regions,211
yoga,210
genes,210
documented,210
meaningful,210
warranted,210
relation,210
limit,209
operating,209
prespecified,209
specifically,209
fish,209
february,209
options,209
showing,209
maintain,209
scar,209
refractory,209
mode,209
september,209
guidance,208
basal,208
bipolar,208
student,208
initially,208
upon,208
scored,207
stemi,207
migraine,207
proportional,207
schedule,207
hemodialysis,207
fed,206
formation,206
diets,206
probiotic,206
discontinued,206
steroid,206
cough,206
rna,206
expiratory,206
ifn,206
physiotherapy,205
world,205
modest,205
radiographic,205
fast,205
psychiatric,205
map,205
procedural,204
extubation,204
goals,204
evaluations,204
material,204
fibrosis,203
directly,203
root,203
classification,203
recall,203
likelihood,203
language,203
items,203
ill,203
falls,202
functions,202
oct,202
chi,202
professionals,202
office,201
exacerbation,201
investigator,201
wall,201
traumatic,201
enzyme,201
corresponding,201
immunogenicity,200
place,200
secretion,200
patch,200
affects,200
motivation,200
questions,200
relationships,199
inpatient,199
beyond,199
cad,199
messages,199
preferred,199
address,199
consequences,198
require,198
cure,198
square,198
zinc,198
inform,198
retinal,198
red,198
personal,198
past,198
supplements,198
implications,198
angina,197
engagement,197
incident,197
subset,197
vitro,197
hypotension,197
requirements,197
blocks,196
lowest,196
naive,196
clinician,196
mutation,196
intraocular,195
referred,195
mineral,195
phone,195
started,195
transfer,194
ibs,194
humans,194
vaccines,194
estimates,193
excellent,193
breathing,193
interview,193
absorption,193
materials,193
endometrial,192
antagonist,192
dha,192
supervised,192
validity,192
cetuximab,192
night,192
boys,192
prevalent,191
reflux,191
take,191
closed,191
awareness,191
advantage,191
whose,191
collection,191
paired,191
urban,190
cesarean,190
specificity,190
performing,190
electronic,190
antioxidant,190
software,189
proportions,189
literature,189
morning,189
driven,189
cord,189
correction,189
separate,189
cognition,189
records,189
essential,189
asa,189
gas,189
appear,189
potassium,189
cream,189
reliable,189
together,189
bias,188
planning,188
necrosis,188
hospitalized,188
gemcitabine,188
august,188
written,188
promoting,188
corticosteroid,188
towards,188
hbv,188
noise,188
algorithm,188
changed,187
coverage,187
race,187
stenting,187
magnitude,187
proven,187
aspiration,187
testosterone,187
stages,187
drink,187
mdd,187
agonist,187
entry,186
albumin,186
acupoint,186
prophylactic,186
error,186
utilization,186
aid,186
near,185
network,185
characterized,185
formulations,185
geometric,185
wide,185
fit,185
echocardiography,184
retrospective,184
biomarker,184
examinations,184
pharmacological,184
identification,184
infarct,184
college,184
electrical,184
section,184
slow,184
everolimus,184
teeth,184
involvement,183
next,183
manner,183
sampling,183
generalized,183
thoracic,183
classified,183
cmax,183
strongly,182
transmission,182
mainly,182
angiotensin,182
soft,182
foods,182
preoperatively,182
warfarin,182
cocaine,182
caregiver,182
limitations,181
appeared,181
music,181
repeat,181
anova,181
mesh,181
lipids,181
selection,180
rather,180
processes,180
balanced,180
csf,180
facilitate,180
filtration,180
ranged,180
psoriasis,180
reperfusion,180
sub,180
measuring,180
donor,180
simulated,179
sufficient,179
lactate,179
neonates,179
run,179
needling,179
fluoride,179
subscale,179
delay,179
original,179
experiences,179
partner,179
timing,178
pragmatic,178
manipulation,178
scan,177
episode,177
esophageal,177
isolated,177
methotrexate,177
mask,177
appetite,177
mindfulness,176
mets,176
live,176
obstruction,176
corticosteroids,175
acquired,175
supplemented,175
antibodies,175
surveys,175
vehicle,175
pregabalin,174
optical,174
gains,174
remaining,174
icd,174
waiting,174
intravenously,174
professional,174
voice,174
ranging,174
ticagrelor,174
entire,174
occurring,174
inadequate,173
parkinson,173
bed,173
generation,173
lvef,173
mutations,173
pooled,173
force,173
differential,172
adjunctive,172
antidepressant,172
surgeon,172
identical,172
influenced,172
psychotherapy,172
media,172
asymptomatic,172
plan,172
preserved,172
offer,172
hypertensive,172
provision,172
possibly,172
guide,172
leads,171
mid,171
excess,171
gps,171
forced,171
passive,171
interventional,171
screen,171
indicators,171
motivational,171
culture,170
neurological,170
matching,170
asian,170
seizure,170
tuberculosis,170
directed,170
unchanged,170
november,170
driving,170
glp,170
saturation,170
requirement,169
arthroplasty,169
curative,169
acceptance,169
attenuated,169
stool,169
radial,169
fiber,169
netherlands,169
advantages,169
mobile,169
separately,169
critically,169
pylori,168
youth,168
subsequently,168
muscles,168
inter,168
particular,168
heavy,168
molecular,168
chain,168
rosuvastatin,168
specimens,167
tau,167
natural,167
diary,167
capsules,167
postintervention,167
mini,167
seeking,167
cortex,166
cold,166
considering,166
stimuli,166
neutropenia,166
maintaining,166
almost,166
breakfast,166
premature,165
occlusion,165
enhancing,165
analyze,165
liquid,164
intravitreal,164
glomerular,164
labor,164
expressed,164
substantially,164
challenges,163
oncology,163
remote,163
des,163
bid,163
project,163
triglyceride,163
base,162
epa,162
continue,162
greatest,162
rituximab,162
africa,162
coefficient,161
virologic,161
delirium,161
message,161
trastuzumab,161
carboplatin,161
meals,161
efficient,161
drop,161
endurance,161
dsm,161
arrest,161
flexion,161
veterans,161
undertaken,161
relaxation,161
validation,160
provider,160
inhalation,160
requires,160
cancers,160
meeting,160
solid,160
crc,159
outpatients,159
craving,159
record,159
systematic,159
cigarette,159
website,159
markedly,159
lasting,159
alfa,159
reasons,159
hearing,158
injuries,158
technical,158
primarily,158
igf,158
extremity,158
question,157
instrument,157
rheumatoid,157
perceptions,157
make,157
blocker,157
attending,157
monitor,157
scoring,157
anthropometric,156
demographics,156
fever,156
dbp,156
occur,156
thyroid,156
fall,156
pacing,156
emergent,156
uterine,156
cent,155
suspected,155
totally,155
gingival,155
reverse,155
hot,155
declined,155
radical,155
view,154
parenting,154
nave,154
correlations,154
extract,154
processing,154
targets,154
scans,154
spent,154
ulcers,154
vivo,154
modification,154
calls,154
cortical,153
epilepsy,153
injected,153
committee,153
erlotinib,153
misoprostol,153
copies,153
source,153
coping,152
around,152
consultation,152
though,152
colon,152
practitioners,152
acetate,152
nac,152
difficulty,152
biopsies,152
caries,152
kinase,152
depressed,151
modeling,151
definitive,151
tended,151
net,151
itt,151
recommend,151
pathway,151
cytokines,151
magnesium,151
speech,151
anemia,151
yielded,151
prednisone,151
simvastatin,150
fruit,150
conversion,150
haemoglobin,150
pioglitazone,150
occupational,150
prediction,150
tavr,150
pemetrexed,150
ondansetron,149
interim,149
restriction,149
eligibility,149
enhancement,149
location,149
combining,149
perspective,149
con,149
benign,149
hair,149
balloon,149
decisions,149
ingestion,149
blockade,149
thermal,148
classes,148
bcva,148
concept,148
standing,148
experiencing,148
skeletal,148
node,148
supportive,148
hernia,148
altered,147
dutch,147
rise,147
ecg,147
serial,147
obviously,147
deterioration,147
pad,147
facilities,147
varied,147
probiotics,147
down,147
carbon,146
antiplatelet,146
resting,146
medial,146
donors,146
excretion,146
locally,146
summary,146
stem,145
prednisolone,145
digital,145
separated,145
ftc,145
homa,144
supporting,144
bis,144
clusters,144
marked,144
attempt,144
hospitalizations,144
neoadjuvant,144
constipation,144
tea,144
become,144
robust,144
posttreatment,144
fecal,144
painful,144
caffeine,144
reviewed,144
lymph,144
acetaminophen,144
born,144
transcranial,144
wrist,143
tka,143
letters,143
negatively,143
financial,143
sleepiness,143
menstrual,143
attempts,143
thereafter,143
objectives,143
hazards,143
platinum,142
employment,142
issues,142
sclerosis,142
nitric,142
nocturnal,142
glucagon,142
minimally,142
experiment,142
follows,142
policy,141
omega,141
suitable,141
constant,141
ami,141
insufficient,141
counselling,141
amino,141
restricted,141
titers,141
pca,141
biological,141
interferon,141
managed,141
courses,141
axis,141
estradiol,141
analgesics,141
glargine,141
powered,140
coherence,140
cytokine,140
cut,140
includes,140
structure,140
cues,140
forms,140
palliative,140
observer,140
adalimumab,140
north,140
respondents,139
extraction,139
mucosal,139
lacking,139
adiponectin,139
annual,139
patency,139
salt,139
stone,139
prescribing,139
hygiene,139
matrix,139
augmentation,139
account,139
communities,139
vegf,138
dimensional,138
enteral,138
acquisition,138
allowed,138
suffering,138
tcm,138
investigating,138
organization,138
booster,138
autologous,137
produce,137
glycaemic,137
fear,137
sitagliptin,137
amplitude,137
allow,137
idiopathic,137
suicide,136
pathological,136
epithelial,136
cuff,136
terminal,136
irrigation,136
endoscopy,136
csa,136
actual,136
liraglutide,136
availability,136
signal,136
virtual,136
breath,136
returned,136
circulation,136
promotion,136
pronounced,136
tear,136
erectile,135
rhinitis,135
auditory,135
activated,135
missing,135
phases,135
conduct,135
modalities,135
represent,135
fluorouracil,135
hypothermia,135
worldwide,135
stopped,135
understand,135
oxygenation,135
indirect,134
switch,134
frequencies,134
salivary,134
abnormalities,134
qaly,134
board,134
periodontal,134
ventilator,134
melanoma,134
executive,134
reactivity,134
attended,134
hcc,133
evaluable,133
dissection,133
canagliflozin,133
mother,133
comfort,133
usage,133
disc,133
challenging,132
individualized,132
animal,132
massage,132
recombinant,132
immunization,132
demonstrates,132
degrees,132
titration,132
usa,132
opioids,132
alzheimer,131
neuromuscular,131
ray,131
tracheal,131
deficits,131
deficit,131
completing,131
pairs,131
adapted,131
lenses,131
infiltration,131
antenatal,131
tools,131
now,131
vertebral,131
individually,131
acupoints,130
removed,130
metal,130
sulfate,130
trough,130
beliefs,130
safely,130
employed,130
puncture,130
modulation,130
seizures,130
chd,130
osa,130
affecting,130
quadriceps,129
nmol,129
cis,129
cholecystectomy,129
exact,129
explained,129
fusion,128
partners,128
marginal,128
daytime,128
covariates,128
simulator,128
split,128
bioavailability,128
intramuscular,128
parameter,128
respond,128
collagen,128
correct,128
statins,128
conservative,128
troponin,128
noninvasive,127
environmental,127
comorbidities,127
oxytocin,127
space,127
finally,127
gained,127
exclusion,127
ppi,127
largest,127
instructions,127
moderately,127
sputum,127
posttest,127
hispanic,127
what,127
barrier,127
lbp,126
india,126
ses,126
intended,126
again,126
oriented,126
ics,126
toxin,126
rapidly,126
accepted,126
catheterization,125
satisfied,125
invited,125
accurate,125
accompanied,125
alt,125
pretest,125
atherosclerosis,125
abuse,125
polymorphisms,125
electroacupuncture,125
concerning,125
presentation,125
call,124
intracranial,124
increasingly,124
thresholds,124
fetal,124
osteoporosis,124
atrophy,124
homes,124
ibuprofen,124
cannabis,124
rhythm,124
diarrhoea,124
difficulties,124
tiotropium,124
persisted,124
weighted,123
regulatory,123
incidences,123
identifying,123
radiofrequency,123
musculoskeletal,123
nrs,123
flap,123
hamilton,123
budesonide,123
specialist,123
rom,123
limits,123
vegetable,123
aor,123
probnp,123
flexible,123
capecitabine,123
evident,122
powder,122
tamsulosin,122
bnp,122
meet,122
augmented,122
hysterectomy,122
grafting,122
cirrhosis,122
adjunct,122
skill,122
ritonavir,122
phosphate,122
generic,122
find,122
ups,122
surveillance,121
adaptive,121
stimulating,121
melatonin,121
behaviours,121
europe,121
examining,121
cycling,121
gold,121
consistency,121
ahi,121
never,121
fidelity,121
tadalafil,121
multidisciplinary,121
opening,121
household,121
foundation,121
pathways,121
see,121
article,121
instruments,121
prep,121
induce,121
diclofenac,120
gum,120
kras,120
mandibular,120
usually,120
intentions,120
indication,120
elbow,120
efforts,120
dressing,120
background,120
failures,120
appearance,120
endotracheal,120
sublingual,119
septic,119
chemoradiotherapy,119
tooth,119
anticoagulation,119
dizziness,119
extensive,119
teachers,119
pressures,119
considerable,119
drops,119
coaching,119
ulcer,118
dex,118
attendance,118
varying,118
lowered,118
lean,118
newborns,118
structural,118
discrimination,118
sitting,118
allele,118
complementary,118
assessor,118
supports,118
ige,118
dyspnea,118
ferritin,117
tibial,117
emptying,117
aids,117
peri,117
wait,117
pharmacodynamic,117
own,117
wilcoxon,117
movements,117
overnight,117
stretching,117
igg,117
represents,117
numerical,117
spray,117
varenicline,117
sms,117
obtain,117
continuing,117
poorer,116
fractional,116
subscales,116
peginterferon,116
consistently,116
heat,116
laryngeal,116
endovascular,116
explain,116
hyperplasia,116
switched,116
malignant,116
seem,116
amoxicillin,116
extra,116
poorly,116
served,116
stratification,116
graded,115
adopted,115
trends,115
offers,115
fifteen,115
cap,115
predicting,115
aminotransferase,115
displayed,115
uncomplicated,115
yield,115
bioequivalence,115
fact,115
institutes,115
indexes,115
contraceptive,115
acl,115
framework,115
concern,115
consider,115
variants,115
adhesion,115
irrespective,114
stimulus,114
neuropsychological,114
cats,114
category,114
toxicities,114
transition,114
mediators,114
remodeling,114
mann,114
whitney,114
natriuretic,114
plate,114
degeneration,114
collaborative,114
paracetamol,114
iodine,114
sets,113
width,113
reaching,113
dropped,113
titrated,113
palsy,113
fatal,113
pet,113
researchers,113
dfs,113
alveolar,113
influences,113
lma,113
dilation,113
infusions,113
predefined,113
efavirenz,113
tinnitus,113
brachial,112
mostly,112
completely,112
hydration,112
engage,112
canada,112
bms,112
errors,112
binding,112
alter,112
ipv,112
must,112
levobupivacaine,111
pharmacotherapy,111
easy,111
rash,111
growing,111
coagulation,111
avoid,111
sildenafil,111
mrna,111
quantified,111
retinopathy,111
stones,111
ees,111
indicates,111
horses,111
herbal,111
enriched,110
molars,110
cerebrovascular,110
tacrolimus,110
steady,110
solutions,110
conclusion,110
antihypertensive,110
statistics,110
doppler,110
factorial,110
bacteria,110
fourth,110
semi,110
japan,110
swelling,110
partially,110
temporal,110
cigarettes,109
uncontrolled,109
spasticity,109
describes,109
criterion,109
respective,109
arthroscopic,109
calorie,109
eeg,109
strains,109
homeostasis,109
kaplan,109
membrane,109
supplemental,109
insight,109
prostatic,109
staining,109
drinks,109
outside,109
stimulated,108
postnatal,108
sds,108
optimized,108
meier,108
apparent,108
responded,108
controversial,108
neural,108
achievement,108
rotation,108
excluding,108
ear,108
cavity,108
athletes,108
inguinal,108
socioeconomic,107
germany,107
interference,107
prp,107
sorafenib,107
ponv,107
certain,107
definite,107
descriptive,107
prasugrel,107
parenteral,107
ease,107
pancreatitis,107
infectious,107
myopia,106
oxaliplatin,106
excessive,106
responsiveness,106
categories,106
hydrochloride,106
guideline,106
limiting,106
treadmill,106
latency,106
entered,106
demonstrating,106
instability,106
minority,106
tip,106
uncertain,106
cyclosporine,106
ipss,105
curves,105
reminder,105
excision,105
sensation,105
shift,105
fvc,105
largely,105
just,105
citrate,105
joints,105
rejection,105
substudy,105
anaemia,105
estimating,105
adl,105
quetiapine,105
reading,105
fisher,105
neuropathy,105
escitalopram,105
city,105
matter,105
niv,105
nmes,105
modality,105
cpb,105
agitation,105
continuously,105
url,105
characteristic,105
potent,105
impacts,105
wild,105
helpful,104
allergen,104
programmes,104
accelerated,104
blockers,104
clamp,104
demand,104
bph,104
pathology,104
mmse,104
attributable,104
polymer,104
grading,104
embolism,104
smoke,103
latter,103
contraction,103
wear,103
ultrasonography,103
fractions,103
squares,103
implanted,103
spatial,103
consensus,103
neutrophil,103
dwelling,103
tumours,103
repetitive,103
preferences,103
cimt,103
stronger,103
impression,103
trainees,103
sum,103
reason,103
screw,103
institutional,103
abortion,103
ezetimibe,103
epinephrine,103
escalation,102
simultaneously,102
exist,102
independence,102
lactobacillus,102
true,102
allows,102
erythrocyte,102
contained,102
integration,102
responder,102
slit,102
menopausal,102
emergence,102
recognition,102
database,102
cellular,102
dimensions,102
retained,102
bilirubin,101
aki,101
cohen,101
chosen,101
tens,101
contributed,101
cosmetic,101
metabolite,101
approval,101
noninferior,101
intact,101
spectrum,101
chloride,101
neurologic,101
favor,101
attenuation,101
tidal,101
implement,101
embryo,101
metabolites,101
anatomical,101
nearly,101
variations,101
pbo,100
checklist,100
catheters,100
thereby,100
intakes,100
scenarios,100
ischaemic,100
permanent,100
cgi,100
thought,100
canadian,100
private,100
trimester,100
specified,100
metastasis,100
definition,100
rivaroxaban,100
recommendation,100
postural,100
expert,100
band,100
track,99
detailed,99
vaccinated,99
nonfatal,99
asd,99
tbi,99
combinations,99
glycated,99
serotonin,99
unrelated,99
proteins,99
estrogen,99
risperidone,99
articular,99
exception,99
maxillary,99
hypoxia,99
ppm,99
proved,99
implementing,99
receiver,99
tissues,99
soluble,99
inversely,99
top,99
hyperglycemia,99
warm,98
country,98
ethnicity,98
glimepiride,98
managing,98
valid,98
admissions,98
lasted,98
soy,98
instruction,98
aging,98
pufa,98
tamoxifen,98
undergone,98
typically,98
pth,98
practical,98
shared,98
aggregation,98
normalized,98
muscular,98
pruritus,98
bcg,98
hes,98
continuation,98
council,98
dentifrice,98
distinct,98
cin,98
incomplete,98
erythema,98
mir,97
defects,97
therapist,97
deliver,97
tunnel,97
became,97
personnel,97
nature,97
neutral,97
timed,97
radiological,97
genotypes,97
occurs,97
steroids,97
exists,97
mda,97
fmd,97
hrv,96
fluoroscopy,96
dairy,96
equations,96
memantine,96
distant,96
botulinum,96
lymphoma,96
sertraline,96
insufficiency,96
apart,96
platform,96
determination,96
americans,96
urea,96
discussed,96
drain,96
probably,96
nitrate,96
psychotic,96
wedge,96
alanine,96
operator,96
covariance,96
fdc,96
vegetables,96
voiding,96
evoked,96
ensure,96
valuable,96
enrolment,96
mucosa,96
axial,96
special,95
diverse,95
personalized,95
consists,95
labour,95
fibrinogen,95
sugar,95
pta,95
modifying,95
detectable,95
far,95
alterations,95
levodopa,95
satisfactory,95
lymphocyte,95
limitation,95
gabapentin,95
binge,95
fashion,95
odi,95
coefficients,94
saliva,94
marrow,94
isometric,94
anal,94
cta,94
distributed,94
arginine,94
numeric,94
battery,94
facility,94
wounds,94
oxidation,94
solving,94
variety,94
nhs,94
univariate,94
elimination,94
contralateral,94
segments,94
obvious,94
close,94
scenario,94
colony,94
computerized,94
attack,94
activator,93
recurrences,93
suicidal,93
cas,93
microvascular,93
amounts,93
ethanol,93
finger,93
adaptation,93
responsive,93
resident,93
evening,93
correlates,93
elisa,93
preclinical,93
thrombocytopenia,93
apparently,93
unadjusted,93
principal,93
inhibitory,93
sixteen,93
mph,93
green,93
diagnoses,93
therapists,93
inactive,93
opportunity,93
aripiprazole,93
great,92
proof,92
freedom,92
positioning,92
fsh,92
attentional,92
curriculum,92
isolation,92
couples,92
quantify,92
objectively,92
depending,92
ham,92
animals,92
lns,92
monoclonal,92
toxic,92
allergy,92
uncertainty,92
leakage,92
serve,92
suboptimal,92
thrombolysis,92
visceral,92
pcos,92
virological,92
insurance,92
percentages,92
mixture,92
ripc,92
broad,92
deprivation,92
ipilimumab,91
covered,91
surgeries,91
apixaban,91
ards,91
phenotype,91
anaesthetic,91
understood,91
sunitinib,91
syndromes,91
ward,91
pasi,91
operations,91
restenosis,91
inappropriate,91
relevance,91
progress,91
hence,91
resin,91
filter,91
mace,91
arteries,91
characterize,91
severely,91
nervous,91
personality,91
clarithromycin,91
possibility,91
already,91
lapatinib,90
focal,90
incentives,90
unaffected,90
czp,90
assist,90
auricular,90
color,90
institution,90
prevents,90
running,90
chlorhexidine,90
sports,90
prenatal,90
supine,90
discussion,90
tramadol,90
centrally,90
mitral,90
immunotherapy,90
chamber,90
table,90
throat,90
violence,90
ethics,90
instructed,90
molar,90
androgen,90
buprenorphine,90
developmental,90
consuming,90
denosumab,90
cpt,90
paroxysmal,90
forearm,90
york,90
wbv,89
adenocarcinoma,89
antipsychotic,89
operated,89
creatine,89
comprising,89
pill,89
vessels,89
sperm,89
literacy,89
nail,89
acne,89
dentin,89
anesthesiologists,89
season,89
oxycodone,89
dapagliflozin,89
nafld,89
gut,89
defect,89
correlate,89
tone,89
cutaneous,89
stand,88
attributed,88
route,88
indications,88
voluntary,88
dbs,88
grip,88
candidates,88
assistance,88
lines,88
incisional,88
inhaler,88
categorized,88
package,88
inspiratory,88
prn,88
sit,88
angiographic,88
spss,88
manage,88
eccentric,88
workplace,88
chf,88
antimicrobial,88
margins,88
created,88
posttraumatic,88
format,87
emtricitabine,87
predominantly,87
plane,87
nonsignificant,87
fpg,87
omeprazole,87
fumarate,87
squamous,87
doxorubicin,87
harm,87
film,87
favourable,87
simultaneous,87
quartile,87
module,87
reminders,87
bdi,86
pneumococcal,86
tension,86
susceptibility,86
wearing,86
incentive,86
laparoscopy,86
sparing,86
endogenous,86
transfusions,86
prepared,86
triage,86
roc,86
located,86
cardiometabolic,86
positions,86
physically,86
complaints,86
responsible,86
gastrectomy,86
tvt,86
cured,86
mcg,86
species,86
dermatitis,86
contribution,86
timi,86
german,86
scr,86
protect,86
multimodal,86
subjected,86
nights,85
layer,85
adjuvanted,85
dopamine,85
hands,85
refractive,85
mas,85
aggressive,85
complicated,85
signals,85
ivf,85
leptin,85
ala,85
delivering,85
elements,85
supervision,85
reproductive,85
promise,85
former,85
tap,85
percentile,85
willingness,85
womac,85
immunity,84
observations,84
introduction,84
mbsr,84
habits,84
zero,84
initiating,84
readiness,84
centered,84
assays,84
reflect,84
brace,84
incorporating,84
vary,84
tracking,84
hydroxyvitamin,84
synthesis,84
cyclophosphamide,84
departments,84
sutures,84
multilevel,84
infliximab,84
confounders,84
aml,84
conclude,84
pregnancies,84
epidermal,84
progesterone,84
lps,84
flexibility,84
isrctn,84
afatinib,84
intramedullary,83
practitioner,83
polymerase,83
determinants,83
seroconversion,83
vigorous,83
homocysteine,83
evaluates,83
mobilization,83
called,83
pcs,83
aldosterone,83
lunch,83
ethnic,83
recruit,83
adipose,83
juice,83
fourteen,83
mps,83
uric,83
eighteen,83
sides,83
trunk,83
leak,83
sources,83
probable,83
conjunctival,83
methylprednisolone,83
tendon,82
modules,82
avoidance,82
cardiomyopathy,82
empagliflozin,82
sem,82
commercial,82
astigmatism,82
peep,82
teams,82
diaries,82
robotic,82
anatomic,82
forward,82
applications,82
innovative,82
hemodynamics,82
receptors,82
proton,82
cooling,82
angioplasty,82
conflict,82
olive,82
contraception,82
plantar,82
grades,82
estimation,82
vertical,82
gap,82
axillary,82
cystic,82
tendency,82
gram,82
caesarean,82
attrition,82
folate,82
pharmaceutical,81
societal,81
histological,81
antiviral,81
rfa,81
stop,81
widespread,81
introduced,81
recordings,81
korean,81
detecting,81
iud,81
canal,81
adhesive,81
compares,81
style,81
issue,81
orr,81
glucocorticoid,81
rfs,81
loop,81
sod,81
cooperative,81
denmark,81
sensor,81
polymorphism,81
hydrochlorothiazide,81
nsaid,80
clustering,80
sent,80
prolapse,80
coated,80
gave,80
letter,80
doctors,80
subtype,80
irradiation,80
histology,80
rankin,80
ideal,80
vancomycin,80
intranasal,80
ras,80
pathogenesis,80
sci,80
rbc,80
biliary,80
ocd,80
pvi,80
electric,80
oswestry,80
switching,80
expenditure,80
comorbid,80
micronutrient,80
grafts,80
whey,80
geriatric,80
nutrient,80
silicone,80
cytology,80
stepped,80
termination,80
hyperactivity,79
routinely,79
eudract,79
rare,79
dominant,79
neurocognitive,79
standards,79
suppressed,79
sequences,79
sugammadex,79
slight,79
productivity,79
press,79
hormones,79
rats,79
svr,79
adenosine,79
dysphagia,79
worst,79
addressed,79
alternate,79
echocardiographic,79
nodes,79
accounting,79
reflected,79
crossed,79
raised,79
weighing,78
adequately,78
somatic,78
sudden,78
spherical,78
adt,78
mmp,78
reality,78
situ,78
client,78
impairments,78
chromatography,78
validate,78
superficial,78
losartan,78
inverse,78
restoration,78
durable,78
presents,78
consequently,78
hormonal,78
babies,78
panss,78
revised,78
rigid,78
fistula,78
autonomic,78
direction,78
compartment,78
bundle,78
danish,78
antidepressants,78
changing,77
frontal,77
emg,77
game,77
clarify,77
retrospectively,77
inr,77
attitude,77
aneurysm,77
orthopedic,77
ideg,77
affiliated,77
foam,77
utilized,77
methodology,77
priming,77
imt,77
ast,77
safer,77
audit,77
costly,77
held,77
integrity,77
lifetime,77
scarce,77
desflurane,77
esteem,77
perinatal,77
chewing,77
methylation,77
nevertheless,77
cardiorespiratory,77
plans,77
mediterranean,77
shape,77
navigation,76
households,76
disturbance,76
tac,76
restorations,76
dioxide,76
submitted,76
gdm,76
logmar,76
extremely,76
kinetics,76
atv,76
placental,76
snps,76
clonidine,76
investigational,76
strengthening,76
select,76
fmri,76
nct,76
hypoglycemic,76
newborn,76
check,76
resolved,76
neovascular,76
qalys,76
sad,76
relieve,76
venlafaxine,75
discharged,75
arousal,75
dropout,75
union,75
vte,75
pedicle,75
proteinuria,75
missed,75
prefrontal,75
viable,75
zoledronic,75
investigations,75
enhances,75
tape,75
drinkers,75
adoption,75
accordance,75
microscopy,75
cue,75
linagliptin,75
optimize,75
fibromyalgia,75
sling,75
viewed,75
transcatheter,75
actions,75
laryngoscopy,75
intergroup,75
norepinephrine,75
mra,75
confirmation,75
lumen,75
tourniquet,75
compressions,75
inpatients,75
abc,75
lithium,75
swallowing,75
static,75
disturbances,75
sufentanil,75
addiction,74
ctc,74
floor,74
habitual,74
glycemia,74
cea,74
kvp,74
srp,74
moxifloxacin,74
burn,74
metoclopramide,74
probe,74
propranolol,74
enamel,74
decompression,74
typical,74
ssi,74
gradually,74
letrozole,74
polyps,74
dissemination,74
mannitol,74
icc,74
conducting,74
readmission,74
drawn,74
sga,74
emerging,74
beverage,74
compound,74
reflex,74
kappa,74
addressing,74
panel,74
unstable,73
mail,73
propensity,73
toric,73
instillation,73
buccal,73
diminished,73
eastern,73
preschool,73
paediatric,73
emerged,73
standardised,73
signaling,73
clbp,73
excitability,73
folic,73
receipt,73
esr,73
infused,73
eortc,73
radiographs,73
correctly,73
nephropathy,73
relieving,73
england,73
nested,73
followup,73
defibrillator,73
scanning,73
offspring,73
views,73
saturated,73
scientific,73
port,73
contributes,73
recording,73
cleansing,73
cannulation,73
artificial,73
pack,73
opportunities,73
tiv,73
microbiota,73
recognized,73
fresh,73
facilitated,72
madrs,72
etc,72
optimization,72
conclusions,72
pair,72
user,72
conditioning,72
assessors,72
candidate,72
filled,72
composed,72
prone,72
otherwise,72
slower,72
villages,72
urgent,72
east,72
million,72
clamping,72
haemorrhage,72
storage,72
sucrose,72
elicited,72
prompt,72
pedometer,72
enzymes,72
achieves,72
los,72
equivalence,72
comorbidity,72
agreed,72
interface,72
sick,72
probing,71
contamination,71
methylphenidate,71
nsaids,71
taping,71
colonic,71
pwv,71
quantity,71
asia,71
laryngoscope,71
schedules,71
psychoeducation,71
gfr,71
mpa,71
proliferation,71
expansion,71
persistence,71
protease,71
bile,71
players,71
novo,71
turnover,71
diuretic,71
impacted,71
determining,71
interviewed,71
smart,71
particle,71
edoxaban,71
gerd,71
amiodarone,71
thigh,71
pmol,71
dilatation,71
ppd,71
sec,71
braf,71
opposite,71
reuptake,71
define,71
subtypes,71
rocuronium,70
glass,70
periodontitis,70
eleven,70
sedative,70
dimension,70
consented,70
azithromycin,70
allopurinol,70
competence,70
focusing,70
transport,70
disclosure,70
flare,70
coordination,70
modafinil,70
interpretation,70
egg,70
follicular,70
nocturia,70
hunger,70
hypoglycaemia,70
desire,70
caloric,70
topiramate,70
effort,70
disabilities,70
etanercept,70
induces,70
hrs,70
teriparatide,70
bivalirudin,70
traction,70
renin,70
synthetic,70
condom,70
morphology,70
withdrew,70
produces,70
brushing,70
allowing,70
thromboembolism,70
cystatin,70
isoflurane,69
spironolactone,69
stigma,69
stomach,69
usefulness,69
sympathetic,69
psg,69
dyspepsia,69
networks,69
equation,69
endocrine,69
exceeded,69
producing,69
racial,69
gamma,69
chance,69
cutting,69
sampled,69
apolipoprotein,69
favour,69
prevented,69
example,69
rheumatology,69
eat,69
measurable,69
cement,69
bpd,69
apoptosis,69
congenital,69
responding,69
seventeen,69
feeling,69
averaged,69
dash,69
instead,69
zone,69
plasminogen,69
borderline,69
inserted,69
mapping,69
torque,69
sun,69
culturally,69
attend,68
regulating,68
seasonal,68
differentiation,68
always,68
absorptiometry,68
gauge,68
spectrometry,68
preceding,68
prosthesis,68
polyethylene,68
deb,68
america,68
weakness,68
instrumental,68
disoproxil,68
maneuver,68
sense,68
hypertrophy,68
trait,68
anticipated,68
physiologic,68
apical,68
pulsed,68
tailoring,68
extracted,68
employees,68
crystalloid,68
ctx,68
ventilatory,68
txa,68
autism,68
polysomnography,68
favored,68
beats,68
causing,68
ligament,68
ointment,68
ancova,68
origin,67
enoxaparin,67
latino,67
crm,67
accelerometer,67
abilities,67
plain,67
sound,67
recruiting,67
shortening,67
promoted,67
job,67
stabilization,67
pla,67
verified,67
sofosbuvir,67
influencing,67
accumulation,67
shortened,67
predicts,67
atropine,67
pleural,67
cpm,67
emotion,67
tertile,67
castration,67
minimize,67
premedication,67
hscrp,67
hematocrit,67
docosahexaenoic,67
turn,67
cholecalciferol,67
salvage,67
robot,67
phosphorus,67
ultra,67
citalopram,67
easily,67
english,67
blinding,67
falciparum,67
medically,67
reviews,67
undertook,67
partly,67
aureus,67
needles,66
unlikely,66
hemostasis,66
genital,66
accounted,66
rehospitalization,66
smartphone,66
gross,66
cultures,66
funding,66
intolerance,66
saxagliptin,66
atopic,66
trigger,66
suspension,66
surrogate,66
arrival,66
began,66
modulate,66
expectations,66
scars,66
febrile,66
pharmacodynamics,66
glutamine,66
district,66
circumferential,66
sign,66
ketorolac,66
intrathecal,66
crs,65
hdrs,65
mucositis,65
cat,65
hbsag,65
beck,65
consideration,65
socio,65
strongest,65
faculty,65
oab,65
tears,65
physiology,65
gnrh,65
imrt,65
ect,65
adjacent,65
representative,65
ring,65
psychosis,65
mononuclear,65
vildagliptin,65
transmitted,65
pharmacologic,65
nodules,65
examines,65
injured,65
besides,65
kingdom,65
spirometry,65
nuclear,65
calculate,65
hematoma,65
lithotripsy,65
asthmatic,65
attenuate,65
blocking,65
urethral,65
aspartate,65
principles,65
vocal,65
mci,65
path,65
menacwy,65
faecal,65
bearing,65
encouraged,65
preservation,65
regurgitation,65
hyperbaric,64
prk,64
consultations,64
dosages,64
cutoff,64
neuropsychiatric,64
terminated,64
carers,64
toothbrush,64
recovered,64
allograft,64
occasions,64
attainment,64
cartilage,64
gingivitis,64
signed,64
neuropathic,64
mvpa,64
levosimendan,64
enrolling,64
metoprolol,64
ophthalmic,64
harmful,64
uncorrected,64
supply,64
methadone,64
waitlist,64
injectable,64
stratum,64
rotator,64
distraction,64
theoretical,64
alleviate,64
latent,64
photographs,64
apob,64
caucasian,64
subclinical,64
applying,64
subcutaneously,64
conduction,64
alliance,64
ventilated,64
displaced,64
etv,64
frailty,64
dutasteride,64
extend,64
prescriptions,64
immunoglobulin,64
losses,64
pearson,64
suffered,64
feed,64
lmwh,64
ways,64
perforation,64
california,64
epidemiological,64
progressed,63
lutein,63
institutions,63
embedded,63
polyunsaturated,63
nitrite,63
snack,63
colitis,63
kpa,63
slope,63
satiety,63
marginally,63
exenatide,63
ace,63
dependency,63
consenting,63
link,63
formal,63
visible,63
apply,63
antagonists,63
vulnerable,63
gland,63
chictr,63
hierarchical,63
crucial,63
dengue,63
contacts,63
spain,63
lng,63
cho,63
fine,63
sexually,63
pharmacist,63
fell,63
fifth,63
exposures,63
fluoxetine,63
abt,63
adenoma,63
designs,63
isotonic,63
italy,63
translate,62
offering,62
deficient,62
calves,62
pass,62
motility,62
tonsillectomy,62
reoperation,62
scaling,62
plays,62
leukemia,62
com,62
ice,62
reflecting,62
suffer,62
agonists,62
overcome,62
hdm,62
tachycardia,62
immunosuppression,62
revision,62
convenience,62
resynchronization,62
lamivudine,62
affective,62
modes,62
haart,62
get,62
med,62
umbilical,62
airways,62
relapsing,62
plant,62
intense,62
metronidazole,62
smoked,62
ppt,62
preconditioning,62
brazil,62
consolidation,62
reinforcement,62
indicator,62
viewing,62
medicines,62
mrsa,62
algorithms,62
vector,62
abdomen,62
word,62
urgency,61
vibration,61
amongst,61
carvedilol,61
rcts,61
workload,61
indian,61
disparities,61
esomeprazole,61
antigens,61
concordance,61
ended,61
pharmacy,61
sponge,61
eczema,61
commitment,61
pay,61
favoring,61
sport,61
encephalopathy,61
scheme,61
quantification,61
permeability,61
acetylcysteine,61
diode,61
nonsurgical,61
sap,61
infancy,61
clearly,61
leaflet,61
discussions,61
euroqol,61
deemed,61
saes,61
bound,61
incorporated,61
hbeag,61
peritoneal,61
stopping,61
exit,61
gastroesophageal,61
naltrexone,61
uses,61
modify,61
soc,61
pathologic,61
hamd,61
representing,61
residential,61
audio,61
likert,60
inadequately,60
insignificant,60
appliance,60
localized,60
attempted,60
additive,60
variant,60
encourage,60
blue,60
gad,60
ivr,60
sciences,60
deferred,60
rationale,60
hla,60
absent,60
uti,60
encouraging,60
tyrosine,60
pazopanib,60
principle,60
warming,60
olanzapine,60
epi,60
etiology,60
selenium,60
interviewing,60
sickness,60
dec,60
ontario,60
implicated,60
moderated,60
attacks,60
military,60
alignment,60
dummy,60
immunosorbent,60
anodal,60
app,60
loaded,60
comparator,60
rotavirus,60
unable,60
arrhythmia,60
ipsilateral,60
disabling,60
felt,60
ips,60
qlq,60
nab,60
polyphenol,60
proficiency,60
adjustments,60
oesophageal,60
perspectives,60
montelukast,60
nov,60
ipc,60
verify,59
qualified,59
false,59
crohn,59
forming,59
melasma,59
dysmenorrhea,59
psqi,59
adiposity,59
psychometric,59
golimumab,59
marital,59
interruption,59
pollen,59
pes,59
alongside,59
giving,59
tai,59
radiologists,59
limbs,59
highlight,59
norms,59
serving,59
enable,59
sections,59
permuted,59
biomechanical,59
risky,59
exclusively,59
migration,59
consecutively,59
exchange,59
elastic,59
delays,59
thrombus,59
hybrid,59
orthodontic,59
immunological,59
simplified,59
ipt,59
iga,59
phacoemulsification,59
ranges,59
digoxin,59
owing,59
emission,59
considerably,59
surfaces,59
adv,59
commercially,58
hypotheses,58
unexpected,58
mice,58
semen,58
sprint,58
dyads,58
ingested,58
implantable,58
pathogens,58
awake,58
read,58
display,58
government,58
platelets,58
immunodeficiency,58
exam,58
intrauterine,58
infertility,58
tha,58
conjunction,58
dbt,58
phosphatase,58
retrograde,58
warrant,58
inducing,58
trust,58
symptomatology,58
capture,58
sept,58
disposable,58
teaes,58
cilostazol,58
eicosapentaenoic,58
universal,58
vasopressin,58
hospitalisation,58
mbct,58
umec,58
fire,58
infrared,58
transcutaneous,58
initiative,58
transurethral,58
mediating,58
ineffective,58
dyslipidemia,58
inconsistent,58
situations,58
aflibercept,58
releasing,58
alive,58
situation,58
too,57
scalp,57
lesser,57
sweden,57
dme,57
incisions,57
ascending,57
mal,57
hsv,57
competitive,57
boost,57
create,57
micro,57
engaged,57
obtaining,57
messaging,57
proper,57
isokinetic,57
restrictive,57
sirolimus,57
spectral,57
arr,57
stromal,57
cop,57
perineal,57
relatives,57
isoniazid,57
intracerebral,57
dynamics,57
confounding,57
beverages,57
aiming,57
science,57
caudal,57
displacement,57
telaprevir,57
psycho,57
null,57
ideation,57
appointments,57
erythropoietin,57
onabotulinumtoxina,57
albendazole,57
wash,57
formed,57
ctr,57
transverse,57
digestive,57
anorexia,57
mitochondrial,57
investigates,57
veins,57
visualization,57
contributing,57
nucleotide,57
bronchiolitis,56
trajectory,56
hfpef,56
spect,56
box,56
myopic,56
input,56
request,56
carriers,56
expensive,56
imputation,56
choroidal,56
updrs,56
bronchodilator,56
alteplase,56
struts,56
nitrous,56
readers,56
esrd,56
spot,56
plexus,56
indacaterol,56
glutathione,56
iterative,56
lip,56
endemic,56
bronchoscopy,56
dimer,56
weaning,56
moment,56
cmv,56
iief,56
rhinosinusitis,56
feature,56
sciatic,56
senior,56
faces,56
hypopnea,56
worsened,56
leisure,56
processed,56
iran,56
regularly,56
colonization,56
lllt,56
modulated,56
rabeprazole,56
portal,56
modifications,56
evolocumab,55
prehospital,55
mmr,55
convenient,55
ibd,55
facilitation,55
dpp,55
spearman,55
reveal,55
taste,55
propose,55
nineteen,55
emulsion,55
nrt,55
geographic,55
prostaglandin,55
spa,55
zusanli,55
themselves,55
lasik,55
undetectable,55
systematically,55
yag,55
fasted,55
malnutrition,55
arb,55
iib,55
discuss,55
pure,55
tremor,55
baby,55
interpersonal,55
lpv,55
unresectable,55
involves,55
amlodipine,55
libitum,55
themes,55
defecation,55
appendectomy,55
cone,55
reserve,55
approached,55
hypersensitivity,55
lessons,55
nivolumab,55
wbc,55
hamstring,55
savings,55
hrql,55
postdose,55
mailed,55
choose,55
nitrogen,55
fellow,55
molecule,55
converting,55
kit,55
beam,55
expanded,55
duloxetine,55
branch,55
cxl,55
annually,54
ligation,54
thoracotomy,54
concluded,54
biofeedback,54
horizontal,54
hepatocellular,54
lobectomy,54
feelings,54
eosinophilic,54
decoction,54
multicomponent,54
thrice,54
alkaline,54
rarely,54
cse,54
variceal,54
ais,54
pcv,54
strata,54
nebulized,54
transdermal,54
histologically,54
esd,54
ginger,54
numerous,54
deposition,54
tranexamic,54
alcoholic,54
timely,54
hegu,54
completers,54
clients,54
multinational,54
korea,54
doctor,54
france,54
complement,54
implicit,54
hepatectomy,54
meta,54
gradient,54
jan,54
rice,54
advance,54
mind,54
prostatectomy,54
prolongation,54
nonresponders,54
isolates,54
promotes,54
ambulation,54
french,54
contents,54
existed,54
panitumumab,54
plastic,54
spread,54
septal,53
imagery,53
cnr,53
ors,53
utilizing,53
toothpaste,53
blacks,53
technologies,53
words,53
aqueous,53
nonoperative,53
chart,53
converted,53
moderators,53
pod,53
anticoagulant,53
mct,53
acth,53
attachment,53
portion,53
retrieved,53
ercp,53
spanish,53
microbiological,53
trainer,53
documentation,53
comfortable,53
snb,53
seed,53
stepwise,53
tgf,53
wellbeing,53
obstetric,53
prematurely,53
leucovorin,53
pasireotide,53
applicable,53
weak,53
elucidate,53
bes,53
penetration,53
ecog,53
substitution,53
uninfected,53
coded,53
strokes,53
performances,53
laparotomy,53
readmissions,53
sore,53
conflicting,53
transit,53
heterogeneity,53
malignancies,53
namely,53
parathyroid,53
hydrocortisone,53
phenylephrine,53
superoxide,53
saphenous,53
sal,53
irinotecan,53
futility,53
meridian,53
preparations,52
inactivity,52
exemestane,52
native,52
mcs,52
trc,52
pacu,52
clean,52
experiments,52
dulaglutide,52
histologic,52
acts,52
multifaceted,52
automatic,52
adhf,52
feb,52
intrinsic,52
fess,52
turp,52
insights,52
pigs,52
visited,52
willing,52
twin,52
sonography,52
tomographic,52
expectant,52
acupressure,52
meditation,52
policies,52
reasonable,52
adherent,52
accrual,52
mastectomy,52
tertiles,52
acetazolamide,52
caf,52
unhealthy,52
tandem,52
transcriptase,52
substrate,52
dapt,52
everyday,52
microbial,52
restored,52
seroma,52
raw,52
tapentadol,52
granule,52
insufflation,52
ulcerative,52
increment,52
morbidities,52
reversal,52
birthweight,52
aprepitant,52
consume,52
rrt,52
meat,52
facilitators,52
helicobacter,52
sharp,52
unnecessary,52
break,52
pharmacists,52
bpi,52
mrs,52
osteotomy,52
detrimental,52
grouped,52
experts,52
wider,52
surviving,52
oocyte,52
engaging,52
rinse,52
efs,52
bont,52
quitting,52
inner,52
subsets,52
swedish,52
conjugate,51
dense,51
frozen,51
appointment,51
tongue,51
packing,51
patches,51
phq,51
tlr,51
lingual,51
plateau,51
childbirth,51
kept,51
wake,51
cwi,51
cryotherapy,51
orthopaedic,51
bimatoprost,51
interstitial,51
mic,51
susceptible,51
coupled,51
singleton,51
mediation,51
province,51
hyperkalemia,51
mayo,51
exhaled,51
acutely,51
cart,51
videos,51
search,51
nyha,51
believed,51
sealant,51
glucocorticoids,51
pivotal,51
explicit,51
relapsed,51
precision,51
canine,51
dog,51
window,51
hypoxic,51
empirical,51
colloid,51
snr,51
phototherapy,51
herniation,51
luts,51
temporary,50
bmt,50
prostheses,50
declines,50
onto,50
aorta,50
pai,50
closely,50
represented,50
ntx,50
pcnl,50
give,50
ivb,50
volar,50
fertility,50
analyse,50
steel,50
administering,50
abstinent,50
thirteen,50
compromising,50
haq,50
omt,50
suggestive,50
urge,50
imiquimod,50
collaboration,50
methyl,50
oocytes,50
diffusion,50
pocket,50
fructose,50
tofacitinib,50
healed,50
tms,50
predominant,50
glycopyrronium,50
demands,50
originally,50
sleeping,50
tof,50
atherosclerotic,50
ich,50
falling,50
nppv,50
screws,50
specimen,50
pts,50
duct,50
carbamazepine,50
biologic,50
headaches,50
uncovered,50
abiraterone,50
fluticasone,50
strengths,50
paradigm,50
arch,50
olfactory,50
telemedicine,50
lopinavir,50
teacher,50
tirofiban,50
echo,50
rose,50
thc,50
look,50
tpa,50
reward,50
amg,50
frail,49
relating,49
rtog,49
advised,49
qrs,49
armed,49
learned,49
relapses,49
folfiri,49
accurately,49
digit,49
nih,49
poststroke,49
shivering,49
bronchial,49
wards,49
psychopathology,49
ppis,49
hpa,49
triamcinolone,49
alternatives,49
recession,49
description,49
repetition,49
allogeneic,49
wheezing,49
iiia,49
dermal,49
drivers,49
classic,49
locations,49
iiib,49
inhibit,49
circumcision,49
hard,49
ogtt,49
dvt,49
ghrelin,49
trajectories,49
parts,49
inexpensive,49
adversely,49
bicarbonate,49
immobilization,49
aspect,49
ordinal,49
house,49
unplanned,49
classroom,49
degenerative,49
fulfilled,49
answer,49
ahr,49
celecoxib,49
offset,49
scd,49
overactive,49
exertion,49
persist,49
sas,49
operators,49
absorbable,49
opinion,49
timolol,49
mentioned,49
surfactant,49
carbonate,49
vka,49
sized,49
adrenergic,49
liter,49
generate,49
aneurysms,49
pss,49
seemed,49
hit,49
pen,48
starch,48
simeprevir,48
meter,48
surgically,48
intensification,48
west,48
exon,48
telemonitoring,48
physiotherapist,48
importantly,48
impressions,48
extensor,48
housing,48
uganda,48
archived,48
grain,48
rater,48
modelling,48
ringer,48
cds,48
retest,48
ovulation,48
seated,48
prolong,48
sequencing,48
vap,48
hcg,48
brush,48
mgkg,48
transferred,48
durations,48
apap,48
microg,48
shunt,48
dismutase,48
tia,48
nonsteroidal,48
spectroscopy,48
ground,48
assistant,48
meloxicam,48
ctni,48
wore,48
cts,48
pros,48
malondialdehyde,48
explanation,48
hourly,48
levofloxacin,48
heroin,48
accessible,48
posture,48
comprehension,48
ili,48
examiner,48
qmax,48
mmc,48
fes,48
vitamins,48
cni,48
ever,48
femur,48
denervation,48
lymphadenectomy,48
efficacies,48
regarded,48
albiglutide,48
salbutamol,48
modern,48
maps,48
aggression,48
nodal,48
weights,48
bag,48
taught,48
structures,48
neostigmine,48
cpvi,47
crest,47
bradycardia,47
raise,47
differentially,47
illnesses,47
oedema,47
bare,47
appendicitis,47
pst,47
liberal,47
unblinded,47
refraction,47
rbv,47
fev,47
nihss,47
regards,47
soccer,47
hypercholesterolemia,47
classical,47
protected,47
popular,47
cog,47
sti,47
ess,47
esophagitis,47
sle,47
exclusive,47
expectancy,47
volumetric,47
intravascular,47
licensed,47
lorazepam,47
endothelin,47
channel,47
intubated,47
spleen,47
replicated,47
triclosan,47
radius,47
saharan,47
fibrin,47
calculation,47
ventricle,47
enroll,47
pufas,47
grass,47
rising,47
pcp,47
dlpfc,47
chose,47
electrode,47
contacted,47
membranes,47
makes,47
operatively,47
gonadotropin,47
construct,47
habit,47
glycosylated,47
normalization,47
tcz,47
statistic,47
altitude,47
adjudicated,47
attenuates,47
involve,47
misuse,47
reproducibility,47
categorical,47
bifidobacterium,47
imatinib,47
bifurcation,47
amitriptyline,47
neutrophils,47
fluorescein,47
parametric,47
stored,47
breathlessness,46
cleaning,46
pop,46
aluminum,46
tmax,46
ministry,46
ldx,46
recipient,46
glycoprotein,46
rigorous,46
thoracoscopic,46
desirable,46
micronutrients,46
regulated,46
monocyte,46
rifampicin,46
specialists,46
qigong,46
effusion,46
invitation,46
bland,46
calcification,46
patching,46
attained,46
multisite,46
atazanavir,46
lavage,46
differentiated,46
northern,46
ngal,46
warrants,46
compounds,46
gip,46
mirror,46
covariate,46
irritable,46
nondiabetic,46
intestine,46
threatening,46
heartburn,46
inactivated,46
company,46
neoplasia,46
prothrombin,46
cultural,46
readings,46
ethical,46
junction,46
carriage,46
observers,46
blocked,46
nordic,46
filtered,46
sui,46
delta,46
ttp,46
bond,46
fugl,46
rem,46
remitting,46
nnrti,46
meyer,46
doxycycline,46
immunosuppressive,46
electro,46
salmeterol,46
transporter,46
maximize,46
lipoproteins,46
pct,46
optimum,46
tubes,46
chair,46
forces,46
her,46
prf,46
translational,46
lenalidomide,46
diurnal,46
facilitating,46
repetitions,46
fgf,46
olds,46
larc,45
irbesartan,45
mac,45
train,45
births,45
rupture,45
bpm,45
prime,45
mcrc,45
ttm,45
vlbw,45
lay,45
informal,45
listening,45
biweekly,45
jump,45
snot,45
genotyped,45
invasion,45
gleason,45
discontinuations,45
adrenal,45
document,45
hypertonic,45
contrary,45
peers,45
bispectral,45
door,45
follicle,45
staphylococcus,45
locking,45
numerically,45
webcite,45
thirds,45
why,45
priority,45
congestive,45
polycystic,45
unfavorable,45
fingolimod,45
deviations,45
minimisation,45
primed,45
epo,45
versions,45
hypothesised,45
rifabutin,45
alleles,45
raters,45
reconstructed,45
qtc,45
tug,45
round,45
exploring,45
southern,45
optic,45
meetings,45
urate,45
catgut,45
inhibits,45
carpal,45
volunteer,45
msm,45
iols,45
cnv,45
lam,45
pills,45
hypoxemia,45
roles,45
valsartan,45
psychomotor,45
mammography,45
flatus,45
pharmaceuticals,45
suction,45
ureteral,45
conversely,45
smooth,45
modulating,45
extracorporeal,45
touch,45
anesthetized,45
ascorbic,45
photodynamic,44
plt,44
stretch,44
sequentially,44
btx,44
readily,44
worker,44
evar,44
gloves,44
fitted,44
homeless,44
thromboembolic,44
electromyography,44
immunogenic,44
glasgow,44
historical,44
leukocyte,44
expressing,44
ceftriaxone,44
aware,44
atenolol,44
agency,44
ind,44
leaders,44
titer,44
married,44
dabrafenib,44
elasticity,44
replaced,44
syringe,44
altman,44
pcps,44
cardiology,44
nnt,44
cbd,44
itself,44
compromise,44
stools,44
fruits,44
dyspnoea,44
epidemiologic,44
precise,44
switzerland,44
bbs,44
gray,44
premenopausal,44
sea,44
woman,44
environments,44
npc,44
ultimately,44
vitality,44
stroop,44
fulvestrant,44
reversible,44
int,44
somnolence,44
universities,44
lansoprazole,44
irisin,44
pathophysiology,44
aza,44
bariatric,44
code,44
dosed,44
resorption,44
paliperidone,44
sgrq,44
mutant,44
armodafinil,44
iris,44
norway,44
electrocardiogram,44
palmitate,44
psoriatic,44
lymphocytes,44
routes,44
pap,44
intradermal,44
gelatin,44
trp,44
cardioverter,43
serotypes,43
rtp,43
traditionally,43
tolerable,43
leaving,43
preintervention,43
wire,43
hydrogen,43
nuts,43
adas,43
exhibit,43
trabeculectomy,43
glue,43
peanut,43
resected,43
lactic,43
establishing,43
nerves,43
ulinastatin,43
neurodevelopmental,43
dorsal,43
modestly,43
nervosa,43
menopause,43
pds,43
deleterious,43
coil,43
phenotypes,43
learn,43
games,43
gout,43
actually,43
quickly,43
srt,43
subcuticular,43
transvaginal,43
temperatures,43
filling,43
depletion,43
ageing,43
contractions,43
ferrous,43
hypocaloric,43
neuroprotective,43
antipsychotics,43
consequence,43
barthel,43
vaccinations,43
hemorrhagic,43
exploration,43
requested,43
ovary,43
equipment,43
decompensated,43
epithelium,43
pittsburgh,43
nose,43
enzalutamide,43
phenylalanine,43
itching,43
taxane,43
evla,43
prove,43
icus,43
pah,43
orientation,43
efficiently,43
sct,43
meaning,43
portable,43
competency,43
intensified,43
whites,43
attractive,43
feno,43
pacemaker,43
organizational,42
interobserver,42
anesthetics,42
ebus,42
elevations,42
marijuana,42
segmental,42
emphysema,42
rifaximin,42
nebivolol,42
becoming,42
uncommon,42
omalizumab,42
multifocal,42
nbi,42
nonspecific,42
updated,42
immunologic,42
labeled,42
unaware,42
thin,42
interested,42
procalcitonin,42
bdnf,42
sagittal,42
adolescence,42
poaf,42
parity,42
periprocedural,42
preload,42
hydroxy,42
encountered,42
benefited,42
consciousness,42
verapamil,42
savr,42
drive,42
belief,42
causal,42
concealed,42
claudication,42
rtx,42
broader,42
inhibited,42
county,42
reasoning,42
kenya,42
snp,42
quasi,42
boluses,42
casein,42
ranolazine,42
helps,42
speaking,42
obsessive,42
priori,42
print,42
aphasia,42
collect,42
subarachnoid,42
manikin,42
thrombectomy,42
hemostatic,42
positivity,42
granulocyte,42
ufh,42
pancreas,42
seek,42
coughing,42
endotoxin,42
intensities,41
thrombin,41
peritonitis,41
tobramycin,41
pneumothorax,41
aug,41
pcc,41
bronchiectasis,41
visually,41
burst,41
affinity,41
ros,41
pef,41
igt,41
interpreted,41
studying,41
oxford,41
rule,41
lid,41
till,41
bovine,41
visibility,41
stair,41
coffee,41
flea,41
marketed,41
npi,41
etoposide,41
aberrations,41
empowerment,41
maternity,41
dryness,41
maturation,41
pco,41
vocational,41
restraint,41
intima,41
voltage,41
handgrip,41
coprimary,41
rectus,41
embolization,41
diazepam,41
sustainability,41
actively,41
fathers,41
lives,41
norm,41
transcription,41
schirmer,41
frame,41
fdg,41
sequelae,41
projection,41
femtosecond,41
cardioversion,41
das,41
ameliorate,41
vldl,41
friends,41
physiotherapists,41
sevelamer,41
eosinophil,41
quick,41
reliably,41
assumed,41
staging,41
answered,41
sterile,41
multidimensional,41
linkage,41
cornea,41
abatacept,41
embryos,41
neutralizing,41
mexico,41
activating,41
osteoporotic,41
worry,41
shen,41
delaying,41
regime,41
custom,41
longest,41
revascularisation,41
nacl,41
demonstration,41
gadolinium,41
mdct,41
handling,41
inh,41
transfused,41
individualised,41
hysteroscopy,41
parasite,41
unified,40
lists,40
highlights,40
dressings,40
hyperemia,40
volatile,40
gallbladder,40
specialized,40
circadian,40
icbt,40
bloodletting,40
programming,40
icp,40
compulsive,40
untrained,40
artesunate,40
pterygium,40
abi,40
radiography,40
poisson,40
gradual,40
guidewire,40
amygdala,40
bdp,40
isocaloric,40
mono,40
particles,40
fluids,40
charts,40
methodological,40
flexor,40
blunt,40
feet,40
exert,40
regulate,40
concentric,40
prominent,40
arrhythmias,40
scoliosis,40
capable,40
saving,40
rtw,40
formoterol,40
disappearance,40
mva,40
bedtime,40
prandial,40
glycol,40
concurrently,40
darunavir,40
thoughts,40
continues,40
withdrawn,40
narrow,40
res,40
mediate,40
apgar,40
lungs,40
sway,40
ashworth,40
spectacle,40
fbp,40
bread,40
inconclusive,40
phenomenon,40
mastery,40
lda,40
automatically,40
evidenced,40
breakthrough,40
occult,40
gentamicin,40
orange,40
differing,40
bilaterally,40
bloodstream,40
durability,40
polyphenols,40
sustainable,40
cows,40
expectancies,40
alogliptin,40
worked,40
rat,40
passage,40
vorapaxar,40
formulated,40
fibre,40
legs,40
building,40
span,40
george,40
breaks,40
cns,40
brodalumab,40
viscosity,39
mania,39
wallis,39
illicit,39
continence,39
mouthrinse,39
hai,39
television,39
subclavian,39
supplementary,39
cupping,39
hematologic,39
mdi,39
enjoyment,39
makers,39
ref,39
mcmaster,39
preplanned,39
adp,39
resectable,39
subacromial,39
recist,39
radicular,39
travel,39
hypothesize,39
lecture,39
suturing,39
cbp,39
flat,39
nodule,39
lux,39
stimulate,39
qtcf,39
caution,39
dvd,39
trabectedin,39
bar,39
hba,39
fullness,39
tst,39
menc,39
pectoris,39
sealing,39
gastroenteritis,39
positron,39
shaped,39
bonferroni,39
pcb,39
integral,39
tmd,39
outreach,39
ssri,39
going,39
albuminuria,39
desaturation,39
village,39
fec,39
sheet,39
ejaculation,39
leave,39
intraclass,39
mep,39
fertilization,39
normative,39
minimizing,39
gsh,39
colposcopy,39
email,39
asv,39
esophagus,39
ipl,39
preserve,39
icsi,39
vacuum,39
irritability,39
yearly,39
bonded,39
stressful,39
loads,39
occlusal,39
ascertain,39
ard,39
rpe,39
anastrozole,39
relate,39
extracts,39
calories,39
chb,39
acei,39
pegylated,39
ppci,39
snacks,39
hospice,39
macintosh,39
believe,39
bci,39
srage,39
sensitization,39
hctz,39
multivessel,39
ccrt,39
bmc,39
cattle,39
covering,39
wet,38
mouthwash,38
dcr,38
linezolid,38
cruciate,38
intercourse,38
accordingly,38
debridement,38
irritation,38
nasopharyngeal,38
par,38
hodgkin,38
porcine,38
sealed,38
sixth,38
autograft,38
chw,38
anastomosis,38
lactulose,38
pairwise,38
expect,38
circuit,38
assignments,38
subjectively,38
booklet,38
highlighted,38
conditioned,38
dabigatran,38
cystectomy,38
thousand,38
photocoagulation,38
sufficiently,38
reuteri,38
away,38
adulthood,38
paf,38
desired,38
hib,38
preservative,38
cysts,38
bupropion,38
cast,38
genome,38
ambulance,38
annulus,38
know,38
intraperitoneal,38
fill,38
vortioxetine,38
ones,38
fesoterodine,38
msv,38
stimulant,38
decisional,38
amputation,38
cal,38
elicit,38
exhaustion,38
squared,38
perineural,38
vcd,38
affairs,38
lbw,38
enabled,38
sfc,38
gly,38
ecs,38
ivabradine,38
catastrophizing,38
knees,38
tibia,38
breastfed,38
immunohistochemistry,38
intraepithelial,38
capillary,38
determinant,38
heterogeneous,38
descending,38
retaining,38
intraoperatively,38
assistants,38
rygb,38
apache,38
synbiotic,38
enough,38
shs,38
haemodynamic,38
manifestations,38
prosthetic,38
aaa,38
sanyinjiao,38
nighttime,38
uft,38
quarterly,38
extremities,38
carbohydrates,38
ppg,38
discontinuing,38
tryptophan,38
stance,38
htc,38
mycophenolate,38
abscess,38
centred,38
ivus,38
inhibiting,38
colic,38
swollen,38
nasogastric,38
connectivity,38
bangladesh,38
potentials,38
instructional,38
holding,38
fluralaner,38
gluten,38
grant,38
indoor,38
adaptations,38
listed,38
burnout,38
overload,38
subacute,38
ebp,38
alirocumab,38
granules,38
ultrafiltration,38
antiemetic,37
tanzania,37
mca,37
tactile,37
angles,37
colonoscope,37
intramuscularly,37
binary,37
intracoronary,37
doubling,37
mcrpc,37
pool,37
suppress,37
yogurt,37
workshop,37
built,37
lignocaine,37
benzodiazepine,37
trail,37
intervertebral,37
sofa,37
ledipasvir,37
metrics,37
hazardous,37
lgi,37
ligand,37
shorten,37
fail,37
peroxide,37
tretinoin,37
sociodemographic,37
pbl,37
youths,37
cognitively,37
cfs,37
helped,37
ascertained,37
emollient,37
malignancy,37
consumers,37
hope,37
fda,37
cinacalcet,37
scope,37
harvested,37
dilution,37
pocd,37
tetanus,37
scs,37
moving,37
facilitator,37
threat,37
preferable,37
dance,37
substances,37
helping,37
gaps,37
recreational,37
jugular,37
ectopic,37
cognitions,37
debate,37
acr,37
indicative,37
choices,37
suctioning,37
reversed,37
confer,37
unmet,37
boosted,37
wales,37
modifiable,37
mediator,37
nonadherence,37
equivalents,37
unprotected,37
fitting,37
tid,37
diffuse,37
sinonasal,37
compromised,37
episodic,37
concentrate,37
syncope,37
synovitis,37
emd,37
differently,37
cam,37
mcgill,37
member,37
heel,37
concordant,37
pituitary,37
prefer,37
analyzing,37
stabilized,37
cpc,37
appropriately,37
micturition,37
avr,37
dermatology,36
disposition,36
interestingly,36
adequacy,36
genotyping,36
differentiate,36
gefitinib,36
binomial,36
silver,36
absorbed,36
anthracycline,36
subsample,36
designated,36
roux,36
duodenal,36
bonding,36
predetermined,36
apoa,36
compliant,36
viability,36
hyaluronic,36
yields,36
mvc,36
plaster,36
oad,36
flex,36
deficiencies,36
mscs,36
hold,36
infrequent,36
avoided,36
fnb,36
quadruple,36
flash,36
multifactorial,36
restore,36
penetrating,36
deteriorated,36
lymphedema,36
aura,36
thailand,36
sharing,36
calibration,36
profound,36
mechanically,36
uvb,36
luminal,36
smear,36
ccta,36
aesthetic,36
pvr,36
confirmatory,36
wellness,36
servings,36
burns,36
wavefront,36
ventral,36
selumetinib,36
instrumentation,36
afternoon,36
nifedipine,36
fluctuations,36
autoimmune,36
intoxication,36
ncs,36
usability,36
trimethoprim,36
als,36
bodily,36
presentations,36
nulliparous,36
awakening,36
biomedical,36
judged,36
ecv,36
collapse,36
dmpa,36
greatly,36
dedicated,36
object,36
caregiving,36
niacin,36
sexes,36
fungal,36
educated,36
secukinumab,36
itch,36
inspired,36
spontaneously,36
edition,36
cervix,36
cytometry,36
mutans,36
strut,36
alendronate,36
poliovirus,36
whilst,36
timp,36
olaparib,36
etomidate,36
lifting,36
rhbmp,36
easier,36
depend,36
unacceptable,36
integrating,36
remarkable,36
urodynamic,36
describing,36
dynamometer,35
preschoolers,35
laiv,35
nste,35
alleviating,35
visiting,35
mos,35
formats,35
printed,35
incretin,35
gynecological,35
anc,35
grid,35
rebleeding,35
toddlers,35
cytotoxic,35
compensation,35
efv,35
pupil,35
quarter,35
assuming,35
montgomery,35
interfere,35
otitis,35
epidemiology,35
fields,35
titanium,35
ems,35
candida,35
bloating,35
resilience,35
alternating,35
asians,35
practiced,35
mmf,35
organisation,35
amyloid,35
pethidine,35
surveyed,35
pertussis,35
responsibility,35
lengths,35
computerised,35
reactogenicity,35
spiritual,35
suppository,35
careful,35
nintedanib,35
pda,35
regressions,35
void,35
medians,35
ccr,35
ino,35
fortified,35
nosocomial,35
extensively,35
unsuccessful,35
optimizing,35
gfd,35
baihui,35
counter,35
strengthen,35
playing,35
raising,35
coronal,35
corneas,35
ldh,35
lar,35
vce,35
sphincter,35
acarbose,35
restorative,35
angular,35
attenuating,35
trigeminal,35
menstruation,35
preemptive,35
sonic,35
prick,35
pace,35
apathy,35
tocopherol,35
certified,35
adjust,35
managers,35
melbourne,35
osas,35
latinos,35
yrs,35
fluorescence,35
quicker,35
paid,35
informational,35
translation,35
glipizide,35
holter,35
bioequivalent,35
progressively,35
era,35
viremia,35
sensations,35
fluconazole,35
submaximal,35
paretic,35
circumstances,35
selecting,35
participatory,35
fas,35
fundamental,35
surrounding,35
clot,35
analogues,35
ahf,35
htn,35
security,35
antioxidants,35
concussion,35
monoxide,35
constructed,35
anastomotic,35
ppv,35
his,35
mis,35
prt,34
stays,34
longitudinally,34
strict,34
vrs,34
rounds,34
capsular,34
keratitis,34
transfemoral,34
lowers,34
match,34
reassessed,34
coach,34
compensatory,34
cyanoacrylate,34
antiarrhythmic,34
blindly,34
disseminated,34
alarm,34
targit,34
rebound,34
haemodialysis,34
inability,34
cfu,34
euro,34
remarkably,34
fenofibrate,34
syphilis,34
explanatory,34
epirubicin,34
postsurgical,34
fim,34
profiling,34
quartiles,34
hydromorphone,34
vmat,34
sulphate,34
lactis,34
pathogenic,34
notably,34
organisms,34
bother,34
carotene,34
imr,34
hiit,34
humoral,34
mcp,34
adjustable,34
chloroquine,34
epidemic,34
biodegradable,34
meanwhile,34
zes,34
hyperinsulinemic,34
novice,34
prediabetes,34
sensorimotor,34
bioactive,34
benralizumab,34
rules,34
substitute,34
fbg,34
redness,34
organs,34
smi,34
folfox,34
coli,34
cgm,34
azathioprine,34
dried,34
retinol,34
pitavastatin,34
pps,34
enrichment,34
mmn,34
permitted,34
juvenile,34
dpi,34
calf,34
consist,34
definitions,34
augment,34
constructs,34
caps,34
multimedia,34
carry,34
hypercalcemia,34
synergistic,34
modulates,34
miscarriage,34
gpi,34
wbrt,34
transradial,34
harvest,34
tsh,34
impair,34
ecological,34
depends,34
evolution,34
bouts,34
jaw,34
hydrocodone,34
impedance,34
exclude,34
endometriosis,34
scanned,34
haematological,34
pph,34
patent,34
treg,34
perfect,34
nucleoside,34
absenteeism,34
sera,34
igm,34
counterparts,34
aerosol,34
lipocalin,34
prucalopride,34
flushes,34
sst,34
gathered,33
alfaxalone,33
outdoor,33
tte,33
shoe,33
details,33
distressing,33
tcc,33
horizon,33
commenced,33
ready,33
dye,33
tci,33
peeling,33
hypotensive,33
acetyl,33
cysteine,33
ole,33
emphasis,33
pakistan,33
sustain,33
cooking,33
reader,33
educators,33
iva,33
hypnosis,33
car,33
capital,33
unselected,33
atx,33
anacetrapib,33
anthropometry,33
nationwide,33
exceeding,33
abpm,33
pitch,33
endoscope,33
didactic,33
alertness,33
umin,33
patellar,33
serotype,33
proactive,33
emla,33
crying,33
bath,33
residing,33
skull,33
disruption,33
probabilities,33
endarterectomy,33
ratg,33
vena,33
glucan,33
adenomas,33
iai,33
worn,33
fog,33
contains,33
thickening,33
administrated,33
hyaluronate,33
crisis,33
cephalic,33
nicu,33
sah,33
ischaemia,33
gynecology,33
asc,33
bad,33
bathing,33
sweat,33
reinforcing,33
inexperienced,33
addresses,33
gynecologic,33
backward,33
macce,33
silent,33
thinking,33
expulsion,33
pretreated,33
kilogram,33
tender,33
immunomodulatory,33
tight,33
mgy,33
triggered,33
apoe,33
moderating,33
macronutrient,33
prematurity,33
precursor,33
relations,33
talk,33
tag,33
fissure,33
bottle,33
carefully,33
abnormality,33
rectum,33
tenderness,33
casei,33
cvp,33
eswt,33
diluted,33
scanner,33
ctri,33
nlr,33
seventh,33
vasopressor,33
psychoeducational,33
proprietary,33
rotational,33
naturally,33
acp,33
aks,33
reinfarction,33
dorsiflexion,33
dtap,33
successive,33
stricture,33
msc,33
meansd,33
hrt,33
nephrectomy,33
preexisting,33
retrieval,33
eosinophils,33
soon,33
rms,33
alert,33
signature,33
hypercholesterolemic,33
referrals,33
pharyngeal,33
hnscc,32
dehydrogenase,32
modelled,32
transthoracic,32
cannula,32
sometimes,32
vasoactive,32
antiinflammatory,32
nailing,32
tmp,32
streptococcus,32
polyp,32
heterosexual,32
bactericidal,32
came,32
meperidine,32
teriflunomide,32
ngt,32
simulations,32
cotinine,32
dobutamine,32
radiology,32
morris,32
merck,32
killer,32
hydrogel,32
clindamycin,32
iso,32
pubertal,32
proinflammatory,32
replication,32
ergometer,32
pharmacies,32
doubled,32
plasmodium,32
proliferative,32
postexercise,32
dysplasia,32
accelerate,32
creating,32
psd,32
donation,32
pmr,32
conditional,32
cmr,32
competing,32
pas,32
defining,32
paroxetine,32
prilocaine,32
cla,32
italian,32
pose,32
scalpel,32
solicited,32
alteration,32
decades,32
fibroblast,32
hyp,32
restrictions,32
chelation,32
translated,32
genders,32
contextual,32
conscious,32
expanding,32
teas,32
cai,32
rpv,32
pneumoperitoneum,32
glove,32
avoiding,32
tapping,32
aromatase,32
nrti,32
fma,32
waves,32
captured,32
impulsivity,32
oximetry,32
papillomavirus,32
diaphragm,32
pembrolizumab,32
generalised,32
dolutegravir,32
ohca,32
amplitudes,32
glands,32
ion,32
facebook,32
football,32
olv,32
cardioprotective,32
rasagiline,32
alters,32
enteric,32
enabling,32
underpowered,32
retina,32
multivitamin,32
tailed,32
globally,32
ces,32
host,32
released,32
confirms,32
nmb,32
isi,32
varies,32
neglect,32
cardio,32
irreversible,32
bsa,32
facilitates,32
hole,32
zeaxanthin,32
versa,32
vice,32
landmark,32
ifx,32
fragment,32
rome,32
fractionation,32
nadir,32
intravaginal,32
eplerenone,32
speckle,32
zolpidem,32
stakeholders,32
enlargement,32
eliminate,32
specialty,32
monitors,32
spt,32
comt,32
bsi,32
ivacaftor,32
harms,31
antiepileptic,31
dyad,31
pandemic,31
amplification,31
nph,31
minocycline,31
hyperlipidemia,31
ger,31
diverticulitis,31
bayesian,31
exogenous,31
mirnas,31
kinematic,31
assign,31
shoes,31
prompts,31
glasses,31
ductal,31
kind,31
tubal,31
lobeglitazone,31
bench,31
nonsmokers,31
interact,31
concepts,31
enter,31
voriconazole,31
adds,31
olt,31
pupils,31
finished,31
gases,31
neiguan,31
electrophysiological,31
coma,31
tenecteplase,31
repositioning,31
leucine,31
apremilast,31
ssc,31
jet,31
orif,31
adhesions,31
diopters,31
transformed,31
sfa,31
paucity,31
familial,31
minus,31
phid,31
epc,31
pin,31
exerts,31
electrolyte,31
derivation,31
interdisciplinary,31
vietnam,31
nvp,31
dextrose,31
ihc,31
administer,31
altering,31
enlarged,31
accommodation,31
carer,31
oca,31
glutamate,31
sweetened,31
boston,31
tilt,31
sss,31
inflation,31
lysine,31
cultured,31
atg,31
turbinate,31
trendelenburg,31
protects,31
eyelid,31
put,31
spi,31
bct,31
telmisartan,31
conferred,31
xylitol,31
tvr,31
abdominis,31
aided,31
unscheduled,31
cerebrospinal,31
rsa,31
constraints,31
workshops,31
propionate,31
concomitantly,31
shortly,31
turmeric,31
survived,31
curcumin,31
femoropopliteal,31
replicate,31
underserved,31
caring,31
dse,31
occlusive,31
nesiritide,31
strictures,31
pru,31
temsirolimus,31
contingency,31
ffr,31
hfov,31
accomplished,31
nucleus,31
employing,31
upregulated,31
nice,31
ldkt,31
rho,31
hemisphere,31
perimenopausal,31
element,31
coadministration,31
infantile,31
mpo,31
preceded,31
fls,31
nonsquamous,31
hdf,31
slt,31
trivalent,30
bold,30
move,30
extreme,30
walked,30
apc,30
locoregional,30
microcirculation,30
biases,30
glaxosmithkline,30
picture,30
coating,30
contemporary,30
comprises,30
abutment,30
foveal,30
aboriginal,30
sfas,30
brochure,30
irradiated,30
glioblastoma,30
euglycemic,30
capsaicin,30
harmonic,30
ramsay,30
ctp,30
binder,30
esl,30
tonometry,30
dural,30
seropositive,30
anaerobic,30
modeled,30
dystrophy,30
vagal,30
accompanying,30
clustered,30
naf,30
lornoxicam,30
rotating,30
pediatricians,30
decade,30
pga,30
impingement,30
mitigate,30
card,30
preventable,30
ppe,30
opa,30
taiwan,30
ipf,30
beer,30
coding,30
soreness,30
receptive,30
confirming,30
sedimentation,30
ospemifene,30
underweight,30
enables,30
reductase,30
anatomy,30
incorporation,30
antitumor,30
corifollitropin,30
unlike,30
hads,30
honey,30
chop,30
bedside,30
rrms,30
tips,30
domestic,30
fibrinolysis,30
metallic,30
periodic,30
wrap,30
pulses,30
electrodes,30
pgd,30
persisting,30
daclatasvir,30
conception,30
transferrin,30
psychology,30
electrocautery,30
fbt,30
ensuring,30
distension,30
eus,30
disappeared,30
gla,30
grams,30
anonymous,30
emr,30
rds,30
steatosis,30
segmentation,30
hydroxyethyl,30
respiration,30
perampanel,30
isr,30
learners,30
sarcoma,30
flexors,30
beat,30
unexplained,30
preeclampsia,30
discrepancy,30
front,30
shedding,30
ffp,30
utilities,30
secure,30
escalating,30
resumption,30
berg,30
phosphorylation,30
sems,30
pac,30
draw,30
angiogenesis,30
athletic,30
sonographic,30
cdai,30
cereal,30
geographical,30
nitroglycerin,30
beneficiaries,30
boceprevir,30
purified,30
inc,30
interrupted,30
antithrombotic,30
tibialis,30
kinetic,30
emotions,30
guanyuan,30
mildly,30
constitute,30
nstemi,30
topics,30
slowly,30
metalloproteinase,30
dataset,30
inotropic,30
carnitine,30
lysholm,30
asir,30
generalizability,30
smt,30
hemagglutination,30
kinematics,30
ears,30
kruskal,30
explanations,30
cct,30
counselors,30
pegfilgrastim,30
lose,30
tss,29
taper,29
focuses,29
mirna,29
teach,29
hmb,29
unintended,29
kong,29
hong,29
helmet,29
cac,29
medicaid,29
neuroimaging,29
dmards,29
thyroidectomy,29
counties,29
contexts,29
ruptured,29
mta,29
antagonism,29
tmj,29
oropharyngeal,29
provisional,29
lbm,29
marketing,29
tapered,29
stride,29
hematological,29
keratoplasty,29
btla,29
coagulopathy,29
natalizumab,29
lived,29
parecoxib,29
hop,29
keeping,29
deserves,29
synthase,29
ica,29
immunoassay,29
ambient,29
electromagnetic,29
normotensive,29
fluence,29
osmotic,29
ileus,29
vasodilator,29
shenshu,29
told,29
intelligence,29
turning,29
galectin,29
palonosetron,29
ptrend,29
hernias,29
vats,29
hnc,29
reinforced,29
edge,29
choosing,29
toxoid,29
miu,29
vertigo,29
takes,29
cytarabine,29
burning,29
escalated,29
iia,29
amylase,29
coupling,29
encounter,29
freeze,29
injecting,29
shear,29
lactation,29
dyskinesia,29
concerned,29
ecd,29
programmed,29
vincristine,29
toe,29
midline,29
spastic,29
ncpap,29
biventricular,29
likewise,29
inoperable,29
mrc,29
empirically,29
checked,29
cps,29
dehydration,29
trametinib,29
ons,29
expressions,29
attributes,29
verum,29
koa,29
optional,29
endothelium,29
cpp,29
finasteride,29
iat,29
ett,29
atomoxetine,29
barbed,29
entering,29
wheeze,29
ecc,29
colchicine,29
tdp,29
imbalance,29
putative,29
dimeglumine,29
worth,29
sulfamethoxazole,29
smile,29
calculations,29
opaque,29
periarticular,29
architecture,29
transaminase,29
cranial,29
hfs,29
iliac,29
viruses,29
checklists,29
dropouts,29
congestion,29
octreotide,29
dci,29
dacarbazine,29
valves,29
braces,29
cardiologists,29
circulatory,29
thematic,29
colgate,29
butorphanol,29
reflective,29
linking,29
peptidase,29
dipeptidyl,29
fiq,29
bandage,29
dsa,29
moxa,29
mares,29
sigmoidoscopy,29
districts,29
steroidal,29
occluded,28
mesalazine,28
purposes,28
ate,28
ocp,28
counselor,28
affordable,28
assumptions,28
abbott,28
reciprocal,28
std,28
somewhat,28
spring,28
oxybutynin,28
adma,28
cava,28
nominal,28
ree,28
xfc,28
staple,28
vigilance,28
separation,28
author,28
dramatically,28
iort,28
udenafil,28
san,28
electrolytes,28
vasomotor,28
parietal,28
fetus,28
capnography,28
poisoning,28
conventionally,28
directions,28
endostatin,28
cope,28
inside,28
cftr,28
crude,28
stockings,28
nepafenac,28
diameters,28
expertise,28
channels,28
gdf,28
undergraduate,28
mesalamine,28
milliseconds,28
hyperthermia,28
explores,28
cri,28
transobturator,28
indomethacin,28
reproducible,28
irr,28
sep,28
flashes,28
mad,28
recalled,28
partnership,28
meq,28
genomic,28
quitline,28
pbmc,28
dysfunctional,28
assesses,28
entecavir,28
cst,28
disabled,28
tee,28
attached,28
bout,28
construction,28
mandatory,28
displays,28
perindopril,28
postal,28
shifts,28
famotidine,28
ingredients,28
timepoints,28
telopeptide,28
nonetheless,28
complexity,28
distention,28
carrying,28
page,28
koos,28
stasis,28
neuronal,28
vitiligo,28
apo,28
somatostatin,28
needing,28
sclerostin,28
pegloticase,28
sealants,28
insole,28
controversy,28
thirst,28
fundus,28
dmard,28
initiate,28
supraclavicular,28
cystitis,28
deformation,28
mvp,28
leadership,28
peanuts,28
edss,28
tapering,28
vestibular,28
cme,28
topically,28
ldt,28
oleic,28
sulfonylurea,28
lss,28
ionomer,28
owners,28
monetary,28
pravastatin,28
dialysate,28
declining,28
dmfs,28
weighed,28
eds,28
stores,28
straight,28
teg,28
problematic,28
postdischarge,28
alopecia,28
thrombotic,28
degradation,28
london,28
cities,28
secretions,28
haloperidol,28
intubating,28
bcs,28
crowns,28
deliveries,28
fluency,28
manic,28
advantageous,28
nonrandomized,28
mature,28
mediastinal,28
indirectly,28
pio,28
publications,28
acq,28
valvular,28
igfbp,28
eliminated,28
distinguish,28
fair,28
aeruginosa,28
stressors,28
transesophageal,28
velocities,28
plaques,28
afterwards,28
masticatory,28
prolactin,28
icm,28
pentoxifylline,28
latanoprost,28
federal,28
airflow,28
primiparous,28
cmt,28
roland,28
tbl,28
chx,28
pns,28
cefazolin,28
chws,27
icer,27
vegfr,27
lactating,27
noradrenaline,27
highlighting,27
completeness,27
mifepristone,27
interlaminar,27
cranberry,27
macrophage,27
seeks,27
drank,27
roll,27
cemented,27
journals,27
removing,27
ineligible,27
staples,27
manifest,27
meningococcal,27
hsct,27
generating,27
spondylitis,27
mhealth,27
extracellular,27
traits,27
leaks,27
fibroids,27
hippocampal,27
discretion,27
varicose,27
motivated,27
pfmt,27
mechanistic,27
myeloid,27
accessibility,27
examiners,27
apparatus,27
humeral,27
hematopoietic,27
epworth,27
handicap,27
regain,27
retraining,27
rheumatic,27
pigment,27
resections,27
antibacterial,27
spite,27
tace,27
alafenamide,27
wheat,27
rmdq,27
abvd,27
immunohistochemical,27
disparity,27
capability,27
opposed,27
locus,27
expressive,27
helper,27
pelvis,27
ankylosing,27
indwelling,27
sns,27
pbmcs,27
etdrs,27
cellulitis,27
ramucirumab,27
dislocation,27
ulnar,27
applicability,27
traffic,27
broadly,27
histopathologic,27
recover,27
dissatisfaction,27
nri,27
disordered,27
refused,27
hippocampus,27
prom,27
vancouver,27
neurosurgical,27
mcid,27
noncardiac,27
dopaminergic,27
neurodevelopment,27
healthier,27
mbt,27
von,27
lgg,27
diminish,27
pulsatile,27
packs,27
overt,27
functionality,27
sts,27
photon,27
neurophysiological,27
radiculopathy,27
fluvastatin,27
keratoconus,27
furosemide,27
nash,27
enterocolitis,27
camera,27
sunscreen,27
advocated,27
edentulous,27
dpn,27
mbc,27
plato,27
varicella,27
tocilizumab,27
postsurgery,27
sticking,27
oat,27
gmt,27
etoricoxib,27
nonlinear,27
intracellular,27
mouse,27
hcy,27
hgi,27
isoflavone,27
nas,27
defibrillation,27
publication,27
mexican,27
cbct,27
rts,27
oils,27
tiva,27
pleurodesis,27
iui,27
fps,27
palpation,27
cbf,27
mometasone,27
nutrients,27
ganglion,27
aptt,27
ctt,27
akt,27
massachusetts,27
whoqol,27
gyrus,27
cingulate,27
neointimal,27
nevirapine,27
deeper,27
imn,27
hcm,27
epoprostenol,27
vasospasm,27
vma,27
conclusive,27
liner,27
intimate,27
pmma,27
resveratrol,27
price,27
morbidly,27
calculating,27
deciliter,27
phantom,27
brackets,27
rilotumumab,27
lcd,27
emphasizing,27
returning,27
operational,27
scapular,27
ndi,27
pmtct,27
ccs,27
ggt,27
sppb,27
mgi,26
posts,26
winter,26
trans,26
glottic,26
impregnated,26
lat,26
electrocardiographic,26
indexed,26
preventative,26
smx,26
methicillin,26
measles,26
penile,26
scit,26
foster,26
hypoventilation,26
integrative,26
postanesthesia,26
noticed,26
vulgaris,26
erosion,26
intolerant,26
arc,26
royal,26
lift,26
diversity,26
depleted,26
gem,26
necessarily,26
mlr,26
conformal,26
tracheostomy,26
begin,26
planing,26
unsupervised,26
dorsolateral,26
functionally,26
eventually,26
phobia,26
locomotor,26
neuroendocrine,26
hyperuricemia,26
perceptual,26
fibers,26
cycloserine,26
dentifrices,26
biofilm,26
refined,26
sdb,26
increments,26
postvaccination,26
sgb,26
theoretically,26
lomustine,26
osce,26
hispanics,26
pan,26
share,26
ultraviolet,26
immersion,26
pathophysiological,26
moderator,26
sibutramine,26
runners,26
counting,26
postprocedure,26
endoscopically,26
nebulization,26
yielding,26
mdr,26
phosphodiesterase,26
etn,26
anesthesiology,26
inf,26
sector,26
auto,26
subluxation,26
homogeneous,26
supraglottic,26
sydney,26
campaign,26
cvc,26
lumbosacral,26
pilates,26
levonorgestrel,26
efflux,26
dxa,26
ofs,26
challenged,26
haematoma,26
statement,26
multivitamins,26
flu,26
ordered,26
gelatinase,26
blunted,26
masseter,26
organizations,26
adduction,26
anxious,26
mismatch,26
hyperglycaemia,26
acoustic,26
tkr,26
ldct,26
escape,26
pal,26
lll,26
meniscus,26
promethazine,26
mofetil,26
transrectal,26
yes,26
agv,26
lipopolysaccharide,26
css,26
relaxing,26
lobe,26
lag,26
hemorrhoidectomy,26
ureteric,26
pva,26
outer,26
svg,26
stomatitis,26
atherogenic,26
fengchi,26
depended,26
shifting,26
constrained,26
chronically,26
prostatitis,26
rst,26
arteriovenous,26
clarity,26
sclc,26
incorporate,26
lasers,26
strategic,26
bismuth,26
carcinomas,26
subscore,26
nasopharyngitis,26
tedizolid,26
adhered,26
telehealth,26
https,26
hospitalised,26
aix,26
market,26
quotient,26
placebos,26
transcripts,26
subpopulation,26
iodixanol,26
lichtenstein,26
bisphosphonates,26
dust,26
freezing,26
intragroup,26
diphtheria,26
fluoroscopic,26
myofascial,26
trapezius,26
wanted,26
tas,26
sox,26
characterised,26
theories,26
seroprotection,25
footwear,25
analytical,25
pathogen,25
partum,25
cav,25
accord,25
chemoradiation,25
keep,25
furoate,25
detachment,25
gaming,25
played,25
aliskiren,25
bring,25
navigated,25
xerostomia,25
methamphetamine,25
presumed,25
hemiparesis,25
framingham,25
myocardium,25
axitinib,25
brca,25
climate,25
ceftaroline,25
asberg,25
diuretics,25
eps,25
gkg,25
aeds,25
stratifying,25
laboratories,25
homeostatic,25
postgraduate,25
residency,25
erythrocytes,25
warmed,25
glare,25
aberrant,25
menthol,25
hypertrophic,25
conjugated,25
erg,25
fss,25
merit,25
agomelatine,25
coa,25
stylet,25
beijing,25
sustaining,25
exceed,25
envelopes,25
natamycin,25
formative,25
medicare,25
globulin,25
fos,25
ago,25
ctm,25
mori,25
writing,25
closer,25
asparaginase,25
wlc,25
soaked,25
hyperparathyroidism,25
rotigotine,25
nrtis,25
disgust,25
bac,25
trended,25
utilisation,25
miller,25
interesting,25
carrier,25
contributions,25
eoe,25
semantic,25
fragmentation,25
thienopyridine,25
spp,25
nephrotoxicity,25
cosmesis,25
gadobutrol,25
claims,25
naproxen,25
mutated,25
tbut,25
distributions,25
pdl,25
naloxegol,25
aecopd,25
urology,25
cadence,25
myalgia,25
arthralgia,25
slowing,25
oestrogen,25
anticholinergic,25
postconditioning,25
medtronic,25
tne,25
dazhui,25
soap,25
technically,25
tick,25
gaining,25
intractable,25
vsd,25
dilated,25
ssb,25
sweating,25
hyperstimulation,25
cyst,25
ral,25
script,25
initiatives,25
cinv,25
unfractionated,25
hydroxide,25
alerts,25
cystoscopy,25
perceive,25
follicles,25
roche,25
extending,25
subpopulations,25
normally,25
anger,25
infinity,25
reflection,25
want,25
yttrium,25
peaks,25
hysteroscopic,25
lisinopril,25
nonischemic,25
grief,25
cyclic,25
shocks,25
sat,25
characterization,25
ireland,25
osdi,25
maraviroc,25
raltegravir,25
opportunistic,25
shoulders,25
coordinators,25
reflects,25
star,25
apbi,25
iptp,25
rsv,25
antimalarial,25
linifanib,25
dtc,25
varices,25
proprioceptive,25
subtle,25
endoscopists,25
neuralgia,25
negligible,25
ocriplasmin,25
adopting,25
paravertebral,25
crown,25
nps,25
pneumoniae,25
progressing,25
embolic,25
oncological,25
coils,25
dalteparin,25
vms,25
reviewers,25
bref,25
distances,25
placenta,25
stepping,25
radiologic,25
ozone,25
palm,25
photographic,25
ims,25
rmr,25
avp,25
ebv,25
submucosal,25
hypoglycaemic,25
commencement,25
mgso,25
curing,25
prepare,25
recalls,25
vandetanib,25
tnt,25
wine,25
parturients,25
administrative,25
push,25
splint,25
visualized,25
scarring,25
naloxone,25
contributor,25
contraindicated,25
etoh,24
cto,24
terminology,24
judgment,24
vignette,24
serves,24
unloading,24
nnd,24
msec,24
dyssynchrony,24
researcher,24
amenorrhea,24
upa,24
copper,24
antimicrobials,24
rigorously,24
obstetrics,24
tolerate,24
histamine,24
atypical,24
ibrutinib,24
retreatment,24
recommends,24
ssris,24
practicing,24
catt,24
whf,24
ideglira,24
intellectual,24
intertrochanteric,24
informing,24
analyzer,24
perforated,24
wfo,24
indigenous,24
supplied,24
discontinue,24
resolve,24
epcs,24
insert,24
sis,24
stapler,24
thai,24
lrp,24
anaphylaxis,24
forefoot,24
calculi,24
lenvatinib,24
bayley,24
srf,24
campaigns,24
asking,24
monopolar,24
ester,24
welfare,24
lubiprostone,24
emptive,24
cytochrome,24
idh,24
twhf,24
pri,24
ppb,24
selectin,24
herein,24
morphologic,24
adrenaline,24
occupation,24
epithelialization,24
ziprasidone,24
humor,24
worsen,24
advancement,24
inversion,24
schoolchildren,24
subdivided,24
paramedics,24
erythromycin,24
cirrhotic,24
execution,24
adm,24
russia,24
ern,24
recess,24
yang,24
favorably,24
watching,24
morphological,24
areds,24
republic,24
panic,24
transforaminal,24
telomere,24
piece,24
vulvar,24
compatible,24
arv,24
integrate,24
nicotinic,24
abundance,24
answers,24
insoles,24
premolars,24
combines,24
wks,24
ptc,24
poly,24
neurotrophic,24
psp,24
pericardial,24
lira,24
restoring,24
jaundice,24
contraceptives,24
flushing,24
silodosin,24
paced,24
seniors,24
lurasidone,24
nimotuzumab,24
mtt,24
expand,24
laba,24
thromboplastin,24
attain,24
ssa,24
notable,24
hps,24
ileal,24
prompted,24
phenotypic,24
predictions,24
powerful,24
tetrastarch,24
orthosis,24
calving,24
tlf,24
rns,24
reproduction,24
paralysis,24
psv,24
decubitus,24
mus,24
bopv,24
biochemically,24
rilonacept,24
unsatisfactory,24
doxazosin,24
pinteraction,24
mannequin,24
symbol,24
adls,24
atp,24
daclizumab,24
iadl,24
jia,24
positional,24
novices,24
trimoxazole,24
urination,24
raloxifene,24
consultants,24
dti,24
drawing,24
casting,24
enalapril,24
arachidonic,24
meibomian,24
math,24
losmapimod,24
proxy,24
corn,24
les,24
artemisinin,24
popularity,24
peaked,24
slnb,24
rap,24
wheelchair,24
tolterodine,24
advances,24
solely,24
garlic,24
hyperglycemic,24
minnesota,24
ahead,24
anesthesiologist,24
assumption,24
mentoring,24
necitumumab,24
disadvantaged,24
cup,24
adductor,24
twist,24
camp,24
disadvantages,24
cvr,24
embedding,23
save,23
malawi,23
designing,23
come,23
odd,23
antegrade,23
folds,23
nostril,23
acromegaly,23
residence,23
svd,23
reconstitution,23
correcting,23
pea,23
cpa,23
note,23
elucidated,23
legged,23
seronegative,23
potency,23
metric,23
please,23
electroencephalogram,23
chc,23
calprotectin,23
blended,23
dcis,23
hts,23
bright,23
neuro,23
hemorrhoids,23
salmonella,23
microscopic,23
ofatumumab,23
row,23
lacunar,23
luteinizing,23
pole,23
combine,23
mst,23
lumefantrine,23
communicate,23
acd,23
mbf,23
clock,23
pls,23
bristol,23
lap,23
abbreviated,23
flux,23
knife,23
lifestyles,23
betamethasone,23
plates,23
ifg,23
taichong,23
rusf,23
microorganisms,23
antirheumatic,23
chicken,23
pmi,23
diabetics,23
tmz,23
unwanted,23
chorionic,23
relieved,23
aucs,23
sps,23
rmt,23
outflow,23
electron,23
vilanterol,23
bup,23
candidiasis,23
figure,23
mcnemar,23
longterm,23
apex,23
curvature,23
stagnation,23
expenses,23
cfr,23
discrepancies,23
souvenaid,23
corticospinal,23
edivoxetine,23
oros,23
warts,23
laxity,23
bacteremia,23
soybean,23
kits,23
arthroscopy,23
immunisation,23
scp,23
cysc,23
ustekinumab,23
glioma,23
hypothetical,23
aom,23
retropubic,23
rehabilitative,23
methylene,23
klotho,23
bronchoscope,23
hfd,23
symmetry,23
groin,23
herpes,23
examples,23
urgently,23
quchi,23
asthmatics,23
iranian,23
happiness,23
wakefulness,23
collar,23
municipalities,23
name,23
ethyl,23
neovascularization,23
combat,23
glycine,23
phaco,23
observing,23
shot,23
counterbalanced,23
epistaxis,23
topic,23
haplotype,23
repaired,23
eptifibatide,23
prolonging,23
copy,23
extinction,23
necrotizing,23
wfg,23
tesla,23
regeneration,23
mins,23
plasticity,23
ada,23
whitening,23
endorsed,23
belgium,23
vitd,23
peptic,23
gal,23
nonobese,23
allergens,23
otolaryngology,23
fms,23
radium,23
gwg,23
lacosamide,23
impairs,23
punctures,23
catheterisation,23
rhinoconjunctivitis,23
fistulas,23
toddler,23
seeds,23
feel,23
localization,23
acrylic,23
amh,23
bgi,23
cheek,23
prolongs,23
swallow,23
onychomycosis,23
clostridium,23
tad,23
mfs,23
atrioventricular,23
ams,23
isotope,23
vulnerability,23
psychiatry,23
scl,23
behind,23
consumer,23
intraoral,23
nonsignificantly,23
codes,23
neoplasms,23
novartis,23
qpcr,23
chemoprevention,23
calibrated,23
analytic,23
orthoses,23
preserving,23
valacyclovir,23
sarilumab,23
rva,22
machine,22
inflow,22
hal,22
conjunctivitis,22
discordant,22
qiv,22
remodelling,22
empathy,22
conference,22
mosquito,22
sole,22
tonic,22
valent,22
keratectomy,22
cleft,22
anabolic,22
regimes,22
ancillary,22
ketoprofen,22
externalizing,22
syringes,22
histopathological,22
transversus,22
sprain,22
ohss,22
opv,22
swabs,22
trainings,22
cronbach,22
locf,22
chromium,22
portions,22
ketone,22
pnf,22
taf,22
postmenstrual,22
oht,22
wmh,22
smallest,22
zoledronate,22
otorrhea,22
synergy,22
muscarinic,22
reclassification,22
attempting,22
methylated,22
densities,22
apps,22
autonomy,22
markov,22
ginseng,22
polypropylene,22
acidosis,22
adapt,22
nonverbal,22
administrations,22
nap,22
epigastric,22
benzodiazepines,22
nilotinib,22
debated,22
gynaecological,22
incorporates,22
brand,22
collecting,22
gmr,22
theta,22
expense,22
express,22
transection,22
calcifediol,22
nsqip,22
replace,22
conserving,22
tbna,22
syntax,22
antidiabetic,22
anomalies,22
tried,22
asymmetric,22
ppa,22
bothersome,22
hatha,22
nicardipine,22
opiate,22
customized,22
cubic,22
mebutate,22
places,22
lactobacilli,22
datasets,22
artemether,22
rss,22
sheath,22
rad,22
diagnostics,22
cdt,22
septoplasty,22
copolymer,22
flaps,22
stated,22
puberty,22
attractiveness,22
egd,22
mesothelioma,22
infertile,22
assayed,22
plating,22
contour,22
ohi,22
whereby,22
levothyroxine,22
appropriateness,22
moderation,22
saw,22
sigh,22
synchronous,22
positioned,22
contain,22
csp,22
calcitriol,22
molecules,22
transportation,22
cangrelor,22
tnbc,22
receives,22
erp,22
interacted,22
biolimus,22
zotarolimus,22
trainers,22
passed,22
biceps,22
undertake,22
mwt,22
compensated,22
solifenacin,22
inflated,22
etch,22
epilepticus,22
milliliter,22
ceramic,22
histories,22
cage,22
mmrv,22
neighborhood,22
friendly,22
remove,22
ablative,22
femoris,22
bcp,22
rib,22
equine,22
coadministered,22
maneuvers,22
pvb,22
pms,22
maltodextrin,22
actigraph,22
hypertriglyceridemia,22
povidone,22
arf,22
peroxidation,22
valued,22
demanding,22
macrovascular,22
uniform,22
ingenol,22
mip,22
meningitis,22
injector,22
brv,22
british,22
trd,22
risedronate,22
sebum,22
instructor,22
strontium,22
accounts,22
craniotomy,22
seminal,22
uterus,22
milder,22
intralesional,22
suggestion,22
pharma,22
heightened,22
curricula,22
ultrasonic,22
rop,22
bioresorbable,22
bicalutamide,22
interrater,22
abstract,22
rod,22
affirmation,22
polysaccharide,22
quantitatively,22
blade,22
emdr,22
desensitization,22
sua,22
depot,22
outperformed,22
sentinel,22
intraventricular,22
canola,22
microwave,22
accelerometry,22
bfm,22
lpa,22
identifies,21
cdi,21
counteract,21
lab,21
unpleasant,21
sexuality,21
discovered,21
mite,21
pamphlet,21
dss,21
lnss,21
binocular,21
wrinkles,21
difficile,21
tend,21
drains,21
retraction,21
influenzae,21
topography,21
bivariate,21
thinning,21
cfl,21
naming,21
teens,21
liking,21
exercising,21
septum,21
conceptual,21
chemical,21
piglets,21
subgingival,21
ffa,21
exe,21
simply,21
seal,21
bracing,21
acb,21
aspheric,21
moved,21
dim,21
exercised,21
grains,21
peptides,21
brushed,21
auclast,21
ketoconazole,21
icas,21
masks,21
nonalcoholic,21
sdm,21
osahs,21
academy,21
glutamyl,21
alk,21
fcr,21
cheese,21
forceps,21
ammonia,21
workflow,21
die,21
hypotonic,21
excellence,21
foreign,21
objects,21
reusable,21
accelerometers,21
expectation,21
maxilla,21
graders,21
ema,21
alginate,21
sud,21
actinic,21
lectures,21
border,21
clc,21
autoantibodies,21
vitreous,21
preserves,21
subtraction,21
firm,21
money,21
maxillofacial,21
acceleration,21
washington,21
king,21
diathermy,21
tqd,21
explaining,21
postulated,21
rep,21
desvenlafaxine,21
waking,21
alprazolam,21
economy,21
labelling,21
mandibles,21
lispro,21
aga,21
atrophic,21
adenotonsillectomy,21
scotland,21
vss,21
exp,21
gcs,21
escherichia,21
vfq,21
specially,21
toronto,21
acellular,21
proctitis,21
ats,21
wires,21
holds,21
triptorelin,21
geometry,21
dpt,21
transnasal,21
companies,21
zonisamide,21
bromide,21
hcl,21
stimulants,21
clip,21
loc,21
hyponatremia,21
packed,21
lvd,21
tam,21
agc,21
pertuzumab,21
subunit,21
flavor,21
undertaking,21
papillary,21
endometrium,21
buffered,21
poses,21
encounters,21
reservoir,21
anthropometrics,21
screens,21
cathelicidin,21
consortium,21
momentary,21
itp,21
arising,21
transparent,21
osteocalcin,21
dinner,21
elbw,21
overground,21
newer,21
clomiphene,21
overdiagnosis,21
warning,21
ethnically,21
unmasked,21
tns,21
checks,21
mfr,21
conferences,21
nefa,21
oscillating,21
asaq,21
metabolically,21
tukey,21
lsg,21
dexterity,21
pressor,21
gbs,21
mtz,21
salsalate,21
condoms,21
trabecular,21
stained,21
foley,21
opc,21
legal,21
ttr,21
vns,21
cylinder,21
excursion,21
epbd,21
ibis,21
paste,21
unfortunately,21
debilitating,21
defense,21
occupancy,21
vascularization,21
handheld,21
antihistamine,21
thrombolytic,21
compartmental,21
recommending,21
hyperbilirubinemia,21
titres,21
asthenia,21
rai,21
valproate,21
division,21
rilpivirine,21
standardization,21
internationally,21
avf,21
annualised,21
connected,21
brazilian,21
madit,21
accumulated,21
flares,21
nms,21
crash,21
mechanics,21
isotretinoin,21
masi,21
erosive,21
mitomycin,21
biased,21
oxidant,21
temozolomide,21
egp,21
pos,21
lot,21
cfae,21
refer,21
sri,21
sanofi,21
fats,21
bubble,21
senile,21
dark,21
inadequacy,21
rosiglitazone,21
altogether,20
endoscopist,20
stas,20
modifies,20
amniotic,20
scalable,20
ict,20
antifungal,20
bronchopulmonary,20
anticoagulants,20
ethinyl,20
appearing,20
summaries,20
ilma,20
unaltered,20
scaffold,20
striatal,20
denture,20
duty,20
seasons,20
mammary,20
owned,20
deformity,20
bev,20
crrt,20
junior,20
your,20
accident,20
intrahepatic,20
flowable,20
decide,20
gluteus,20
opinions,20
pictures,20
hplc,20
rutf,20
els,20
suppressing,20
evaluator,20
fermentation,20
llin,20
biologically,20
array,20
phlegm,20
tapse,20
gives,20
ivermectin,20
episiotomy,20
photorefractive,20
neo,20
quiet,20
pep,20
scc,20
hfref,20
ria,20
transcribed,20
acetabular,20
duplex,20
pads,20
virologically,20
operable,20
cfa,20
bal,20
blend,20
instances,20
upright,20
qualifying,20
tdi,20
rtg,20
microcirculatory,20
lercanidipine,20
chemo,20
bicycle,20
texture,20
grasping,20
similarity,20
lapse,20
amodiaquine,20
mainstay,20
mpi,20
trazodone,20
homework,20
fiberoptic,20
zol,20
questionable,20
super,20
popliteal,20
morbid,20
ptv,20
keratometry,20
flurbiprofen,20
incidents,20
links,20
borg,20
protocolized,20
deprived,20
introduce,20
oncogenic,20
questioned,20
ramipril,20
eggs,20
excursions,20
emphasize,20
pyrimethamine,20
aemd,20
lra,20
innate,20
ntr,20
tympanic,20
nets,20
reintervention,20
serodiscordant,20
sponsored,20
dht,20
cvvh,20
contingent,20
avg,20
hyperhidrosis,20
graduate,20
lge,20
xrt,20
dehydroepiandrosterone,20
socket,20
suppressive,20
palbociclib,20
earnings,20
connective,20
detoxification,20
feeds,20
saa,20
generalization,20
opacification,20
gluconate,20
biphasic,20
degludec,20
nightly,20
cardiologist,20
teenagers,20
hydrophilic,20
laminectomy,20
aminophylline,20
experimentally,20
gastroparesis,20
framed,20
catecholamines,20
ferric,20
applanation,20
angiogenic,20
tlif,20
sooner,20
wasting,20
unexpectedly,20
esi,20
equol,20
friedman,20
flora,20
ending,20
methacholine,20
discriminant,20
cga,20
turkey,20
envelope,20
meps,20
mesenchymal,20
aftercare,20
mbp,20
reinforce,20
protamine,20
weaker,20
phpt,20
mfp,20
trimetazidine,20
neurology,20
closing,20
coaches,20
ayurvedic,20
glyburide,20
apdt,20
toxins,20
controller,20
alvimopan,20
you,20
inequalities,20
evacuation,20
ins,20
albeit,20
rely,20
uni,20
mtl,20
stations,20
nefopam,20
pramipexole,20
wrinkle,20
myeloma,20
mab,20
continuity,20
plwh,20
downregulation,20
ort,20
tlh,20
homozygous,20
summed,20
sbs,20
malaysia,20
manipulated,20
sentence,20
subanalysis,20
refusal,20
investment,20
posttraining,20
pkrp,20
hypothalamic,20
vis,20
disposal,20
went,20
predictable,20
fobt,20
summer,20
stimulator,20
bps,20
assessable,20
chemokine,20
recognised,20
psychologists,20
pfc,20
wrf,20
suvorexant,20
dhea,20
ebrt,20
etravirine,20
gadobenate,20
reactivation,20
actigraphy,20
mbl,20
ius,20
bza,20
cci,20
evl,20
tracker,20
adipokines,20
electrocardiography,20
ids,20
diversion,20
sparse,20
ltd,20
posttrial,20
optics,20
edinburgh,20
compassion,20
rra,20
somatosensory,20
esophagectomy,20
schemes,20
temporomandibular,20
smbg,20
scleral,20
cipn,20
mms,20
hemagglutinin,20
sleeve,20
pseudomonas,20
discectomy,20
opn,20
elite,20
endobronchial,20
getting,20
lrpt,20
cobicistat,20
reconstructions,20
semg,20
bites,19
street,19
ativ,19
tree,19
optimise,19
brimonidine,19
matsuda,19
accelerates,19
rita,19
pacific,19
acuities,19
confident,19
stainless,19
sba,19
massive,19
unfavourable,19
midwives,19
dissolved,19
facit,19
alp,19
elementary,19
twofold,19
powers,19
spid,19
ranked,19
elemental,19
discriminate,19
subconjunctival,19
biology,19
ripasudil,19
overuse,19
thymic,19
luseogliflozin,19
celiac,19
rye,19
bisphosphonate,19
tracer,19
affirm,19
thumb,19
exhibiting,19
breaths,19
orteronel,19
cbr,19
ileostomy,19
tat,19
dcs,19
hemiparetic,19
gsv,19
syrup,19
stai,19
expired,19
suspicion,19
evaluators,19
gemigliptin,19
commencing,19
vat,19
infarcts,19
nec,19
identity,19
classifier,19
fac,19
maladaptive,19
remediation,19
terbutaline,19
phospholipid,19
php,19
ramadan,19
censored,19
midurethral,19
retard,19
primaquine,19
constituted,19
pouch,19
neodymium,19
garnet,19
vsl,19
roflumilast,19
manager,19
nothing,19
llins,19
spacer,19
acamprosate,19
classrooms,19
thorough,19
arbs,19
alternatively,19
jev,19
weekday,19
weekend,19
quinidine,19
dge,19
perforations,19
austria,19
aphakia,19
mars,19
tympanostomy,19
accepting,19
preferentially,19
ehr,19
ephedrine,19
proteomic,19
works,19
snoring,19
bss,19
spirometric,19
ixabepilone,19
plots,19
mandated,19
thick,19
brachytherapy,19
latin,19
occasional,19
mucus,19
tpb,19
secondarily,19
osteitis,19
narrowing,19
losing,19
registries,19
villous,19
carolina,19
connection,19
ert,19
expandable,19
insecticide,19
noxious,19
conductance,19
alleviation,19
cecal,19
confined,19
accept,19
sol,19
irb,19
loratadine,19
causality,19
hre,19
odor,19
subretinal,19
yale,19
vertebroplasty,19
pvp,19
rvr,19
projected,19
basdai,19
basfi,19
voided,19
hypercapnic,19
finishing,19
argentina,19
hed,19
prodrug,19
chocolate,19
neurotoxicity,19
lumacaftor,19
csb,19
fosamil,19
canals,19
files,19
quercetin,19
palatable,19
thoracolumbar,19
stressor,19
ethambutol,19
clipping,19
listened,19
torsion,19
collectively,19
withdrawals,19
pdd,19
supplementing,19
lycopene,19
ihd,19
placing,19
ctl,19
sac,19
ymrs,19
therapeutics,19
climbing,19
dehiscence,19
got,19
tends,19
mtbi,19
alem,19
specialised,19
lactated,19
unpaired,19
pilonidal,19
interbody,19
mapk,19
consort,19
zirconia,19
selectively,19
antisocial,19
tianshu,19
voucher,19
hyperpigmentation,19
circular,19
vignettes,19
ccc,19
dexa,19
perioperatively,19
distressed,19
codeine,19
polysomnographic,19
quite,19
cape,19
stain,19
biochemistry,19
intercept,19
eve,19
websites,19
charge,19
proprioception,19
sutured,19
sinuses,19
encoding,19
telecare,19
paricalcitol,19
smartphones,19
club,19
cos,19
lubricant,19
anteroposterior,19
sternotomy,19
instilled,19
nei,19
mantel,19
ovd,19
carious,19
saq,19
uln,19
detail,19
sponsor,19
vestipitant,19
mtrp,19
she,19
pneumatic,19
utis,19
plot,19
starts,19
coenzyme,19
roi,19
anaesthetics,19
derive,19
overexpression,19
bat,19
ameliorated,19
oss,19
haemostasis,19
offs,19
desmopressin,19
necessity,19
saba,19
thoroughly,19
cytological,19
acepromazine,19
mat,19
schizoaffective,19
survivorship,19
delusions,19
yin,19
permit,19
oxidase,19
diuresis,19
cards,19
balf,19
boundary,19
stunting,19
fractionated,19
dhs,19
etching,19
emollients,19
cellulose,19
deployment,19
ari,19
territory,19
guiding,19
rational,19
requests,19
protecting,19
lamp,19
descent,19
oxidized,19
palo,19
sbi,19
bop,19
watchful,19
israel,19
epicardial,19
seattle,19
itas,19
build,19
decrement,19
radiologist,19
poverty,19
norwood,19
hemiplegia,19
ssts,19
flavanone,19
elbasvir,19
doublet,19
enos,19
olmesartan,19
park,19
trismus,19
mastitis,18
conjunctiva,18
paraffin,18
hfnc,18
numbness,18
pnb,18
contracture,18
vaccinees,18
particulate,18
inclusive,18
migraineurs,18
een,18
airtraq,18
differs,18
google,18
mix,18
histopathology,18
pivcs,18
fulfilling,18
causative,18
antral,18
provocation,18
ebl,18
cytoflavin,18
cascade,18
dorsi,18
concentrated,18
mattress,18
pids,18
autobiographical,18
shuttle,18
cake,18
tavi,18
gib,18
iiv,18
cavities,18
ecchymosis,18
ffs,18
inverted,18
dxm,18
toothbrushes,18
entirely,18
eliminating,18
ascend,18
regulator,18
hibmency,18
isis,18
pertaining,18
chat,18
interindividual,18
genetically,18
elastography,18
deltoid,18
finland,18
febuxostat,18
cover,18
spc,18
personalised,18
lotrafilcon,18
hct,18
kiosk,18
lfd,18
bleomycin,18
emphasizes,18
semester,18
sensing,18
pegaptanib,18
phospholipids,18
anchor,18
fluorodeoxyglucose,18
ciclosporin,18
neurogenic,18
discovery,18
justified,18
bill,18
palmar,18
iugr,18
mgu,18
malnourished,18
unconscious,18
intramyocardial,18
microleakage,18
enterobacteriaceae,18
masking,18
statistician,18
mandible,18
rsb,18
ulceration,18
melanomas,18
svv,18
spf,18
disulfiram,18
pharmacogenetic,18
catalase,18
relax,18
caspase,18
fsfi,18
frovatriptan,18
entrance,18
cbe,18
lixisenatide,18
tracked,18
raom,18
vecuronium,18
beef,18
utilize,18
xuebijing,18
irregularity,18
bacillus,18
dextromethorphan,18
npds,18
disturbed,18
inspection,18
xience,18
odt,18
zdv,18
paradoxical,18
cholera,18
excised,18
eyedrops,18
trocar,18
tehran,18
plif,18
looked,18
onwards,18
pis,18
ergonomic,18
flush,18
bmmc,18
perihematoma,18
ponesimod,18
chlorambucil,18
hob,18
pcd,18
mufa,18
androstenedione,18
doing,18
sounds,18
atlas,18
elispot,18
hardness,18
identifiers,18
shed,18
pdm,18
overestimated,18
pause,18
justify,18
irt,18
sdq,18
mitigated,18
alarms,18
telavancin,18
stick,18
supreme,18
inulin,18
bulbar,18
gbi,18
suggestions,18
isoflavones,18
fins,18
heavier,18
subclasses,18
wise,18
rdt,18
taoc,18
burdens,18
sicam,18
smoker,18
cravings,18
annular,18
quiz,18
formally,18
ntg,18
flutter,18
vitreomacular,18
barrett,18
reconstructive,18
confusion,18
polypeptide,18
mounted,18
preparing,18
adpkd,18
radio,18
guselkumab,18
hep,18
tio,18
toolkit,18
offices,18
transtibial,18
presurgical,18
mcgrath,18
sickle,18
facing,18
nails,18
vagina,18
irc,18
noncompliance,18
infrastructure,18
slice,18
subfield,18
organized,18
ergocalciferol,18
inclination,18
eswl,18
chemotherapeutic,18
rehydration,18
nitinol,18
alnd,18
cited,18
serogroups,18
prediabetic,18
persists,18
gtn,18
skilled,18
iauc,18
damaged,18
scottish,18
hcps,18
activations,18
nepa,18
respondent,18
gls,18
midwife,18
discrete,18
angiopoietin,18
manageable,18
bystander,18
lipus,18
waveform,18
singapore,18
contradictory,18
smc,18
merits,18
nonparametric,18
assault,18
remitted,18
modulator,18
necessitating,18
fingers,18
vivax,18
repaglinide,18
cfh,18
grounded,18
reload,18
anemic,18
intratympanic,18
menu,18
try,18
driver,18
rejected,18
rosa,18
secretory,18
hypochlorite,18
adhere,18
pigmentosa,18
vemurafenib,18
alberta,18
heavily,18
mar,18
str,18
rls,18
sewn,18
amrubicin,18
sprains,18
sir,18
uui,18
ald,18
unavailable,18
intercostal,18
autogenous,18
organism,18
smell,18
olfaction,18
consolidated,18
retinitis,18
shaft,18
johnson,18
oligofructose,18
chiropractic,18
vasodilation,18
peritonsillar,18
meters,18
cpps,18
squat,18
turned,18
hsm,18
fails,18
calcineurin,18
cytomegalovirus,18
dmf,18
gcf,18
pots,18
bud,18
qualitatively,18
contraindications,18
complained,18
disk,18
rvpas,18
gastrocnemius,18
adjudication,18
neurodegenerative,18
wish,18
marina,18
streptococci,18
inlay,18
progestin,18
hypokalemia,18
grazoprevir,18
rim,18
cediranib,18
macro,18
esmolol,18
svri,18
mepolizumab,18
ivaps,18
bvs,18
genitourinary,18
road,18
buffer,18
dentists,18
nact,18
lesson,17
publicly,17
shortest,17
insufficiently,17
refine,17
hifu,17
vaginally,17
microscope,17
ncfm,17
caucasians,17
mentally,17
vial,17
anorectal,17
trachea,17
tamponade,17
nationally,17
cams,17
tele,17
pfizer,17
composites,17
detector,17
posaconazole,17
myomectomy,17
sino,17
cyp,17
ivra,17
copenhagen,17
herbs,17
fab,17
bell,17
rnfl,17
reasonably,17
hips,17
tolvaptan,17
herb,17
albuterol,17
cld,17
poland,17
cpsi,17
synaptic,17
recurred,17
elsewhere,17
satiation,17
recanalization,17
amr,17
oit,17
gastro,17
deafness,17
eighth,17
centralised,17
leucopenia,17
sirt,17
calcifications,17
han,17
steering,17
santa,17
pdr,17
grouping,17
hostility,17
sils,17
credible,17
smd,17
perhaps,17
abduction,17
nse,17
ophthalmology,17
icr,17
swiss,17
intelligibility,17
ohs,17
situational,17
diagnose,17
thyroxine,17
rkt,17
opg,17
nodular,17
prm,17
otoscopy,17
acidophilus,17
sws,17
mpq,17
clavien,17
pediatrics,17
emesis,17
ranelate,17
osi,17
photography,17
pyy,17
disruptive,17
discharges,17
existence,17
bos,17
osteopenia,17
cyclists,17
abacavir,17
insula,17
loudness,17
retainer,17
lbs,17
guard,17
occurrences,17
enrollees,17
penicillin,17
proseal,17
localised,17
androgens,17
artifact,17
karachi,17
transplants,17
rcc,17
educate,17
whichever,17
calmette,17
bony,17
convergent,17
spineboard,17
stroma,17
virtually,17
ipd,17
maturity,17
fluorescent,17
eur,17
qhpv,17
csea,17
pma,17
vasoconstriction,17
para,17
lafutidine,17
predimed,17
cathodal,17
cou,17
coiling,17
activate,17
let,17
overlap,17
shame,17
hdi,17
posterolateral,17
crvo,17
nederlands,17
transarterial,17
radioembolization,17
trichiura,17
orthostatic,17
codon,17
litre,17
cornerstone,17
filters,17
kids,17
sheehan,17
aspart,17
donations,17
dysphonia,17
norwegian,17
evaluative,17
damp,17
cadaveric,17
neurobehavioral,17
clarification,17
bootstrap,17
think,17
micturitions,17
locked,17
ordinary,17
glidescope,17
lvh,17
multiport,17
ombitasvir,17
carries,17
electrocardiograms,17
nonblinded,17
labial,17
lupus,17
bottom,17
psychotherapeutic,17
acj,17
arthrography,17
regained,17
replacing,17
iciq,17
adrenoceptor,17
joa,17
allografts,17
ptx,17
antiseptic,17
srs,17
complaint,17
respimat,17
conversation,17
atelectasis,17
lifelong,17
bcrl,17
kyphoplasty,17
thalidomide,17
ctpa,17
comparatively,17
scaled,17
ewes,17
est,17
coordinated,17
cpg,17
orthotopic,17
loose,17
oncologic,17
cid,17
mrp,17
cardiotoxicity,17
breakdown,17
cdva,17
diphosphate,17
millimeter,17
cores,17
discussing,17
notification,17
municipality,17
chylomicron,17
appeal,17
abused,17
lrh,17
dat,17
dwi,17
melphalan,17
transitional,17
neurons,17
whr,17
speeds,17
adopt,17
mrcc,17
hypnotic,17
neutrophilic,17
melinda,17
gates,17
impulse,17
latest,17
frc,17
peristalsis,17
innovation,17
occipital,17
icers,17
vdr,17
pathologically,17
mate,17
phospholipase,17
ste,17
gaf,17
rapamycin,17
hyperalgesia,17
eos,17
metalloproteinases,17
detraining,17
strip,17
fap,17
wml,17
essentially,17
mhd,17
metropolitan,17
isoprostane,17
ixt,17
urogenital,17
barium,17
prisoners,17
sedatives,17
nicorandil,17
lbnp,17
furazolidone,17
restricting,17
mineralocorticoid,17
restless,17
peroneal,17
nociceptive,17
fontan,17
competition,17
pyrazinamide,17
cow,17
bodyweight,17
btcp,17
colectomy,17
irvine,17
mds,17
encouragement,17
judgments,17
manualized,17
carbidopa,17
simulators,17
membership,17
stn,17
zhongwan,17
mek,17
apheresis,17
ginkgo,17
humanized,17
transluminal,17
platforms,17
installation,17
icbg,17
nortriptyline,17
rhbnp,17
corresponded,17
artifacts,17
esm,17
chlamydia,17
erection,17
socially,17
zambia,17
prison,17
jhg,17
ghana,17
apoptotic,17
quadrant,17
avulsion,17
violent,17
ottawa,17
cetp,17
fan,17
arithmetic,17
parasitological,17
cardiogenic,17
vcv,17
dcc,17
passing,17
shifted,17
ramosetron,17
ordering,17
documents,17
bezafibrate,17
temporarily,17
stoma,17
supratherapeutic,17
monofocal,17
ach,17
quadrivalent,17
failing,17
nigeria,17
teen,17
dystonia,17
relieves,17
waz,17
convergence,17
bite,17
gambling,17
emax,17
metatarsal,17
epley,17
aud,17
rivastigmine,17
dichotomized,17
internalizing,17
bmos,17
idet,17
introducing,17
painless,17
bands,17
subscores,17
laryngoscopic,17
poag,17
exhaust,17
recovering,17
rhgh,17
gmts,17
statements,17
directors,17
transferase,17
friend,17
medroxyprogesterone,17
bia,17
bep,17
fsm,17
reoperations,17
phlebotomy,17
war,17
acu,17
technological,17
notes,17
lymphoblastic,17
league,17
sumatriptan,17
rinsing,17
balugrastim,17
lds,17
kidneys,17
qihai,17
lipase,17
glabellar,17
cntf,17
vastus,17
indeed,16
intraabdominal,16
shu,16
afib,16
notion,16
macitentan,16
forest,16
prebiotic,16
nickel,16
hav,16
aleglitazar,16
resorbable,16
categorised,16
narrative,16
stanford,16
narcotic,16
permissive,16
tot,16
edta,16
intraluminal,16
underestimated,16
finnish,16
hmg,16
illustrate,16
valgus,16
numbered,16
idegasp,16
cotransporter,16
glycerol,16
alcoholism,16
rpfs,16
labelled,16
stis,16
retroperitoneal,16
malapposed,16
cmh,16
contralesional,16
asymmetry,16
cfp,16
annualized,16
cpcs,16
dlqi,16
cariprazine,16
surrogates,16
accumulating,16
posas,16
gsd,16
medetomidine,16
sulphonylurea,16
discriminative,16
abdominoplasty,16
vedotin,16
urti,16
idarucizumab,16
memories,16
dinaciclib,16
heterologous,16
hss,16
circumferences,16
ngh,16
evacetrapib,16
ctnt,16
phonological,16
tth,16
acted,16
pull,16
sedated,16
gat,16
edv,16
phobic,16
lying,16
ucm,16
fibrocaps,16
pwd,16
aggregate,16
ait,16
bio,16
ppts,16
larynx,16
termed,16
pugh,16
extracranial,16
bioavailable,16
flour,16
promoter,16
semistructured,16
hopelessness,16
clubs,16
lanreotide,16
vertebra,16
manifested,16
affirmed,16
subtotal,16
etec,16
palate,16
homelessness,16
lcs,16
dietitian,16
crizotinib,16
antithrombin,16
oblique,16
colour,16
jejunal,16
gratitude,16
snd,16
kps,16
tracheotomy,16
mics,16
meropenem,16
mitogen,16
cli,16
neutralization,16
tinea,16
paramount,16
transoral,16
thrive,16
transitioned,16
acquire,16
ccm,16
alcon,16
fourier,16
lesional,16
neurofeedback,16
referring,16
piperacillin,16
krill,16
breezhaler,16
lactose,16
tracts,16
suspended,16
nipple,16
calorimetry,16
transducer,16
splenic,16
circle,16
hookworm,16
offline,16
cya,16
interscalene,16
comments,16
dce,16
proportionally,16
reintubation,16
reconciliation,16
slowed,16
biotin,16
hydroxychloroquine,16
monocentric,16
intracytoplasmic,16
alb,16
elders,16
disclosed,16
schooling,16
bun,16
wald,16
sacral,16
preinjection,16
pomegranate,16
brown,16
disproportionately,16
masculinity,16
scheduling,16
vps,16
cshi,16
afterward,16
heal,16
relates,16
dates,16
extractions,16
bmiz,16
authorities,16
cerebellar,16
prepubertal,16
eosinophilia,16
appliances,16
khz,16
spiral,16
dependently,16
eaa,16
midpoint,16
collateral,16
cfi,16
pgb,16
gums,16
acpa,16
aspire,16
clotting,16
minimise,16
elastase,16
passes,16
empty,16
spo,16
ridge,16
equipped,16
mumps,16
tcp,16
casts,16
gen,16
lido,16
perianal,16
washing,16
cxr,16
ecgs,16
proportionality,16
suppositories,16
aia,16
bse,16
dysregulation,16
manufacturer,16
fundoplication,16
lilly,16
ebc,16
effector,16
clarified,16
hemiplegic,16
bimanual,16
dnr,16
indeterminate,16
preparedness,16
gated,16
latencies,16
echocardiograms,16
landmarks,16
spend,16
simplification,16
spin,16
eclampsia,16
anaemic,16
dsme,16
implies,16
unanticipated,16
pantoprazole,16
macronutrients,16
ctcae,16
shortens,16
dispensing,16
teae,16
watery,16
cochrane,16
gvhd,16
volunteered,16
haemophilus,16
connect,16
mosquitoes,16
reliever,16
ipa,16
guides,16
mcao,16
sstp,16
infestations,16
hbot,16
ipad,16
restraints,16
vft,16
dislocations,16
mock,16
maropitant,16
incorrect,16
malarial,16
thromboprophylaxis,16
worthy,16
ligating,16
underlie,16
mbcr,16
cbpr,16
ldf,16
transiently,16
nci,16
cml,16
rvo,16
clamps,16
hyperinflation,16
hypercholesterolaemia,16
fragments,16
bushen,16
percentiles,16
circuits,16
stakeholder,16
evenly,16
cll,16
phenomena,16
cambridge,16
unenhanced,16
determines,16
perennial,16
empower,16
partitioned,16
neurostimulation,16
gist,16
phenolic,16
aofas,16
normothermia,16
lipoic,16
liposuction,16
esters,16
leu,16
finish,16
hypofractionation,16
obstacles,16
mycobacterium,16
apwv,16
tubular,16
disciplinary,16
gee,16
mdrd,16
watch,16
anzctr,16
cleavage,16
supraventricular,16
glottis,16
midnight,16
mwc,16
catabolic,16
repeatedly,16
uai,16
sma,16
ctg,16
cups,16
xelox,16
electrophoresis,16
warnings,16
incompletely,16
wmls,16
rhythmic,16
ideas,16
regulates,16
probabilistic,16
weekends,16
ascs,16
lsd,16
predictability,16
fna,16
extensors,16
butyrate,16
edwards,16
inhalational,16
doms,16
bidirectional,16
procollagen,16
hereditary,16
possess,16
solve,16
butter,16
kinesio,16
packaging,16
microarray,16
palliation,16
lvesv,16
hap,16
bap,16
intercellular,16
aws,16
dendritic,16
autistic,16
urticaria,16
preferential,16
ism,16
audits,16
leukocytes,16
emitting,16
endovenous,16
disadvantage,16
esthetic,16
clobetasol,16
transforming,16
clin,16
unsedated,16
bcc,16
infiltrate,16
advancing,16
siblings,16
twins,15
plantarum,15
acc,15
tra,15
fipronil,15
isoenzyme,15
proguanil,15
assertive,15
ist,15
credibility,15
ang,15
bppv,15
lzd,15
ucva,15
secondly,15
scintigraphy,15
tailor,15
rit,15
udva,15
prototype,15
fuchs,15
drowsiness,15
sporadic,15
ftmh,15
ticks,15
internally,15
sterilization,15
icg,15
auricle,15
pfps,15
harris,15
striatum,15
cooperation,15
sternal,15
guardians,15
approximal,15
properly,15
lymphatic,15
tsst,15
mma,15
contraindication,15
svt,15
leukopenia,15
oxa,15
inoculation,15
irrigated,15
aad,15
sae,15
hypo,15
mtm,15
cytotoxicity,15
dyslipidemic,15
reminding,15
mbi,15
anticancer,15
afl,15
workbook,15
pip,15
multiplex,15
ceased,15
antepartum,15
navigator,15
chef,15
resolving,15
familiarity,15
palmitic,15
overcoming,15
hampered,15
prazosin,15
indapamide,15
suitability,15
superimposed,15
beclomethasone,15
databases,15
neighborhoods,15
looking,15
chagas,15
parkinsonian,15
rcf,15
paralyzed,15
widths,15
advisors,15
pegf,15
chelate,15
multidrug,15
ascites,15
unless,15
monocytes,15
miniperc,15
methionine,15
grafted,15
myositis,15
abg,15
admin,15
trialreg,15
psychostimulant,15
resistive,15
hemolysis,15
nasolabial,15
imputed,15
apposition,15
discriminated,15
hama,15
vouchers,15
prostacyclin,15
cyclooxygenase,15
typing,15
tofogliflozin,15
tecemotide,15
petrolatum,15
employee,15
pbs,15
maintains,15
consulting,15
gdt,15
centralized,15
msi,15
lca,15
classify,15
sii,15
opcab,15
nemonoxacin,15
aneurysmal,15
pancreaticoduodenectomy,15
rosea,15
nephrotic,15
abductor,15
frames,15
workstation,15
dect,15
weaned,15
metabolomics,15
economical,15
nepal,15
hemodilution,15
baker,15
pleiotropic,15
porous,15
vedolizumab,15
pft,15
lots,15
hypercapnia,15
cachexia,15
spraying,15
lambda,15
mogen,15
workday,15
dlbcl,15
cls,15
supplies,15
contract,15
bolt,15
rifampin,15
exhibits,15
consequent,15
dentures,15
epidemics,15
tethering,15
dampness,15
polyposis,15
felodipine,15
cau,15
simethicone,15
infested,15
val,15
weekdays,15
repigmentation,15
rams,15
lacerations,15
mrd,15
arts,15
nata,15
droxidopa,15
serous,15
dramatic,15
solitaire,15
asq,15
radiograph,15
unsaturated,15
fluctuation,15
angiokeratoma,15
eli,15
malalignment,15
silica,15
evidently,15
provincial,15
sensitized,15
tcd,15
trainee,15
elicits,15
daidzein,15
moments,15
tetracaine,15
orthognathic,15
incurred,15
kansas,15
devastating,15
extrapyramidal,15
fees,15
permethrin,15
hypothyroidism,15
labels,15
placentas,15
ghq,15
ultrasonographic,15
pubmed,15
ali,15
occasion,15
binds,15
ptcr,15
postures,15
orotracheal,15
fin,15
humerus,15
layered,15
compresses,15
mgd,15
cholangiopancreatography,15
today,15
pathologists,15
beclometasone,15
sphb,15
decrements,15
colestilan,15
proximity,15
nonparetic,15
trt,15
stream,15
patellofemoral,15
suspect,15
der,15
insured,15
walnut,15
blank,15
gastroenterology,15
laryngoscopes,15
colorado,15
approximate,15
intratumoral,15
recipe,15
amelioration,15
columbia,15
proliferator,15
associate,15
favouring,15
sarcopenia,15
sphincterotomy,15
tetravalent,15
sam,15
intrarater,15
gir,15
principally,15
raises,15
spirituality,15
ciprofloxacin,15
ufc,15
wavelength,15
bridging,15
poms,15
apacheii,15
aqlq,15
pulp,15
citrulline,15
acquisitions,15
psf,15
linearly,15
nebulised,15
tos,15
candesartan,15
elevate,15
polyurethane,15
informative,15
extrafine,15
dmo,15
ivh,15
remineralization,15
opt,15
genentech,15
abundant,15
saffron,15
ngf,15
vasograde,15
gos,15
adr,15
neoplastic,15
commonest,15
disaster,15
boosting,15
barc,15
sacrum,15
postvoid,15
accessing,15
negativity,15
emtansine,15
nanoparticles,15
biologics,15
manoeuvres,15
creation,15
redundant,15
displaying,15
bronchitis,15
xylazine,15
fmt,15
isg,15
travoprost,15
primer,15
parasitemia,15
externally,15
lokomat,15
coc,15
oac,15
dissolution,15
lymphocytic,15
isoenergetic,15
systemically,15
picc,15
picu,15
bibliotherapy,15
nephritis,15
induration,15
framing,15
deposits,15
undergraduates,15
spending,15
hsba,15
inequality,15
aer,15
favoured,15
carperitide,15
privacy,15
olp,15
tibolone,15
liked,15
slide,15
hydroxybutyrate,15
ish,15
tartrate,15
sulcus,15
lymphoedema,15
eradicated,15
geographically,15
pearl,15
shanghai,15
wheelchairs,15
infarctions,15
tensor,15
dalk,15
affiliation,15
rosacea,15
chemistry,15
absences,15
opposing,15
lws,15
ligaments,15
accessed,15
stented,15
faced,15
unresponsive,15
benefitted,15
blindness,15
darapladib,15
bronchodilators,15
bleeds,15
divergent,15
qualities,15
zidovudine,15
remnant,15
normalised,15
kdr,15
postrandomization,15
cardioplegia,15
hallucinations,15
parasites,15
ssis,15
cmc,15
dva,14
economics,14
physiologically,14
zoster,14
servo,14
uneventful,14
keratinized,14
igan,14
wbe,14
lbbb,14
rcht,14
mathematical,14
augmenting,14
allocate,14
maaori,14
squibb,14
ranking,14
convincing,14
tdr,14
default,14
mpt,14
bacteraemia,14
derivative,14
bereaved,14
uninsured,14
gbp,14
stannous,14
alfuzosin,14
haz,14
voids,14
childbearing,14
campus,14
ripening,14
reminiscence,14
salts,14
warranting,14
lrygb,14
transferring,14
soleus,14
uremic,14
relational,14
hccs,14
adcs,14
cdr,14
intuitive,14
trns,14
oncologist,14
biasp,14
hsg,14
conflicts,14
hyper,14
electronically,14
bleaching,14
facet,14
mmps,14
binders,14
leuprolide,14
autoinjector,14
benson,14
mebendazole,14
nephrolithotomy,14
ntcp,14
drinker,14
tewl,14
iatrogenic,14
confounded,14
federation,14
vertebrae,14
vera,14
forehead,14
saps,14
bapwv,14
eti,14
morisky,14
thorax,14
acitretin,14
pwt,14
quintile,14
ketodex,14
microbiome,14
amblyopia,14
societies,14
dermatologists,14
rises,14
fort,14
pit,14
colostomy,14
familiar,14
hcp,14
racemic,14
basophil,14
valsalva,14
bore,14
ovariectomy,14
creativity,14
cag,14
qor,14
shpt,14
tables,14
autonomous,14
menqol,14
hypoperfusion,14
halted,14
repellent,14
contractile,14
orexin,14
fabry,14
fib,14
suicidality,14
sasp,14
windows,14
donate,14
alum,14
generates,14
mdma,14
karnofsky,14
prealbumin,14
thematically,14
pricking,14
regret,14
gastritis,14
comprise,14
peroxisome,14
rodent,14
purchase,14
homologous,14
adc,14
obatoclax,14
homozygotes,14
cba,14
electromyographic,14
translocation,14
biomembrane,14
filler,14
counted,14
iabp,14
hstni,14
agree,14
boundaries,14
circi,14
scb,14
vur,14
workstations,14
quarters,14
station,14
dasabuvir,14
metacognitive,14
vdd,14
amt,14
anterolateral,14
signalling,14
projects,14
lpi,14
recognize,14
tor,14
iss,14
trace,14
skipping,14
synbiotics,14
kenyan,14
ima,14
autoregulation,14
mpr,14
microfracture,14
choline,14
axilla,14
sers,14
decitabine,14
manipulations,14
ebs,14
prepregnancy,14
troublesome,14
anp,14
organic,14
distensibility,14
blockage,14
rbcs,14
multicentric,14
inosine,14
hypofractionated,14
kneeling,14
cobalt,14
fft,14
nottingham,14
replacements,14
tlc,14
georgia,14
anastomoses,14
amyotrophic,14
tlim,14
buttonhole,14
pev,14
disbudded,14
tfl,14
cataracts,14
excreted,14
mtor,14
trying,14
heating,14
mastoid,14
tpm,14
proadm,14
seminar,14
contrasting,14
bulk,14
stpp,14
tfv,14
gliclazide,14
generalizable,14
cleared,14
resuscitated,14
vitrectomy,14
tvc,14
underway,14
bifocal,14
lvr,14
endodontic,14
rirs,14
suppresses,14
fallot,14
tetralogy,14
cimp,14
imply,14
fasciitis,14
rewards,14
cevr,14
exerted,14
tgc,14
sll,14
emetogenic,14
nut,14
update,14
seeing,14
smas,14
epileptic,14
mesylate,14
discriminatory,14
ugandan,14
cryopreservation,14
thoracoscopy,14
urokinase,14
hydroxyurea,14
imat,14
oic,14
extends,14
detailing,14
intrarenal,14
stripping,14
doula,14
neglected,14
appraisals,14
ctcs,14
neuroprotection,14
echocardiogram,14
manually,14
swi,14
ligasure,14
carryover,14
loneliness,14
ols,14
ameliorating,14
steep,14
rickets,14
nhf,14
pericarditis,14
antacid,14
explorative,14
pat,14
extrapolated,14
acetylsalicylic,14
pleasant,14
tme,14
bracket,14
tesi,14
injurious,14
fermented,14
comply,14
strips,14
actinomycetemcomitans,14
nmma,14
classifications,14
org,14
haenszel,14
amikacin,14
stg,14
ffm,14
lpm,14
virgin,14
vertex,14
czech,14
titre,14
hbs,14
audiovisual,14
totpar,14
cnp,14
latinas,14
sono,14
fascia,14
buspirone,14
kuntai,14
shortage,14
spots,14
fairly,14
raas,14
nonselective,14
rendered,14
prehypertension,14
normothermic,14
amantadine,14
payer,14
hydroxytryptamine,14
desloratadine,14
sectors,14
sublingually,14
alo,14
veterinary,14
palatal,14
prompting,14
pockets,14
flight,14
pcl,14
chg,14
trelagliptin,14
vlp,14
hrct,14
emphasized,14
paying,14
poster,14
rubella,14
watched,14
ccbt,14
prudent,14
maltitol,14
polypill,14
usg,14
tegner,14
avs,14
radiographically,14
ductus,14
euros,14
kinds,14
agencies,14
intraindividual,14
alleviated,14
extrahepatic,14
phys,14
opiates,14
chemoembolization,14
polyvinyl,14
laminoplasty,14
omitted,14
egcg,14
instrumented,14
motivating,14
gaviscon,14
iri,14
films,14
sig,14
colposuspension,14
inert,14
axonal,14
bfr,14
occiput,14
diagnosing,14
municipal,14
anaesthetist,14
manuscript,14
phenol,14
ffns,14
rcr,14
downstream,14
minerals,14
dominance,14
mirabegron,14
expenditures,14
biomechanics,14
transplanted,14
orc,14
fsp,14
reuse,14
intolerable,14
meanstandard,14
elongation,14
insulinotropic,14
liposomal,14
temporally,14
protrusion,14
victimization,14
chemoimmunotherapy,14
contra,14
thicknesses,14
ida,14
gdp,14
priorities,14
malformation,14
abscesses,14
frs,14
sch,14
balloons,14
triggers,14
bpv,14
churches,14
hidden,14
bioactivity,14
creat,14
mbts,14
crcs,14
sheep,14
unruptured,14
antihyperglycemic,14
complicating,14
crps,14
ibandronic,14
lipolysis,14
proceed,14
mepivacaine,14
bootstrapping,14
accrued,14
bleed,14
stature,14
pseudo,14
psb,14
upregulation,14
pronase,14
conners,14
polyneuropathy,14
cmp,14
neonate,14
astrazeneca,14
jaws,14
kgf,14
multiplicity,14
pronation,14
nation,14
solomon,14
employ,14
ctv,14
pdq,14
lateralis,14
lorcaserin,14
peach,14
heritability,14
prefix,14
imaged,14
progenitor,14
exudative,14
ivm,14
tetrahydrocannabinol,14
formerly,14
religious,14
bcaa,14
transitions,14
biocompatible,14
unblinding,14
sabin,14
rocket,14
ncrt,14
premises,14
rheumatologist,14
pirfenidone,14
immigrant,14
monotherapies,14
handle,14
cmj,14
colonisation,14
hdr,14
bscva,14
nihr,14
kupperman,13
dentistry,13
tanezumab,13
somatization,13
acpr,13
agatston,13
lehane,13
shockwave,13
wood,13
organisational,13
immigrants,13
comb,13
electrosurgical,13
spasm,13
empiric,13
tii,13
anthocyanin,13
urs,13
prozac,13
manoeuvre,13
cobimetinib,13
accountability,13
lacks,13
book,13
discriminating,13
incurable,13
mirena,13
promis,13
magnitudes,13
sprints,13
gcdfp,13
danoprevir,13
eversion,13
lumpectomy,13
strictly,13
neighbourhoods,13
bishop,13
faceted,13
mmas,13
bronchodilation,13
frontline,13
gaze,13
shang,13
nutritive,13
acetonide,13
cobra,13
longus,13
underscore,13
aur,13
pedis,13
tgs,13
bocs,13
bangkok,13
laropiprant,13
reassessment,13
connections,13
cryptococcal,13
capacities,13
fluoropyrimidine,13
masitinib,13
lac,13
whenever,13
placements,13
understudied,13
sarcopenic,13
angeles,13
rolling,13
conversations,13
posttransplant,13
ttc,13
tblb,13
oophorectomy,13
homogeneity,13
arsenic,13
hemiarthroplasty,13
icotinib,13
normobaric,13
patiromer,13
eliciting,13
humidified,13
heme,13
tolerant,13
ata,13
sarcoidosis,13
contrasts,13
ovariohysterectomy,13
sdai,13
atrium,13
incisors,13
provoked,13
dhi,13
tafenoquine,13
onward,13
pali,13
upstream,13
mentors,13
msa,13
fitzpatrick,13
allocations,13
impulsive,13
generalize,13
selectivity,13
hounsfield,13
trus,13
bsm,13
thromboxane,13
lighting,13
normoxia,13
volitional,13
rif,13
brsv,13
catch,13
willebrand,13
cvs,13
agp,13
stellate,13
deal,13
sunflower,13
adefovir,13
sape,13
spatiotemporal,13
serially,13
fissures,13
avd,13
educator,13
iodinated,13
menarche,13
nanoparticle,13
adjudicators,13
dalotuzumab,13
inotrope,13
gmcs,13
island,13
potentiate,13
hepb,13
ddgs,13
vinblastine,13
menses,13
anticonvulsant,13
vvv,13
heparins,13
undernourished,13
punishment,13
conservation,13
delineated,13
ecr,13
postinjection,13
goldmann,13
tonometer,13
pfp,13
ifrt,13
pinning,13
gmbh,13
inserting,13
plug,13
randomizing,13
ecstasy,13
wherein,13
bimonthly,13
cisb,13
calm,13
piriformis,13
pfn,13
reviewing,13
modic,13
rand,13
arformoterol,13
gik,13
psychotropic,13
mimic,13
rrs,13
normoglycemia,13
fibrate,13
repairs,13
suspicious,13
complexes,13
aloe,13
advertisement,13
vii,13
ipth,13
dcm,13
frey,13
fosfomycin,13
mivacurium,13
spouse,13
excimer,13
hoffmann,13
keratomileusis,13
prestudy,13
pulsatility,13
remotely,13
apomorphine,13
apple,13
afamelanotide,13
caha,13
photophobia,13
motives,13
steatohepatitis,13
prism,13
lav,13
harvesting,13
conservatively,13
islet,13
ccb,13
bsc,13
undesirable,13
poi,13
intensivists,13
considerations,13
enhancer,13
tef,13
solitary,13
depths,13
macroscopic,13
pkp,13
tying,13
diseased,13
amgen,13
glycation,13
basi,13
ippb,13
myocarditis,13
bohv,13
erosions,13
policymakers,13
avian,13
capabilities,13
coordinator,13
brought,13
string,13
yanglingquan,13
natal,13
medicinal,13
bleedings,13
ads,13
tenth,13
transpeptidase,13
crushing,13
enrol,13
parenchyma,13
fuzhenghuayu,13
subthreshold,13
cinnamon,13
rsi,13
ataxia,13
curettage,13
issued,13
unipolar,13
dit,13
surprisingly,13
acetylcholine,13
pipelle,13
nonuse,13
gurin,13
rbp,13
hiie,13
metabolized,13
kennedy,13
mmt,13
nonhuman,13
adhesiolysis,13
casual,13
optimally,13
mrrhtsh,13
tmt,13
cilengitide,13
nmss,13
deodorant,13
cmm,13
colleagues,13
bmmnc,13
actuations,13
sulfonylureas,13
mitoxantrone,13
fovea,13
neuroplasticity,13
derivatives,13
decided,13
alc,13
mitiglinide,13
rabbit,13
apnoea,13
utilised,13
averaging,13
meconium,13
church,13
roughly,13
sli,13
milnacipran,13
unstructured,13
colonoscopies,13
irf,13
waso,13
happy,13
regorafenib,13
queensland,13
descemet,13
mbg,13
gpa,13
berlin,13
rikkunshito,13
peroxidase,13
graves,13
flank,13
hfc,13
gravity,13
offenders,13
microglobulin,13
premenstrual,13
convert,13
noncompartmental,13
pharmacology,13
orgasm,13
uroflowmetry,13
benznidazole,13
nsw,13
cheap,13
avatar,13
lrti,13
translates,13
dui,13
tricuspid,13
mud,13
njt,13
develops,13
consultant,13
lct,13
lvrs,13
rifapentine,13
pounds,13
ramp,13
yeast,13
roughness,13
cik,13
simulate,13
nanoceria,13
ivt,13
intrapartum,13
sigmoid,13
dhap,13
definitively,13
enema,13
luteal,13
laxative,13
distilled,13
fibroid,13
career,13
blanket,13
nabiximols,13
sxqol,13
schema,13
oradj,13
pennation,13
piracetam,13
interviewers,13
flatulence,13
monofilament,13
pae,13
serotonergic,13
daylight,13
signatures,13
opened,13
alefacept,13
thr,13
decay,13
peb,13
nucleos,13
copeptin,13
csm,13
rehab,13
fossa,13
holiday,13
mupirocin,13
maleate,13
attribute,13
ara,13
shortness,13
withholding,13
mycotic,13
exhaustive,13
undetected,13
ultimate,13
ases,13
fosq,13
retainers,13
nrca,13
sprinkles,13
infusional,13
supratentorial,13
cobb,13
arrived,13
pws,13
hos,13
estimable,13
neuron,13
subcohort,13
boehringer,13
ingelheim,13
man,13
contaminated,13
perpetration,13
islander,13
phylogenetic,13
ple,13
boiled,13
lane,13
abp,13
insecurity,13
constraint,13
advertising,13
dexketoprofen,13
vocabulary,13
pig,13
mfgm,13
estrogens,13
basilar,13
refill,13
hrr,13
pcia,13
glyceryl,13
trinitrate,13
nano,13
quadratic,13
chlorella,13
scaphoid,13
gadopentetate,13
orientated,13
vasodilatation,13
interposition,13
arrhythmic,13
daycare,13
epipen,13
patella,13
realistic,13
pennsylvania,13
pulpotomy,13
isolate,13
exacerbated,13
nasa,13
pvs,13
criminal,13
repolarization,13
pbi,13
subsp,13
cardiothoracic,13
nodat,13
undetermined,13
intraarticular,13
emc,13
cgt,13
intracuff,13
canrenone,13
isb,13
longacting,13
barcelona,13
hsi,13
coinfected,13
supra,13
sciatica,13
cleansers,13
dihydroxyvitamin,13
vast,13
reappraisal,13
strabismus,13
facemask,13
yerba,13
dlbp,13
fluvoxamine,13
extravascular,13
myeloperoxidase,13
aed,13
maximizing,13
udca,13
asystolic,13
freehand,13
bln,13
hyoscine,13
snri,13
secreted,13
rca,13
exclusivity,13
fibrous,13
myers,13
pred,13
epoetin,13
transperineal,13
palatability,13
continuum,13
chicago,13
sensitizing,13
commission,13
urease,13
wheal,12
rao,12
pamoate,12
expose,12
aligned,12
microns,12
barr,12
emboli,12
mmd,12
hcq,12
jiaji,12
wii,12
dsl,12
nal,12
nonwhite,12
law,12
resume,12
clamped,12
attracted,12
physostigmine,12
desquamation,12
polypharmacy,12
employers,12
cbsm,12
manufacturers,12
knot,12
drilling,12
fcl,12
leaf,12
transepidermal,12
malawian,12
branches,12
rpp,12
einstein,12
unrestricted,12
medicated,12
ilm,12
bead,12
plts,12
hematology,12
rape,12
dipropionate,12
citric,12
eraf,12
carprofen,12
declared,12
gst,12
cotton,12
montreal,12
pistachio,12
pressurised,12
breakup,12
ptb,12
deliberate,12
alleviates,12
retardation,12
fragrance,12
mammographic,12
ovaries,12
diminishing,12
balneotherapy,12
gxr,12
approaching,12
refrain,12
town,12
federally,12
ingesting,12
thymus,12
bicros,12
splanchnic,12
gonadotrophin,12
prus,12
endometritis,12
proficient,12
charcoal,12
slices,12
symmetrical,12
lips,12
rqlq,12
tophus,12
adhering,12
dms,12
tcs,12
compensate,12
conformity,12
discounting,12
hhs,12
asah,12
saved,12
scopolamine,12
myogenic,12
spinecor,12
hhv,12
virion,12
animalis,12
vasc,12
evd,12
actrn,12
hec,12
logarithm,12
pregnenolone,12
micrograms,12
venepuncture,12
testimonial,12
dll,12
cetirizine,12
microflora,12
eap,12
cbm,12
cine,12
pfm,12
transparency,12
dying,12
impacting,12
lipemia,12
aprp,12
lpl,12
poise,12
nonmedical,12
cathepsin,12
institutionalized,12
shelter,12
miss,12
bridge,12
ebf,12
hypoparathyroidism,12
augments,12
immature,12
chances,12
conferring,12
adrenocorticotropic,12
desk,12
hinder,12
cholangitis,12
nsi,12
quicki,12
advise,12
appealing,12
asct,12
psq,12
wbs,12
quantifiable,12
penn,12
mie,12
pictorial,12
azcq,12
greenlight,12
liquids,12
dissatisfied,12
postbaseline,12
crystalloids,12
cormack,12
randomize,12
standardize,12
endotoxemia,12
provinces,12
diaphragmatic,12
gsrs,12
ensured,12
iasp,12
texas,12
bronchoscopic,12
paternal,12
swl,12
equilibrium,12
apt,12
summarized,12
holistic,12
dihydrotestosterone,12
flumazenil,12
latina,12
baricitinib,12
mods,12
eventual,12
ucb,12
electroencephalography,12
propeptide,12
competencies,12
onion,12
wep,12
budget,12
ugfs,12
aas,12
completer,12
devised,12
azli,12
pdc,12
taps,12
neomycin,12
template,12
orifice,12
manipulative,12
cameroon,12
nvas,12
coi,12
button,12
mastalgia,12
dorzolamide,12
russian,12
toenail,12
scandinavian,12
gmc,12
relying,12
mdrs,12
intentional,12
hirsutism,12
pupae,12
references,12
staged,12
faf,12
accommodating,12
silove,12
slopes,12
aerosolized,12
matches,12
alemtuzumab,12
lrs,12
rizatriptan,12
bifocals,12
partition,12
fatigued,12
awaiting,12
fund,12
immunonutrition,12
insecticidal,12
monounsaturated,12
igfr,12
planes,12
omission,12
trusts,12
swab,12
nebulizer,12
intervening,12
styles,12
pegol,12
concise,12
itopride,12
nonmetastatic,12
scchn,12
intubate,12
wong,12
fits,12
addicts,12
hyperresponsiveness,12
dlb,12
callus,12
radiologically,12
ssvep,12
premedicated,12
overlapping,12
idea,12
fdi,12
riluzole,12
plb,12
milan,12
appraisal,12
ingredient,12
ophthalmoscopy,12
sensorineural,12
scorad,12
beds,12
mainland,12
handout,12
tachyarrhythmias,12
tachyarrhythmia,12
sse,12
fostering,12
subfoveal,12
reinfusion,12
diminishes,12
vgf,12
aba,12
anticipatory,12
mil,12
psychodynamic,12
yintang,12
wmft,12
broccoli,12
erbb,12
borne,12
mitigating,12
motesanib,12
corrective,12
naocl,12
nondipping,12
combi,12
smiling,12
haemodynamics,12
exercisers,12
singing,12
twitch,12
jelly,12
musculature,12
btb,12
rays,12
ctbs,12
burping,12
astaxanthin,12
inattention,12
boulardii,12
telemetry,12
aac,12
hematuria,12
dispensed,12
thalassemia,12
vaniprevir,12
dbcg,12
notch,12
detrusor,12
drip,12
anovas,12
macrophages,12
oats,12
retesting,12
analogs,12
utilising,12
master,12
planar,12
communications,12
unsuitable,12
communicated,12
antidiabetes,12
quest,12
eribulin,12
cued,12
polypectomy,12
asm,12
edc,12
dlts,12
dlt,12
mtd,12
lmw,12
bfgf,12
absorbing,12
chemoattractant,12
hypophosphataemia,12
tdt,12
antecedents,12
employs,12
tdm,12
deflation,12
yellow,12
baclofen,12
ausdrisk,12
purchases,12
bim,12
cti,12
keratoses,12
telephonic,12
oscillations,12
radiochemotherapy,12
dinoprostone,12
monday,12
lactoferrin,12
eto,12
ssveps,12
pav,12
eda,12
aversive,12
amenable,12
editors,12
gilead,12
silymarin,12
eta,12
haic,12
plausible,12
ent,12
funder,12
venipuncture,12
zpp,12
arthrodesis,12
sberg,12
obesogenic,12
reboxetine,12
optimism,12
drps,12
rhepo,12
smr,12
logistical,12
rhigf,12
abaloparatide,12
reevaluated,12
maces,12
michigan,12
arches,12
tdap,12
latissimus,12
gmfm,12
cerclage,12
moist,12
hbm,12
hrp,12
truview,12
qbas,12
directional,12
commands,12
mlkg,12
nonsmoking,12
sulodexide,12
blur,12
djbl,12
competent,12
etamicastat,12
transepithelial,12
aristotle,12
blot,12
expander,12
registers,12
fst,12
hbo,12
pln,12
amagine,12
htpr,12
ntc,12
cvf,12
spectacles,12
nitroprusside,12
correlating,12
ide,12
pacic,12
dexrazoxane,12
cot,12
belgian,12
evoo,12
hypoxaemia,12
kelman,12
ziwuliuzhu,12
orm,12
confocal,12
unexposed,12
healthful,12
ectasia,12
corroborate,12
purification,12
csi,12
posted,12
vtc,12
simva,12
pten,12
retching,12
stanol,12
mirtazapine,12
dispersible,12
appetitive,12
spirit,12
blister,12
prometheus,12
conversions,12
descriptions,12
dart,12
tafluprost,12
phosphoprotein,12
permeable,12
brackmann,12
ipsilesional,12
halitosis,12
lightening,12
adhesives,12
charges,12
ehealth,12
mss,12
resumed,12
normality,12
overdose,12
pars,12
lengthening,12
exaggerated,12
property,12
precooling,12
disseminate,12
crbd,12
ripostc,12
rbt,12
downregulated,12
nspt,12
angioedema,12
malaise,12
pdph,12
lineage,12
overfeeding,12
fetuses,12
sublobar,12
spv,12
integrates,12
nst,12
bioimpedance,12
fondaparinux,12
dyadic,12
mcimt,12
settling,12
cdss,12
sectionally,12
mixing,12
imid,12
bta,12
accelerating,12
poison,12
bmscs,12
unspecified,12
demineralized,12
premolar,12
sensors,12
maximally,12
worksite,12
oesophagogastric,12
pmd,12
tem,12
wtp,12
named,12
varus,12
cryopreserved,12
spg,12
fai,12
aromatherapy,12
incarceration,12
catecholamine,12
antioxidative,12
condylar,12
iccs,12
azacitidine,12
fewest,12
monovision,12
grids,12
pol,12
egb,12
wisdom,12
packet,12
weigh,12
abstracts,12
bgc,12
microspheres,12
memorial,12
chief,12
entries,12
aggregated,12
turb,12
nses,12
aetiology,12
orders,12
ped,12
prograf,12
breakage,12
microrna,12
gmrs,12
bcqb,12
eyelids,12
dronedarone,12
worthwhile,12
ckdu,12
ssf,12
tts,12
opted,12
vegetative,12
etr,12
bromfenac,12
nonunion,12
euglycaemic,12
cov,12
administrators,12
evogliptin,12
mgfr,12
icv,12
lad,12
pumps,12
csii,12
anxiolytic,12
bai,12
stabilised,12
spreading,12
oculomotor,12
saccadic,12
radiant,12
successes,12
xinfeng,12
accommodations,12
gada,12
npv,12
supination,12
pinch,12
ecn,12
fascial,12
oxantel,12
pishu,12
ost,12
feces,12
journal,12
dad,12
joules,12
pedometers,12
stabilizers,12
minimization,12
pgx,12
concealment,12
victoria,12
relaxant,12
regulations,12
medius,12
flattening,12
shenmen,12
ranitidine,12
clinicopathological,12
svp,12
butterfly,11
enforcement,11
cry,11
toyocerin,11
meglumine,11
bosentan,11
declamping,11
intralase,11
enbd,11
pegboard,11
interfaces,11
repens,11
serenoa,11
uniquely,11
dtpa,11
ubt,11
gpnmb,11
substituting,11
tapp,11
illumination,11
collections,11
rhubarb,11
cbi,11
ifa,11
rda,11
advisory,11
noradrenergic,11
amsterdam,11
mathematics,11
aca,11
fluorometholone,11
slf,11
prosocial,11
apf,11
epic,11
pollution,11
stenoses,11
amalgam,11
snellen,11
eardrops,11
fdrs,11
insignificantly,11
rigidity,11
ostial,11
ccu,11
spr,11
paralleled,11
tubing,11
violations,11
heated,11
monofluorophosphate,11
deceased,11
weakly,11
wellcome,11
laz,11
duchenne,11
monovalent,11
suboptimally,11
tags,11
definitely,11
bulky,11
afforded,11
clips,11
gemifloxacin,11
arthropathy,11
houses,11
gbv,11
heights,11
hfmd,11
slip,11
msp,11
oclacitinib,11
technetium,11
fears,11
scf,11
cholesteryl,11
acls,11
pressing,11
sockets,11
tralokinumab,11
esa,11
articulating,11
featuring,11
carbonyl,11
bcl,11
hvcv,11
podiatry,11
midterm,11
suit,11
oxalate,11
suited,11
wetting,11
lottery,11
bbb,11
pce,11
interspinous,11
rgt,11
asas,11
ohrqol,11
nfr,11
tennis,11
rdts,11
fractured,11
workplaces,11
psychotherapies,11
glenohumeral,11
dieting,11
conv,11
collaterals,11
housed,11
mpap,11
meddiet,11
stabilizing,11
bkp,11
fabricated,11
cfq,11
infective,11
oropharynx,11
typhoid,11
endo,11
osteosynthesis,11
trade,11
linoleic,11
hyperthermic,11
stringent,11
heifers,11
endorphin,11
tbs,11
germ,11
mln,11
irregular,11
meridians,11
tlesrs,11
transfers,11
quintiles,11
taiwanese,11
mepilex,11
nmr,11
inspiration,11
idi,11
interfering,11
posed,11
ivrt,11
folinic,11
tasking,11
enduring,11
handed,11
allantoin,11
kinesiology,11
possibilities,11
duke,11
halt,11
vtas,11
container,11
uncoated,11
ran,11
sth,11
helminth,11
hydrated,11
purported,11
labetalol,11
thermoneutral,11
hinged,11
sanitation,11
unrecognized,11
gating,11
shbg,11
portfolio,11
karolinska,11
stockholm,11
communicable,11
wechsler,11
lipegfilgrastim,11
army,11
icam,11
hilar,11
brings,11
flared,11
kinesiophobia,11
stopp,11
sed,11
gag,11
euroscore,11
lasek,11
tour,11
wireless,11
ivig,11
kgd,11
ctn,11
bwt,11
cervicogenic,11
transendocardial,11
nystagmus,11
arat,11
seoul,11
leuprorelin,11
fice,11
unvaccinated,11
bran,11
colesevelam,11
eoc,11
valence,11
aro,11
elapsed,11
rock,11
donated,11
topotecan,11
neoplasm,11
recurring,11
adjuncts,11
transbronchial,11
widening,11
cochran,11
vorinostat,11
trees,11
toenails,11
thiamin,11
unsafe,11
baroreflex,11
factsheet,11
resist,11
methylenethf,11
papp,11
swift,11
cyclobenzaprine,11
meets,11
triacylglycerol,11
proclinical,11
fhr,11
bpa,11
rumination,11
blog,11
cch,11
ikdc,11
speculum,11
mpds,11
minorities,11
krg,11
destruction,11
tni,11
biw,11
subcortical,11
mutual,11
salpingectomy,11
lvm,11
bilingual,11
digestion,11
receptivity,11
mediates,11
nfc,11
prescribe,11
curricular,11
mage,11
securing,11
dominated,11
toothache,11
subsidence,11
astigmatic,11
linolenic,11
osm,11
epigenetic,11
varicocele,11
nns,11
mindful,11
prepuce,11
vmt,11
transformation,11
wai,11
begins,11
mapped,11
multinomial,11
miles,11
rtv,11
friday,11
oabss,11
levator,11
rmssd,11
computers,11
thiazide,11
syncytial,11
dead,11
lnf,11
impairing,11
alectinib,11
disinhibition,11
emcc,11
oncologists,11
carlo,11
plma,11
carbapenemase,11
oligosaccharides,11
ssd,11
rhinoplasty,11
strand,11
pens,11
ttrtp,11
meaningfully,11
entropy,11
afx,11
imperative,11
wearers,11
sav,11
err,11
intradialytic,11
holes,11
addictive,11
isoform,11
flaxseed,11
ltfc,11
restaurant,11
gcpgc,11
cable,11
achievable,11
orchiopexy,11
bisulfite,11
bending,11
panoply,11
aads,11
articulation,11
smoothness,11
vienna,11
periventricular,11
discourse,11
cephalometric,11
dipping,11
refinement,11
hme,11
antiemetics,11
bmr,11
thrust,11
incubation,11
heterozygous,11
fts,11
mig,11
defensive,11
isosorbide,11
predose,11
interpret,11
big,11
lipo,11
lrm,11
cft,11
cerebellum,11
corona,11
meant,11
gpiib,11
dearterialization,11
spondylolisthesis,11
brachii,11
pde,11
iliohypogastric,11
ilioinguinal,11
melanin,11
relapsers,11
serological,11
seropositivity,11
mgp,11
phc,11
tur,11
ets,11
asdas,11
menorrhagia,11
fct,11
hypercalciuria,11
aminocaproic,11
epsilon,11
davunetide,11
cvi,11
dilatational,11
lte,11
svc,11
reversion,11
polish,11
durham,11
lrr,11
gadoxetic,11
hereafter,11
bml,11
containers,11
hypertriglyceridaemia,11
normoglycemic,11
assisting,11
idose,11
evolved,11
constitutes,11
psychoactive,11
atii,11
assurance,11
tdv,11
shelf,11
diego,11
atovaquone,11
sca,11
radicals,11
learner,11
retirement,11
certolizumab,11
hypobaric,11
pateclizumab,11
kccq,11
intussusception,11
oscillation,11
cmx,11
analysing,11
slept,11
stairs,11
mhz,11
cwd,11
indians,11
leep,11
stocking,11
gusto,11
slc,11
comet,11
phosphorylated,11
microdialysis,11
fle,11
gtv,11
doxepin,11
calcaneal,11
slides,11
encapsulated,11
taqman,11
informant,11
impede,11
dyspareunia,11
osteopathy,11
dihydroartemisinin,11
pringle,11
sanders,11
rmq,11
asenapine,11
enac,11
presumably,11
pages,11
dyspeptic,11
efinaconazole,11
hfcwo,11
sunlight,11
denvax,11
lambs,11
cotrimoxazole,11
motivate,11
parenchymal,11
monte,11
lining,11
pore,11
excite,11
citrus,11
featured,11
pathologist,11
mft,11
trap,11
avoids,11
conduit,11
simplex,11
shenque,11
swd,11
dasatinib,11
bva,11
circuitry,11
fleas,11
passively,11
aopp,11
ganglia,11
prehypertensive,11
annua,11
mod,11
restores,11
immobilized,11
obstetrical,11
artefacts,11
ielt,11
biv,11
unconditional,11
entity,11
stemo,11
itbs,11
parasitaemia,11
restaurants,11
clp,11
bmg,11
xlrp,11
brb,11
remainder,11
pyrosequencing,11
gather,11
toc,11
daptomycin,11
nmda,11
stimulations,11
monophosphate,11
orthodema,11
pelubiprofen,11
anisotropy,11
tongxinluo,11
catabolism,11
bodies,11
erythropoiesis,11
taurine,11
epicondylitis,11
aesthetics,11
cecum,11
lethal,11
inputs,11
sterols,11
talc,11
arise,11
pim,11
jme,11
chickens,11
botox,11
extensions,11
myoglobin,11
diopter,11
unaided,11
isobaric,11
organisations,11
erbium,11
fmol,11
scfa,11
neu,11
cool,11
puerto,11
ucla,11
unfav,11
var,11
figures,11
sichuan,11
antitumour,11
srran,11
caffeinated,11
exons,11
cdsmp,11
rhamnosus,11
cipii,11
disperse,11
analysts,11
retain,11
flicker,11
aha,11
mgmt,11
kellgren,11
teenage,11
tromethamine,11
lichen,11
theanine,11
clofibrate,11
becomes,11
nol,11
relies,11
surge,11
gametocyte,11
ssti,11
silicosis,11
manifestation,11
att,11
mast,11
payments,11
expanders,11
cpet,11
suprapubic,11
irritative,11
cocoa,11
metronome,11
aperture,11
foetal,11
anisometropia,11
intravesical,11
balancing,11
ultrathin,11
fried,11
dfdba,11
labeling,11
germline,11
draws,11
tsm,11
propiverine,11
tray,11
microbiologically,11
emotionally,11
occlusions,11
nomogram,11
arousals,11
urocortin,11
cation,11
unassisted,11
acclimation,11
tanner,11
transseptal,11
laparoscope,11
rrn,11
bilevel,11
workup,11
diquafosol,11
vulvas,11
consult,11
oar,11
amnesia,11
lbn,11
serelaxin,11
relied,11
tibiofemoral,11
hepcidin,11
qpt,11
feishu,11
fam,11
lse,11
bundles,11
valganciclovir,11
hosiery,11
ergonomics,11
nslbp,11
mrvol,11
hemodynamically,11
lastly,11
gcbt,11
sar,11
prolene,11
tozadenant,11
kilograms,11
siga,11
sauce,11
clerkship,11
tex,11
distinguished,11
herniorrhaphy,11
excipients,11
appreciation,11
cheaper,11
cones,11
coming,11
cacs,11
schistosomiasis,11
humidification,11
leishmaniasis,11
midlife,11
packages,11
regulators,11
carotenoid,11
bevel,11
humidity,11
hoarseness,11
orchidectomy,11
ccp,11
inferences,11
resultant,11
unexplored,10
neurorehabilitation,10
laa,10
icts,10
brochures,10
bzd,10
turis,10
eular,10
farm,10
butyl,10
hyponatraemia,10
soaps,10
turkish,10
drks,10
pdb,10
uniformly,10
gii,10
turbuhaler,10
ask,10
owner,10
tpp,10
ade,10
thiopurine,10
tursl,10
economically,10
saver,10
sacrospinous,10
guanosine,10
moral,10
normalisation,10
plr,10
hydrate,10
midwifery,10
uptitration,10
remembered,10
differentiating,10
idelalisib,10
hearts,10
zones,10
twt,10
axillae,10
tbse,10
quadrants,10
mlh,10
guanfacine,10
pil,10
acknowledged,10
flunarizine,10
mobid,10
slurry,10
eghem,10
mads,10
repletion,10
encompasses,10
drg,10
rlx,10
hemoclips,10
ricover,10
heard,10
qid,10
childcare,10
lhrha,10
microencapsulated,10
abortions,10
swabbing,10
ppl,10
nonadherent,10
discover,10
millisecond,10
prokinetic,10
gastroscopy,10
robenacoxib,10
pdrn,10
mnt,10
tuberculous,10
microalbuminuria,10
lawrence,10
terbinafine,10
dcxc,10
strengthened,10
hfsr,10
transform,10
vinci,10
hcvr,10
darbepoetin,10
pafr,10
repeatability,10
gauze,10
combo,10
uncertainties,10
agave,10
erythrocytic,10
quebec,10
deteriorate,10
amendment,10
cocktail,10
ultrabrief,10
tiredness,10
nsd,10
happened,10
unemployed,10
dep,10
dacomitinib,10
mai,10
handled,10
bark,10
ves,10
lavender,10
sugars,10
representation,10
recorder,10
calendar,10
ngml,10
flag,10
polio,10
recessions,10
breathe,10
cont,10
draping,10
coronally,10
delineation,10
tumescence,10
arabic,10
rabbits,10
pork,10
preexposure,10
ccq,10
diffractive,10
producers,10
colistin,10
nomograms,10
foramen,10
gastroduodenal,10
inpulsis,10
sigmoidectomy,10
trtt,10
pigmentation,10
illinois,10
attendings,10
microbleeds,10
piperaquine,10
positives,10
transgender,10
scapularis,10
graph,10
aqx,10
lima,10
nucleoplasty,10
merely,10
levetiracetam,10
outlines,10
bases,10
iath,10
inherent,10
runs,10
ove,10
aromatic,10
univariable,10
witnessed,10
econazole,10
searching,10
hemorrhages,10
narrower,10
bailout,10
bromelain,10
ebb,10
leukotriene,10
bereavement,10
aefi,10
swing,10
peking,10
boar,10
stim,10
piccs,10
itns,10
frustration,10
sos,10
rer,10
formulae,10
cmf,10
exotropia,10
newsletters,10
official,10
gcv,10
haemostatic,10
scientifically,10
tregs,10
pact,10
riboflavin,10
lyric,10
deletion,10
fibrinolytic,10
triceps,10
sfx,10
leaflets,10
uppp,10
sris,10
basics,10
dysmenorrhoea,10
detemir,10
supervisory,10
wnt,10
visitors,10
thi,10
loco,10
hernioplasty,10
propolis,10
cladribine,10
longevity,10
ball,10
engineering,10
helioseal,10
tri,10
fibrotic,10
dar,10
gingivalis,10
mio,10
corrections,10
vesicles,10
limbal,10
usd,10
epstein,10
store,10
nelson,10
professionally,10
crpc,10
rested,10
sln,10
gentle,10
homeopathic,10
nras,10
methodologies,10
culprit,10
lvmi,10
fds,10
dancers,10
aphakic,10
lobar,10
sre,10
nbca,10
nuclei,10
gallstones,10
reflow,10
oxy,10
del,10
vol,10
aponeurosis,10
tucking,10
ospe,10
rarp,10
kampala,10
secured,10
entacapone,10
stc,10
noninfectious,10
ovcfs,10
aldrete,10
centigrade,10
bronchoalveolar,10
velcalcetide,10
lvrr,10
transaminases,10
boards,10
splinting,10
fenofibric,10
meniscal,10
allelic,10
counsellor,10
ureteroscope,10
reversing,10
exocrine,10
epap,10
eprex,10
mutually,10
ifc,10
join,10
ivta,10
inotropes,10
wipes,10
lnmma,10
incubator,10
sce,10
characterizing,10
comprehensively,10
hydrophobic,10
generator,10
oseltamivir,10
bioline,10
amphetamine,10
sucking,10
transtheoretical,10
inducible,10
iguratimod,10
checkpoint,10
opsonophagocytic,10
endometrioma,10
gnrha,10
semiautomatic,10
vigor,10
desmoteplase,10
jetpeel,10
catumaxomab,10
ptns,10
aranesp,10
shapes,10
centile,10
lgp,10
pku,10
eaters,10
onl,10
uacr,10
huoxue,10
pnd,10
gvl,10
notching,10
pharmacologically,10
manufactured,10
dindo,10
adh,10
polydrug,10
kmi,10
serologic,10
quantifying,10
mwm,10
caudate,10
southeastern,10
nepap,10
adf,10
discogenic,10
aiding,10
helpfulness,10
mycological,10
earliest,10
resuming,10
articles,10
ctdivol,10
macula,10
pipp,10
ligustrazine,10
saturations,10
levomilnacipran,10
slns,10
yiqi,10
demineralization,10
oag,10
sim,10
descriptively,10
trehalosi,10
analogous,10
ipp,10
intend,10
stacking,10
taxanes,10
climb,10
cus,10
modulus,10
killed,10
lisdexamfetamine,10
chip,10
beneficially,10
elastics,10
secur,10
zimbabwe,10
hepatotoxicity,10
polydextrose,10
nsabp,10
torres,10
strait,10
teat,10
multidetector,10
depleting,10
diesel,10
grape,10
aberration,10
hoas,10
norovirus,10
goiter,10
epileptiform,10
brisk,10
capturing,10
naps,10
cardioprotection,10
stunning,10
anthracyclines,10
basiliximab,10
justification,10
retroview,10
fcm,10
eset,10
pra,10
crf,10
structurally,10
committed,10
ghd,10
quintuple,10
sbt,10
crevicular,10
warmth,10
tma,10
abobotulinumtoxina,10
primates,10
verbally,10
clinicaltrials,10
ureteroscopic,10
kgm,10
agitated,10
succinate,10
hdt,10
nephrolithiasis,10
milestones,10
fsws,10
unemployment,10
canoladha,10
lta,10
keratosis,10
hyperinsulinaemic,10
normalize,10
gci,10
hedonic,10
pharmacotherapies,10
inaccurate,10
aquacel,10
adrenocortical,10
formalin,10
nonnucleoside,10
retrobulbar,10
limbic,10
philtral,10
brinzolamide,10
adipocyte,10
parker,10
overeating,10
ampicillin,10
infrequently,10
thicker,10
simpler,10
rinsed,10
rrp,10
malunion,10
walnuts,10
acuseal,10
vascu,10
toothpastes,10
vmpt,10
copm,10
basically,10
withhold,10
metacarpal,10
nitrotyrosine,10
mitochondria,10
subsyndromal,10
neurobiological,10
spondylosis,10
lissamine,10
van,10
stabilize,10
pgs,10
fallers,10
montage,10
loosening,10
pao,10
idebenone,10
mitt,10
glycaemia,10
pppd,10
comes,10
env,10
baths,10
lccj,10
dieters,10
tocolysis,10
postherpetic,10
chemokines,10
elected,10
glyaderm,10
insoluble,10
electroconvulsive,10
underestimation,10
elosulfase,10
coicis,10
hybridization,10
lapsim,10
vblast,10
tasquinimod,10
sia,10
biloba,10
reimbursement,10
pneumonitis,10
cfe,10
leader,10
pupillary,10
americas,10
beacopp,10
imv,10
hht,10
accidental,10
chewed,10
barefoot,10
ptp,10
dignity,10
resourced,10
porridge,10
uncomfortable,10
cryptogenic,10
hift,10
comers,10
rvef,10
belonging,10
pgy,10
prerandomization,10
idus,10
photos,10
excel,10
tightness,10
tagging,10
proprotein,10
convertase,10
subtilisin,10
kexin,10
remitters,10
insulinemia,10
integrals,10
subglottic,10
urges,10
observable,10
semiquantitative,10
daglutril,10
acv,10
subendometrial,10
gcp,10
rhigfbp,10
nylon,10
neurophysiologic,10
eyelash,10
allohsct,10
corticomotor,10
nailfold,10
ctth,10
snm,10
uninterrupted,10
tak,10
hyperinsulinemia,10
thirdhand,10
spondyloarthritis,10
precursors,10
tps,10
bvl,10
mea,10
cochlear,10
sativa,10
jointly,10
mpm,10
routines,10
rar,10
biopsychosocial,10
loci,10
harboring,10
telephoned,10
fastest,10
backbone,10
inconvenience,10
moderates,10
laterally,10
ceiling,10
solvd,10
photosensitizer,10
startle,10
widened,10
ketofol,10
clearvoice,10
clavicular,10
canines,10
incisor,10
fasd,10
throwing,10
nontechnical,10
resectability,10
ilr,10
influential,10
arteriosus,10
anecdotal,10
chaos,10
committees,10
migraines,10
ddp,10
sai,10
submandibular,10
hypokalaemia,10
bifidobacteria,10
hill,10
videotaped,10
nrem,10
loteprednol,10
cnrs,10
oppositional,10
neuroscience,10
physiotherapeutic,10
modulatory,10
euglycemia,10
dipyridamole,10
nerd,10
pseudoaneurysm,10
optimising,10
bronchoprotection,10
dmft,10
coexisting,10
thcy,10
cdrs,10
immunized,10
meetup,10
morphogenetic,10
lotion,10
sfd,10
condyle,10
etabonate,10
creams,10
fixator,10
psi,10
nimv,10
putamen,10
sisb,10
electroencephalographic,10
npdr,10
sclerosus,10
banded,10
buttock,10
rico,10
lavh,10
romiplostim,10
gondii,10
fortification,10
microgram,10
defocus,10
ends,10
bivalent,10
sequenced,10
jing,10
vasculature,10
mount,10
preclude,10
noticeable,10
atacicept,10
dollars,10
causally,10
une,10
fractalkine,10
logged,10
blades,10
gml,10
workforce,10
mouthrinses,10
radioimmunoassay,10
buddies,10
pesi,10
cephalosporin,10
cefotaxime,10
cleanser,10
calcaneus,10
persistently,10
tsp,10
neurosurgery,10
musicglove,10
imi,10
inconsistently,10
nonintervention,10
praziquantel,10
alvarado,10
sclerotherapy,10
bcaas,10
ixmyelocel,10
saccharomyces,10
teleophthalmologic,10
pcn,10
tracks,10
cancellation,10
responsibilities,10
deferasirox,10
heaviness,10
wps,10
kss,10
tes,10
lmah,10
builds,10
nugent,10
tiapride,10
cui,10
gcc,10
certificates,10
accidents,10
technicians,10
capita,10
dissociation,10
doc,10
amx,10
cytoreductive,10
stove,10
triflusal,10
isomaltulose,10
sprayed,10
puffs,10
ric,10
nonvalvular,10
specialties,10
ppcs,10
stayed,10
overlay,10
nexthaler,10
subtenon,10
antihistamines,10
dapa,10
identically,10
cryoprecipitate,10
gallstone,10
gustatory,10
salivation,10
endorsement,10
aventis,10
nibp,10
deserve,10
dispersion,10
homogenous,10
sheets,10
introductory,10
thiamine,10
twoc,10
oxt,10
periprosthetic,10
anomaly,10
luliconazole,10
crack,10
spikes,10
belatacept,10
prrsv,10
afxl,10
wind,10
pharmacogenetics,10
mwd,10
meniscectomy,10
intrathecally,10
drusen,10
staying,10
swim,10
orphan,10
ror,10
exacerbate,10
tsd,10
iln,10
preliminarily,10
malleolus,10
dgf,10
infestation,10
dosimetric,10
mcav,10
neuropeptide,10
timepoint,10
recognizing,10
hydrolysate,10
guanylate,10
cyclase,10
qolie,10
opicapone,10
psychologist,10
depicting,10
mycobacterial,10
inoculated,10
clearing,10
plasmakinetic,10
csds,10
depicted,10
garden,10
ret,10
optimisation,10
mslt,10
gels,10
fennel,10
sweet,10
biophysical,10
parkinsonism,10
probit,10
hemispheric,10
solved,10
subdistribution,10
dyslipidaemia,10
granulation,10
lucas,10
certification,10
coercion,10
noncancer,10
lighter,10
vasoreactivity,10
shaping,10
overtreatment,10
promoters,10
giant,10
lmin,10
comparability,10
nonoperatively,10
rotarix,10
pictograms,10
celiotomy,10
rvp,9
shade,9
reveals,9
seawater,9
feldenkrais,9
tympanoplasty,9
normalizing,9
agef,9
mmx,9
industry,9
filiform,9
rfst,9
fbs,9
ftsts,9
crush,9
forearms,9
blossom,9
yahr,9
hoehn,9
regia,9
juglans,9
follitropin,9
fviii,9
janssen,9
wdyd,9
numeracy,9
urines,9
malaysian,9
confers,9
eegs,9
tendons,9
dbcare,9
stems,9
husk,9
hemifield,9
immunomodulator,9
beating,9
linsitinib,9
scraping,9
swimming,9
posteroanterior,9
intimal,9
climacteric,9
allowance,9
flossing,9
calcitonin,9
flacc,9
dream,9
slpi,9
compartments,9
urological,9
openings,9
fortnightly,9
rsk,9
fun,9
butylbromide,9
faee,9
divisions,9
hydroquinone,9
mesopic,9
photopic,9
hcap,9
communicating,9
lic,9
silence,9
productive,9
ergogenic,9
possesses,9
sufferers,9
keratocyte,9
preprocedural,9
illustrated,9
argatroban,9
mtb,9
steadily,9
eccentricity,9
bdd,9
grouptime,9
sjw,9
tianjin,9
referenced,9
mycologic,9
vibratory,9
rhfsh,9
auscultation,9
nucleic,9
postoperation,9
character,9
pervasive,9
oximeter,9
qianliekang,9
ttk,9
fingertip,9
namd,9
determinations,9
rsp,9
erythematosus,9
clonazepam,9
audiometry,9
fortifier,9
ykl,9
difaprost,9
prehabilitation,9
northwest,9
secreting,9
bortezomib,9
pcm,9
samatasvir,9
osteoprotegerin,9
companion,9
bfi,9
substitutes,9
begun,9
irrelevant,9
fssg,9
mosapride,9
hepatocyte,9
orbital,9
autumn,9
ifis,9
bvdv,9
vibrating,9
barley,9
intraretinal,9
washed,9
biplanar,9
trg,9
intracameral,9
gasless,9
ftf,9
sbar,9
denver,9
contractility,9
jtt,9
reportedly,9
sensitivities,9
isci,9
tracing,9
siv,9
nelarabine,9
mpcnl,9
summarizing,9
cytisine,9
egf,9
birmingham,9
undefined,9
dudit,9
tbil,9
hfh,9
recumbent,9
heterotopic,9
polishing,9
nociception,9
lacked,9
outs,9
lvi,9
lvedv,9
rhythms,9
decayed,9
plyometric,9
mounting,9
tse,9
peel,9
neprilysin,9
proparacaine,9
tcom,9
ados,9
hhg,9
dysregulated,9
subfertile,9
norethindrone,9
chambers,9
argue,9
interruptions,9
responds,9
crease,9
arthroplasties,9
implying,9
microemboli,9
testis,9
corpus,9
bloody,9
livebirths,9
crh,9
educating,9
ismi,9
tomato,9
voglibose,9
vascularity,9
elastin,9
motivations,9
mtss,9
lea,9
kangaroo,9
coordinating,9
invalid,9
vinorelbine,9
adrs,9
lin,9
ppo,9
epm,9
proc,9
radiographical,9
conserved,9
lbl,9
inhaling,9
medially,9
crow,9
drapes,9
clad,9
antiangiogenic,9
osmolality,9
yohimbine,9
untested,9
cmhab,9
plc,9
aforementioned,9
ergometrine,9
stomaphyx,9
neobladder,9
mistletoe,9
presumptive,9
teamwork,9
prostates,9
aranidipine,9
racism,9
romantic,9
harnal,9
said,9
scholarly,9
tpv,9
brs,9
bank,9
amphotericin,9
trima,9
tesamorelin,9
wrqol,9
imeglimin,9
canteen,9
synovial,9
mnc,9
tif,9
dfb,9
paee,9
cements,9
activates,9
crd,9
jinzhen,9
neurokinin,9
theracurmin,9
heft,9
collective,9
whtr,9
cace,9
survivin,9
perseverative,9
political,9
afs,9
benvitimod,9
pnes,9
psychophysiological,9
salaam,9
reanastomosis,9
clara,9
motavizumab,9
transitioning,9
olopatadine,9
tocotrienols,9
tokyo,9
orlistat,9
origins,9
spinous,9
amplified,9
spiders,9
reset,9
cinitapride,9
mesorectal,9
shave,9
subtherapeutic,9
hbp,9
wbcc,9
infrapopliteal,9
tianqi,9
erd,9
tecnis,9
panelists,9
gdr,9
psychologically,9
emu,9
tuina,9
abobtxa,9
bursectomy,9
muscovite,9
ideally,9
reassurance,9
algometer,9
wmwodds,9
popf,9
metabolizers,9
cgmp,9
vva,9
col,9
cautiously,9
cva,9
fetoprotein,9
icare,9
cueing,9
hypnotherapy,9
retriever,9
corporation,9
subspecialty,9
hyperoxia,9
ffn,9
cervicovaginal,9
wbi,9
marine,9
dcb,9
reluctant,9
tarc,9
disuse,9
intrathoracic,9
obeticholic,9
rsh,9
triacylglycerols,9
pilsicainide,9
mec,9
occasionally,9
dapivirine,9
trifecta,9
sais,9
epds,9
braided,9
belinostat,9
tariff,9
glm,9
vmpfc,9
sgd,9
isothiocyanate,9
risen,9
greece,9
prs,9
merged,9
ppnad,9
lrfs,9
succeed,9
gds,9
ades,9
justice,9
cryoballoon,9
enteritis,9
allegretto,9
nonabsorbable,9
pyrexia,9
trf,9
displacements,9
paramedic,9
hysterosalpingography,9
precancerous,9
perpetrating,9
bravecto,9
indiscriminate,9
proves,9
feared,9
hmdm,9
zst,9
flavonoid,9
renoprotective,9
abstracted,9
incrementally,9
fridericia,9
ragweed,9
aar,9
pepper,9
purulent,9
quad,9
pegifn,9
margarine,9
breakfasts,9
blanking,9
maximise,9
vfb,9
oxn,9
vaseline,9
benzocaine,9
cbth,9
philadelphia,9
busy,9
fdba,9
ffas,9
indonesia,9
documenting,9
rbd,9
rotterdam,9
polar,9
lifesciences,9
desaturations,9
icds,9
assigning,9
pauses,9
sparc,9
angulation,9
cobas,9
deployed,9
entailed,9
cholinergic,9
tandospirone,9
aai,9
flows,9
rasch,9
carpi,9
usphs,9
ubc,9
striae,9
peace,9
blast,9
cautery,9
webinar,9
pairing,9
potentiation,9
subendocardial,9
inmates,9
party,9
epiretinal,9
onlay,9
salient,9
medoxomil,9
cyd,9
pectopexy,9
iowa,9
gis,9
loxoprofen,9
intensively,9
tcrs,9
qtlm,9
thoracentesis,9
eptfe,9
dysphotopsia,9
ohio,9
lake,9
sib,9
microfinance,9
slows,9
wingate,9
emails,9
bmis,9
enzymatic,9
ssbs,9
testicular,9
guinea,9
foci,9
lia,9
setup,9
bur,9
trog,9
topv,9
dapsone,9
shim,9
glycopyrrolate,9
decompensation,9
ocs,9
itn,9
myomas,9
align,9
pfme,9
trier,9
dcd,9
titin,9
dhaka,9
mdro,9
alfacalcidol,9
fellows,9
qirc,9
acnes,9
stump,9
phenprocoumon,9
lice,9
jiggling,9
scratch,9
dermis,9
uveitis,9
fei,9
lcpufas,9
perchlorate,9
appreciated,9
networking,9
longstanding,9
pcf,9
requesting,9
linkages,9
nachr,9
angiograms,9
sdnvp,9
sandwich,9
utilise,9
computational,9
mtrps,9
issnhl,9
galactosidase,9
experimentation,9
tmv,9
rpq,9
lipiflow,9
branched,9
dentist,9
acidity,9
cdh,9
aquaporin,9
fhn,9
fostamatinib,9
slings,9
southeast,9
elusive,9
symmetric,9
cavitated,9
molding,9
trach,9
saxa,9
pcsl,9
posthoc,9
nontraumatic,9
brimless,9
acotiamide,9
neovascularisation,9
column,9
dswh,9
alcoholics,9
sirs,9
ppc,9
collectors,9
hboc,9
moca,9
sonovue,9
rhytides,9
lymecycline,9
sfct,9
tsat,9
nonsurvivors,9
herniated,9
directive,9
ltpa,9
swat,9
hindfoot,9
vergence,9
hyd,9
talactoferrin,9
bowl,9
pdss,9
supragingival,9
ptosis,9
unreliable,9
lethargy,9
succinylcholine,9
chiari,9
tcss,9
oin,9
tonifying,9
miniscrews,9
snap,9
chct,9
hds,9
abs,9
claim,9
coat,9
flotation,9
premorbid,9
hypovitaminosis,9
obs,9
bromocriptine,9
silc,9
hemangioma,9
neuromonitoring,9
pyeloplasty,9
retroperitoneoscopic,9
psts,9
shunting,9
cff,9
rac,9
hdv,9
coached,9
holstein,9
sphingomyelin,9
contractures,9
launched,9
sdcs,9
naturalistic,9
haematocrit,9
dbbm,9
premixed,9
capsulitis,9
ipo,9
sdc,9
stabilizer,9
adapting,9
interventricular,9
phe,9
kyn,9
undiagnosed,9
xenon,9
fatality,9
adapter,9
tratt,9
roxburghii,9
malocclusion,9
ygtss,9
tic,9
paradigms,9
dersalazine,9
licensure,9
unimanual,9
breech,9
frown,9
bruxism,9
mpp,9
mids,9
serrated,9
masses,9
cytoplasmic,9
straightforward,9
shallow,9
waveforms,9
mes,9
lsr,9
sulfadoxine,9
bedaquiline,9
ppaca,9
intracervical,9
substrates,9
uge,9
vatreptacog,9
rvsp,9
alice,9
jianpi,9
anteriorly,9
posteriorly,9
portex,9
maize,9
lhss,9
multiparous,9
allo,9
chronological,9
amnioinfusion,9
stresses,9
domperidone,9
mcl,9
nfs,9
sihy,9
ani,9
paracasei,9
beetroot,9
malodor,9
sbo,9
tightly,9
francisco,9
communicative,9
anticipate,9
glaucomatous,9
dpa,9
icodextrin,9
deciding,9
hepatobiliary,9
fuji,9
abbvie,9
news,9
pretransplant,9
underline,9
sans,9
recalcitrant,9
fnirs,9
faeces,9
stsg,9
pemf,9
streptomycin,9
defibrillators,9
inorganic,9
quitters,9
biliopancreatic,9
underfeeding,9
revealing,9
soil,9
grand,9
ipratropium,9
stich,9
duplicate,9
llamas,9
antinociception,9
rhr,9
survivor,9
grants,9
adenovirus,9
upgrade,9
clubfoot,9
scid,9
plethysmography,9
breaking,9
boxes,9
corresponds,9
instant,9
qta,9
monocular,9
dynamometry,9
exams,9
tonsillitis,9
nfpp,9
accredited,9
manipulating,9
rti,9
stationary,9
llp,9
equivocal,9
sulfadiazine,9
postop,9
bmcs,9
prices,9
miners,9
chloroprocaine,9
trav,9
seldom,9
kindergarten,9
msus,9
robustly,9
usable,9
sanitiser,9
rhpth,9
leaves,9
fgg,9
radiodermatitis,9
ppcbr,9
disrupted,9
insemination,9
lagb,9
postprocedural,9
musical,9
malformations,9
leflunomide,9
purposive,9
chevron,9
agoraphobia,9
vcss,9
micronized,9
ureteroscopy,9
rbgt,9
bootstrapped,9
mdx,9
birip,9
bwstt,9
pancreaticoduodenal,9
hbpm,9
certainty,9
emt,9
ruled,9
dysthymia,9
charlson,9
meof,9
postinfectious,9
lhws,9
bem,9
recoil,9
papers,9
genotypic,9
ronacaleret,9
parathyroidectomy,9
dietetic,9
mnp,9
umifenovir,9
sishencong,9
modular,9
agility,9
seroprevalence,9
hgecog,9
sgp,9
mcgp,9
microsurgery,9
rmn,9
nowadays,9
tubules,9
ssls,9
detects,9
centrality,9
neurovascular,9
tzd,9
npq,9
pcecv,9
dating,9
nss,9
nourish,9
ciliary,9
fto,9
sesis,9
postplacental,9
thawed,9
presently,9
amounted,9
lcn,9
vomax,9
riding,9
deterx,9
varespladib,9
colloids,9
timeline,9
conjoint,9
incidental,9
mydriasis,9
brisbane,9
mammalian,9
mucous,9
obliteration,9
theatre,9
guangzhou,9
neighbourhood,9
immunochemical,9
pillar,9
calculator,9
predispose,9
authority,9
eliglustat,9
aronchick,9
establishment,9
periprostatic,9
pseudophakic,9
land,9
tibetan,9
dynamically,9
sorbitol,9
brentuximab,9
hbf,9
simplify,9
demographically,9
httlpr,9
icss,9
conducive,9
egfrcr,9
hallmark,9
millions,9
tendinopathy,9
factory,9
helical,9
discordance,9
precisely,9
experiential,9
restrict,9
taped,9
antiproliferative,9
rrr,9
csdh,9
subdural,9
diaphyseal,9
walks,9
lunchtime,9
procoagulant,9
genuair,9
intranasally,9
dac,9
breve,9
promptly,9
awt,9
uca,9
vodka,9
playtime,9
wmsi,9
pedmidas,9
preperitoneal,9
respirator,9
metered,9
nlst,9
baxter,9
sei,9
corneum,9
urolithiasis,9
verbatim,9
equity,9
bionic,9
shiraz,9
ellipta,9
mml,9
researched,9
bleb,9
gpr,9
victims,9
motivationally,9
linguistically,9
corticotomy,9
degarelix,9
almonds,9
ivc,9
transapical,9
illegal,9
biosynthesis,8
rtnss,8
verification,8
refuse,8
quiescent,8
genistein,8
prevalences,8
hardware,8
lyte,8
upsit,8
gcipl,8
stabilisation,8
rpr,8
arab,8
currents,8
landscape,8
synchronized,8
gvax,8
anaesthetists,8
amft,8
csc,8
overdentures,8
indistinguishable,8
ciaki,8
manualised,8
damaging,8
avc,8
recreation,8
outdoors,8
dvh,8
otsc,8
outputs,8
pigtail,8
herd,8
overexpressing,8
cytopenia,8
glibenclamide,8
mastopexy,8
hemicraniectomy,8
compassionate,8
rheumatologists,8
dumping,8
calgary,8
protector,8
toothbrushing,8
rights,8
urothelial,8
nonobstructive,8
cocr,8
ccsvi,8
ndls,8
frap,8
benefiting,8
smith,8
changfu,8
tads,8
destabilization,8
unipedal,8
eradicate,8
mmtt,8
rdn,8
aidr,8
interplay,8
gadoterate,8
pims,8
triggering,8
identifiable,8
outlets,8
cddp,8
comparators,8
breeding,8
ilaprazole,8
ubv,8
emixustat,8
ipragliflozin,8
continent,8
secretase,8
merocel,8
cisatracurium,8
veteran,8
upcr,8
atcc,8
insertions,8
extrinsic,8
nitazoxanide,8
benidipine,8
hfsa,8
amicus,8
batches,8
poce,8
hypointense,8
ucg,8
sternum,8
venue,8
bloc,8
interpretations,8
verge,8
youngest,8
paris,8
stricta,8
indoxacarb,8
methoprene,8
inclined,8
parasympathetic,8
ataluren,8
centeredness,8
tabalumab,8
preprocedure,8
duodenum,8
auxiliary,8
sarpogrelate,8
ibp,8
pwe,8
ipost,8
pte,8
pralidoxime,8
spared,8
lock,8
arom,8
ejaculatory,8
ltte,8
cryoprobe,8
shiatsu,8
infacort,8
milligan,8
morgan,8
trimethobenzamide,8
mgl,8
thiazolidinedione,8
devoted,8
furamag,8
nuti,8
pyelonephritis,8
bacteriological,8
midtreatment,8
promotora,8
gallopamil,8
vegfa,8
morphometric,8
aceis,8
crises,8
sdt,8
lite,8
fussing,8
posttests,8
phones,8
diane,8
peaf,8
thrusting,8
immobility,8
ripoc,8
genetics,8
stimulates,8
sjgren,8
lars,8
marking,8
tsc,8
implication,8
solids,8
dormant,8
advocate,8
blurred,8
electrodermal,8
mirrored,8
neurologists,8
waning,8
fusarium,8
granted,8
preloading,8
dpyd,8
ltg,8
evsa,8
asds,8
implicate,8
oscc,8
medulla,8
dias,8
contacting,8
carepartners,8
accuvein,8
mozart,8
asunaprevir,8
submacular,8
elder,8
vad,8
associative,8
def,8
vsa,8
modufolin,8
monohydrate,8
filgrastim,8
fingernails,8
marc,8
lersivirine,8
igiv,8
attaining,8
grasp,8
mammogram,8
bbps,8
ashi,8
yolk,8
convective,8
analytes,8
cycled,8
flatwire,8
pdx,8
immunoassays,8
nmibc,8
temple,8
necrotic,8
rtec,8
powdered,8
aggregometry,8
mhi,8
nopalm,8
endocardial,8
climates,8
gallate,8
reinfection,8
cobi,8
methylbutyrate,8
kinesiologist,8
cisp,8
inductive,8
isoprostanes,8
refresher,8
ctbna,8
conscientiousness,8
acuvue,8
reform,8
tact,8
cholinesterase,8
accel,8
axetil,8
stranger,8
hallux,8
ankara,8
raft,8
interacting,8
fussiness,8
ktp,8
rul,8
serology,8
resiniferatoxin,8
evolutionary,8
dysarthria,8
glycogen,8
disbudding,8
eof,8
hypsarrhythmia,8
associates,8
representatives,8
dalbavancin,8
lamina,8
tetraplegia,8
postprandially,8
perfused,8
oef,8
amended,8
avatrombopag,8
sqt,8
cwk,8
billion,8
arbitrary,8
expedite,8
freely,8
illustrates,8
urethrotomy,8
prefabricated,8
stereotactic,8
rvoto,8
rvot,8
vdbp,8
levosert,8
evh,8
gradients,8
cht,8
ophthalmologic,8
queried,8
fascicle,8
acetylcystein,8
ncic,8
carotenoids,8
specify,8
ibu,8
modifier,8
tenosynovitis,8
performs,8
invitations,8
buma,8
humid,8
resistin,8
ropinirole,8
nonresponse,8
ppk,8
clevidipine,8
spasmodic,8
hyperacute,8
obinutuzumab,8
probes,8
aeras,8
stercoralis,8
proceeded,8
tipifarnib,8
parotid,8
soi,8
strapping,8
dydrogesterone,8
tft,8
dot,8
stopadvisor,8
heidelberg,8
urethroplasty,8
excessively,8
sonidegib,8
xunjingcuiqi,8
tetracycline,8
mbir,8
exposing,8
tactics,8
orbicularis,8
oris,8
seroprotective,8
stat,8
elevating,8
acinetobacter,8
microglia,8
bexarotene,8
afc,8
hrf,8
plco,8
jordan,8
punch,8
stock,8
quantose,8
reverses,8
serrata,8
sachet,8
dietitians,8
pbd,8
phcws,8
assure,8
isf,8
citicoline,8
ameliorates,8
crystalline,8
posters,8
tramp,8
phosphatidylcholine,8
neopterin,8
lockout,8
subcostal,8
hia,8
downstaging,8
parturition,8
neurturin,8
lacrimal,8
satisfying,8
imposed,8
auvi,8
appendage,8
loh,8
counsellors,8
fibular,8
texts,8
randomising,8
photo,8
hie,8
vcjd,8
crusting,8
autosomal,8
hyperphosphatemia,8
sucroferric,8
salience,8
stearic,8
internship,8
micrornas,8
oxyhydroxide,8
assured,8
preset,8
mimics,8
pcas,8
dilemma,8
maxillae,8
pfo,8
eliminates,8
prima,8
osteonecrosis,8
prize,8
interpreting,8
fob,8
arriving,8
dimesylate,8
tics,8
vamuf,8
rivermead,8
consonant,8
refractions,8
coital,8
nat,8
comminuted,8
deferiprone,8
atresia,8
navy,8
sharply,8
heads,8
wisconsin,8
milieu,8
haze,8
clazosentan,8
conceive,8
mediolateral,8
stillbirths,8
matrices,8
pharynx,8
bulge,8
aerated,8
sufficiency,8
afp,8
shuigou,8
praise,8
analyzable,8
isonitrogenous,8
claimed,8
electromechanical,8
exceptions,8
nasoalveolar,8
myr,8
esc,8
aop,8
nomac,8
oronasal,8
rhngf,8
cec,8
anticipation,8
toxicology,8
sulfasalazine,8
sres,8
preloxr,8
palaeolithic,8
atheroma,8
lym,8
osmolarity,8
conclusively,8
sulphadoxine,8
intubations,8
toll,8
hemorrhoid,8
otelixizumab,8
enjoyable,8
excisional,8
ankles,8
stands,8
donepezil,8
tcr,8
acetic,8
hydronephrosis,8
hypomagnesemia,8
averted,8
ssaht,8
plf,8
rsg,8
almorexant,8
mails,8
basmi,8
postimplant,8
seriously,8
puvasol,8
ibm,8
albinism,8
rewarding,8
predisposing,8
catechins,8
hgpin,8
randomise,8
quantities,8
scrotal,8
hypnotics,8
dass,8
ictus,8
larvae,8
parva,8
transdiagnostic,8
butylscopolamine,8
ltm,8
pneumonias,8
hcws,8
illusion,8
polyaxial,8
qic,8
hospitalisations,8
epidurally,8
ostomy,8
suburban,8
fbss,8
historically,8
advisor,8
ligatures,8
censoring,8
lep,8
spmc,8
tiw,8
cash,8
hypersensitive,8
biil,8
draining,8
taxotere,8
kolmogorov,8
smirnov,8
indiana,8
lisa,8
fddes,8
ven,8
transcriptomic,8
classifying,8
histone,8
effusions,8
jerk,8
burr,8
meg,8
interferes,8
synonymous,8
thiopental,8
abutments,8
aeg,8
inch,8
suboccipital,8
scatter,8
bothersomeness,8
operate,8
rifamycin,8
vietnamese,8
pencil,8
filibuvir,8
aep,8
vitrification,8
noncaffeinated,8
anticoagulated,8
essence,8
titrating,8
nitrofurantoin,8
blastocyst,8
baltimore,8
vlnc,8
hyperandrogenism,8
silastic,8
valg,8
floating,8
crypt,8
soothing,8
oryzanol,8
cutoffs,8
motile,8
pdeb,8
discourage,8
accomplish,8
gardening,8
configuration,8
synergistically,8
pomx,8
knew,8
aoclf,8
uot,8
tfr,8
ritalin,8
couple,8
gov,8
perpendicular,8
antiplatelets,8
intervene,8
msna,8
capsulotomy,8
anapen,8
adrp,8
chloral,8
microbiologic,8
semiautomated,8
dispatch,8
fluoroquinolone,8
prulifloxacin,8
modal,8
reoxygenation,8
confound,8
allergies,8
antituberculosis,8
qualify,8
aeoc,8
inv,8
destination,8
inflations,8
revexepride,8
imcp,8
tazobactam,8
instance,8
ensures,8
socioeconomically,8
pointed,8
coaction,8
metsyn,8
reabsorption,8
olm,8
porto,8
supraspinatus,8
nesfatin,8
minneapolis,8
kinect,8
methoxyflurane,8
minitabs,8
submsv,8
mlbcs,8
phonemic,8
glans,8
fenestrated,8
nonfenestrated,8
soxn,8
sclerosant,8
frameworks,8
utilizes,8
syndromic,8
readmitted,8
peripherally,8
homoarginine,8
tuberculin,8
shields,8
supervisors,8
ltoc,8
apocrine,8
tono,8
playworks,8
infer,8
ddavp,8
attendances,8
reacted,8
insulinogenic,8
interior,8
skimmed,8
epinastine,8
gin,8
artificially,8
curvilinear,8
burch,8
relaxed,8
granisetron,8
dga,8
dentine,8
nsrp,8
bones,8
mirogabalin,8
atopy,8
avb,8
rey,8
canis,8
infiltrates,8
reexcision,8
microenvironment,8
buffering,8
bromage,8
preconception,8
recur,8
suvr,8
lads,8
pnp,8
symplicity,8
demyelination,8
apbs,8
ownership,8
nasopore,8
sinusitis,8
intellectually,8
renewal,8
interspersed,8
worrying,8
pasta,8
tuvb,8
huge,8
bonds,8
transillumination,8
akathisia,8
ferumoxytol,8
pterygia,8
ech,8
tcrvbeta,8
enterococcus,8
deferring,8
midshaft,8
mentor,8
underutilized,8
shrinkage,8
ibandronate,8
podcast,8
esterified,8
dlw,8
civilian,8
onp,8
mmm,8
aet,8
melanocyte,8
fof,8
autoantibody,8
spasms,8
bioabsorbable,8
rostral,8
ieds,8
pfit,8
trioxide,8
sonoma,8
vehicles,8
therapeutically,8
rebamipide,8
dlmos,8
anrukinzumab,8
bitches,8
gastrogard,8
asp,8
lmgb,8
gastrozol,8
gouty,8
crossing,8
abagovomab,8
oesophagectomy,8
splitting,8
precluded,8
methoxamine,8
egdt,8
counseled,8
nirs,8
cmpa,8
infiltrated,8
cushingqol,8
simde,8
neurobiology,8
euc,8
comer,8
iih,8
clade,8
itd,8
jupiter,8
concentrates,8
cryoglobulinaemia,8
strenuous,8
ninth,8
solo,8
cushing,8
cholangiocellular,8
nce,8
ultralow,8
chylomicrons,8
adsorbable,8
bind,8
drse,8
extramedullary,8
sert,8
elvitegravir,8
elc,8
transmitter,8
ertapenem,8
preferably,8
minimalist,8
pem,8
eimc,8
racially,8
periodized,8
oritavancin,8
csps,8
wandering,8
maybe,8
det,8
dtfv,8
daunorubicin,8
thinnest,8
mse,8
wax,8
tqds,8
rebt,8
spanning,8
nonusers,8
vmp,8
navel,8
ipst,8
immunosuppressant,8
coin,8
laminaria,8
epicatechin,8
pacifier,8
hfds,8
erythritol,8
podiatric,8
ctfc,8
blush,8
abediterol,8
hsl,8
sneezing,8
tpz,8
endoflex,8
compositions,8
truly,8
compressive,8
ecm,8
ascent,8
lesogaberan,8
xanthine,8
bisacodyl,8
minimized,8
elevates,8
alps,8
svcam,8
qids,8
fbpj,8
mismatched,8
iit,8
curry,8
smof,8
dcf,8
ibt,8
arthrometer,8
mlkgmin,8
urinalysis,8
irish,8
oligohydramnios,8
acetylcholinesterase,8
lrc,8
phonation,8
diamorphine,8
incarcerated,8
monocryl,8
rectally,8
artefact,8
graphical,8
psn,8
viracor,8
ccav,8
fatiguing,8
luminance,8
ixekizumab,8
picp,8
rers,8
pascal,8
ner,8
fluorine,8
cigb,8
fomentation,8
accelerator,8
cystoid,8
prefilled,8
gonorrhea,8
interpretive,8
odors,8
kmax,8
dextroamphetamine,8
fet,8
urotherapy,8
antihypertensives,8
stavudine,8
sargramostim,8
uricase,8
mae,8
nicus,8
nectar,8
aborted,8
refers,8
enclosed,8
afferent,8
census,8
doe,8
nondilated,8
emetic,8
conspicuity,8
hypothesise,8
formulate,8
affordability,8
sprague,8
dawley,8
hdo,8
balafilcon,8
spoken,8
clowns,8
sonographically,8
flip,8
shenyankangfu,8
safire,8
rebreathing,8
cryolipolysis,8
paresthesia,8
htp,8
bmls,8
zhongji,8
pancreatectomy,8
pharmacoeconomic,8
sending,8
gte,8
erlong,8
xizhu,8
toilet,8
ntz,8
watchers,8
hypothyroid,8
ant,8
liverpool,8
revaccination,8
bas,8
transplantations,8
learnt,8
inos,8
ketotifen,8
lcva,8
rkb,8
nominally,8
cic,8
gripping,8
hemothorax,8
florida,8
prbc,8
ceap,8
infraclavicular,8
screenings,8
acupuncturists,8
lhrh,8
fenoverine,8
hhri,8
indocyanine,8
tracp,8
precede,8
telomerase,8
sbal,8
mest,8
ulipristal,8
saudi,8
lmv,8
gym,8
fornix,8
weizhong,8
pmp,8
audiology,8
commute,8
interprofessional,8
nightmares,8
inject,8
ssg,8
husband,8
incompatible,8
homecare,8
disinfection,8
cookstove,8
xiaoyao,8
grounds,8
colombia,8
cricothyroidotomy,8
cge,8
uterotonic,8
dpmgp,8
breastfeed,8
circumflex,8
lapis,8
judaicus,8
cords,8
precautions,8
geriatrician,8
cruzi,8
mems,8
practically,8
zrs,8
snacking,8
knowing,8
ted,8
proliferating,8
antimalarials,8
pdpn,8
padl,8
ussq,8
cadaver,8
seidel,8
drotaa,8
acyl,8
cae,8
lozenges,8
mrgfus,8
transabdominal,8
entails,8
prague,8
cars,8
wmsd,8
haptoglobin,8
rheumatism,8
police,8
actuarial,8
fpi,8
cbfv,8
lfco,8
tremendous,8
tah,8
mvcs,8
immuno,8
gan,8
rerandomized,8
entrapped,8
diflunisal,8
sucralose,8
anatomically,8
milano,8
supplying,8
fluoridated,8
awakenings,8
cdco,8
swap,8
presbyopia,8
tophi,8
piv,8
leukoreduced,8
ssrs,8
ivs,8
dobesilate,8
overdue,8
agreements,8
smf,8
oldest,8
earplugs,8
township,8
etd,8
iteratively,8
ihtg,8
periodically,8
gep,8
ars,8
bruising,8
ejd,8
bronchoconstriction,8
flavonoids,8
metreleptin,8
filtering,8
scripted,8
broker,8
burkina,8
faso,8
dermatologic,8
victorian,8
onsd,8
taes,8
underpinning,8
rgp,8
gaba,8
acknowledging,8
hopkins,8
ygbm,8
experimenter,8
compass,8
dflcp,8
hurdle,8
uracil,8
shirota,8
revisions,7
argon,7
lmwf,7
poem,7
rounded,7
seromas,7
frb,7
sso,7
microsurgical,7
sclera,7
dheas,7
modulators,7
canister,7
crofelemer,7
hfm,7
cytogenetic,7
arthrocentesis,7
vlcd,7
phased,7
eco,7
pecking,7
sulindac,7
ncsa,7
library,7
mbps,7
vasculitis,7
nourishing,7
carbamate,7
ecbi,7
adj,7
diarrheal,7
duties,7
glembatumumab,7
reviewer,7
gjg,7
gemoxel,7
prosthodontic,7
aucinf,7
reinterventions,7
biometry,7
weapon,7
pedi,7
billing,7
lwd,7
discontinuous,7
puff,7
cystourethrography,7
thread,7
encompassing,7
stressed,7
modifiers,7
kentron,7
pepsin,7
cauti,7
abo,7
hunter,7
radioiodine,7
mtfc,7
tbw,7
commentary,7
congo,7
radar,7
tvf,7
biotype,7
rfstap,7
headshaking,7
esfet,7
webtips,7
prophylactically,7
keto,7
involuntary,7
delinquency,7
unoprostone,7
valerate,7
cnsp,7
seminars,7
wba,7
agar,7
tranilast,7
reception,7
weakest,7
ttf,7
moisturizing,7
handwashing,7
pavlovian,7
postassessment,7
disfiguring,7
mozambique,7
tachosil,7
ocr,7
vcind,7
cocs,7
myfenax,7
triton,7
hemostar,7
palindrome,7
cutamesine,7
tnss,7
cupid,7
nondepressed,7
epss,7
nontailored,7
redox,7
thyroiditis,7
chemomechanical,7
prevalin,7
nasya,7
qtd,7
calpain,7
sledai,7
flown,7
rubric,7
sapropterin,7
submental,7
mammaplasty,7
preincisional,7
maslach,7
polished,7
ioc,7
thoracoabdominal,7
zhujing,7
spinning,7
sbm,7
archaea,7
nonpharmacologic,7
weaknesses,7
lemon,7
bred,7
hoarding,7
supposed,7
ver,7
domestica,7
psychophysical,7
desensitisation,7
characterise,7
baselines,7
atmospheric,7
transmitral,7
elearning,7
supernatants,7
pearls,7
aten,7
crestal,7
vertically,7
executed,7
cheiroarthropathy,7
vaginalis,7
counselees,7
worries,7
perth,7
functioned,7
holdex,7
tubeless,7
unresponsiveness,7
papacarie,7
cpts,7
acetaldehyde,7
rhinovirus,7
femorotibial,7
audiometric,7
implanting,7
dermatophagoides,7
internalization,7
pacemakers,7
alternated,7
palpitations,7
tara,7
tlv,7
burdensome,7
antinociceptive,7
vmr,7
subgaleal,7
deanxit,7
beside,7
enseal,7
adipocytokines,7
listeners,7
hlacs,7
ctib,7
ciemr,7
hypogonadism,7
oaa,7
calibers,7
jenvac,7
radioactive,7
anchoring,7
svgs,7
penalty,7
fusp,7
nocebo,7
verifiable,7
cerevisiae,7
avidity,7
mhe,7
wbt,7
nanjing,7
withheld,7
lunches,7
ggf,7
evaa,7
apas,7
incomes,7
practised,7
ctace,7
pprom,7
uveal,7
exemption,7
unstimulated,7
limestone,7
bmipp,7
uhc,7
qbe,7
lgh,7
capstrepcis,7
acknowledge,7
moac,7
recruits,7
sihd,7
tunnels,7
verifynow,7
sectioned,7
preparatory,7
subsurface,7
viii,7
tampa,7
truncal,7
fatness,7
perivascular,7
thickened,7
piezosurgery,7
convey,7
perioral,7
upset,7
mthfr,7
ado,7
ride,7
laparoscopically,7
deposit,7
extracardiac,7
acidic,7
landiolol,7
parathormone,7
revascularizations,7
stapled,7
aspirate,7
pritelivir,7
gracilis,7
naid,7
penumbra,7
ptda,7
empowering,7
abolished,7
vasoconstrictor,7
multimorbidity,7
rfviiifc,7
rhd,7
harvester,7
microparticles,7
metabolomic,7
tpf,7
contributors,7
sticks,7
interparental,7
traumatized,7
carboxy,7
epr,7
shangjuxu,7
bottles,7
wwt,7
mushrooms,7
nippv,7
emmetropic,7
cannabinoid,7
tavaborole,7
ophthalmological,7
sdldl,7
mycology,7
pdff,7
aseptic,7
bioburden,7
marriage,7
totaled,7
papaws,7
ablate,7
kakkonto,7
proanp,7
degs,7
tcsa,7
lvsd,7
kdm,7
gastrin,7
trimebutine,7
influx,7
tro,7
dsi,7
tdee,7
blotting,7
mns,7
ffq,7
thermometer,7
gbls,7
hook,7
translating,7
tova,7
equipoise,7
compulsory,7
remedy,7
oxphos,7
caste,7
atherothrombotic,7
tech,7
hepatology,7
hyperlipidemic,7
peyronie,7
upload,7
inhalers,7
rtt,7
ndp,7
iphone,7
omentectomy,7
rmh,7
electrodiagnostic,7
transaction,7
resp,7
polysulfate,7
pentosan,7
brien,7
segmented,7
methane,7
gastrojejunostomy,7
mmoles,7
queen,7
nicm,7
normocapnic,7
fdf,7
sfmr,7
archival,7
retired,7
vinyl,7
asleep,7
polyclonal,7
filamentous,7
proportionately,7
takeda,7
pulmonologists,7
pkep,7
lrd,7
independency,7
constructing,7
debatable,7
tegafur,7
spouses,7
ablement,7
explosive,7
contracted,7
overlapped,7
scalability,7
aqua,7
seroconverters,7
fem,7
intravitreous,7
southwest,7
capox,7
mccoy,7
mentalisation,7
doped,7
knowlesi,7
reserved,7
rnflds,7
ipi,7
irls,7
phimosis,7
intermittently,7
synthesized,7
radioisotope,7
rvt,7
inactivation,7
blisibimod,7
underscores,7
mammograms,7
pnif,7
unprovoked,7
vacs,7
oltv,7
lahore,7
osteomyelitis,7
mbq,7
purchased,7
pyruvate,7
enhancements,7
himrt,7
npw,7
nbw,7
counteracting,7
floss,7
unnecessarily,7
nrds,7
dcv,7
autopsy,7
vividness,7
reprocessing,7
mnire,7
insupatch,7
precapillary,7
realconsent,7
baz,7
fca,7
skindex,7
repeatable,7
linguistic,7
replicable,7
unmarried,7
rhi,7
pessimism,7
outlook,7
dysmotility,7
stms,7
dicang,7
jiache,7
romosozumab,7
sitosterol,7
paraprofessional,7
ditto,7
scintigraphic,7
sclerosing,7
lsv,7
lara,7
rescuer,7
metatarsophalangeal,7
fhb,7
plasmablasts,7
logins,7
gamification,7
veterinarian,7
otc,7
pcsnb,7
psoas,7
uncemented,7
diaper,7
flexed,7
cit,7
promises,7
unbalanced,7
hmm,7
cso,7
hait,7
weighting,7
eng,7
arabinoxylan,7
mornings,7
lobes,7
bronchi,7
mmv,7
spaz,7
ipaq,7
tbars,7
dissected,7
aliva,7
gapss,7
firstly,7
aramchol,7
dsek,7
uraemic,7
helsinki,7
oatmeal,7
solubility,7
intraarterial,7
trichuris,7
textured,7
miscarriages,7
exclusions,7
warmer,7
bayer,7
distracted,7
paraesthesia,7
reeducation,7
sheathed,7
lordosis,7
orbit,7
hcgm,7
developments,7
bengal,7
phenotyping,7
ifna,7
rtmce,7
capeox,7
lessened,7
prnvp,7
remnants,7
senofilcon,7
bean,7
fivefold,7
lvad,7
aliquots,7
pylorus,7
csg,7
visuomotor,7
pillcam,7
invading,7
tactical,7
industrial,7
raisins,7
travelers,7
lts,7
epidemiologically,7
rarc,7
wmic,7
exactly,7
tropicamide,7
subepicardial,7
proving,7
hyperintensities,7
csae,7
faith,7
uniformity,7
creates,7
systane,7
lri,7
mmi,7
mefenamic,7
reverted,7
compute,7
decisive,7
worksites,7
lymphoceles,7
plugs,7
redirections,7
kinases,7
unsupported,7
discounted,7
purchasing,7
wmfev,7
isthmus,7
postdonation,7
asvauto,7
stigmatizing,7
hires,7
wsl,7
injectors,7
itg,7
mole,7
mch,7
ceh,7
musicians,7
xzk,7
bax,7
hebi,7
streamlined,7
ypt,7
infiltrative,7
genesight,7
clavicle,7
typhi,7
debris,7
explicitly,7
fibularis,7
diskus,7
hypopharynx,7
nselrp,7
tvsslrp,7
anion,7
rica,7
fasudil,7
cesd,7
sulfur,7
reflexes,7
liss,7
dosimeters,7
wrists,7
ipe,7
sacroiliac,7
arvt,7
osteopontin,7
pic,7
lozenge,7
costa,7
lci,7
weather,7
aggravation,7
evolving,7
zipper,7
autohsct,7
violation,7
picosulfate,7
mdc,7
egypt,7
goggles,7
freedoms,7
imbalanced,7
anaesthetized,7
officers,7
disproportionate,7
ser,7
pfl,7
rtl,7
cma,7
phenazepam,7
ficolin,7
polyphenon,7
stan,7
fvs,7
inspected,7
varnish,7
figo,7
enroled,7
cohb,7
mentalization,7
phospho,7
heifer,7
dceas,7
coh,7
osler,7
melimine,7
replicating,7
subclass,7
allied,7
xbj,7
heliox,7
periphery,7
happen,7
danzhong,7
mvv,7
omentin,7
lef,7
whiplash,7
ncm,7
agws,7
brainstem,7
necessitates,7
paranasal,7
ctls,7
ascpeg,7
cpd,7
bam,7
batteries,7
doi,7
gbel,7
fundamentals,7
pivot,7
tiletamine,7
sesbp,7
stratify,7
nebuliser,7
wealth,7
tapes,7
cmdq,7
iohexol,7
ohcp,7
distortion,7
biotez,7
psymephy,7
divide,7
averages,7
smm,7
dysport,7
dipper,7
voluven,7
hypercoagulability,7
itdt,7
transfusing,7
inquiry,7
aco,7
establishes,7
akinesia,7
situated,7
subthalamic,7
rotated,7
pwes,7
inquire,7
aggravated,7
dearth,7
dupilumab,7
arg,7
elisas,7
prevail,7
rrv,7
rfviia,7
enantiomers,7
heijde,7
glutamic,7
esophagogastroduodenoscopy,7
avoidant,7
validating,7
hindered,7
generalisable,7
adenomyosis,7
triptans,7
rvs,7
cushion,7
sinusotomy,7
jumping,7
delusion,7
unclamping,7
myoma,7
multiethnic,7
anxiolysis,7
vasopressors,7
mufas,7
allotted,7
dfu,7
carcinogenesis,7
cruciferous,7
candy,7
ivi,7
qsal,7
dysphoria,7
ucf,7
phytate,7
pakistani,7
zolazepam,7
plotted,7
otologic,7
fax,7
aircraft,7
inrplus,7
caltrate,7
rooted,7
vasodilatory,7
cny,7
truncated,7
canakinumab,7
shopping,7
customary,7
potentiated,7
lvhr,7
purely,7
ruti,7
urologic,7
acdf,7
inherited,7
constitution,7
edematous,7
sachets,7
inhabitants,7
bgp,7
subtalar,7
yuan,7
kiva,7
pir,7
rupatadine,7
rooms,7
guidewires,7
parks,7
ddn,7
bbfc,7
msd,7
gonb,7
jude,7
oxpl,7
dixon,7
phosphatidylinositol,7
tmc,7
pending,7
estramustine,7
maze,7
lary,7
hfps,7
gargling,7
dilators,7
nsvt,7
transcervical,7
synchrony,7
cera,7
isdn,7
miit,7
venues,7
pmc,7
nks,7
clipped,7
gga,7
mrm,7
microstructural,7
capping,7
fpa,7
leishmania,7
lessen,7
crashes,7
motorcycle,7
mdt,7
manchester,7
aforesaid,7
gatifloxacin,7
zonisamid,7
xps,7
nape,7
amplify,7
iao,7
captures,7
commensurate,7
mastication,7
inviting,7
provasopressin,7
reversibility,7
metacognition,7
forgiveness,7
coinfection,7
ftm,7
abnormally,7
texting,7
onabotulinumtoxin,7
rlc,7
prion,7
physiodirect,7
chlorogenic,7
scrubs,7
scrub,7
volumetry,7
visx,7
cantab,7
voxel,7
urgoclean,7
pasture,7
punctal,7
tbo,7
ndms,7
waiguan,7
remifemin,7
stillbirth,7
arrive,7
lbup,7
undifferentiated,7
antithymocyte,7
roxithromycin,7
monoamine,7
sensitizer,7
sagb,7
nwb,7
accucirc,7
isd,7
dus,7
uae,7
proposal,7
retested,7
fox,7
sbe,7
czop,7
appreciable,7
xuanzhong,7
cor,7
absorb,7
biotronik,7
accumbens,7
preadmission,7
spas,7
cidofovir,7
saqli,7
mvd,7
microvessel,7
srb,7
olo,7
enotes,7
survive,7
ddd,7
mgh,7
gore,7
revascularized,7
aps,7
rmet,7
globus,7
tourette,7
mansfield,7
sober,7
leveraging,7
hcr,7
syr,7
outlier,7
atypia,7
dpe,7
cle,7
bars,7
mrq,7
profession,7
tsb,7
send,7
transported,7
dispatcher,7
vfa,7
androgenic,7
pinaverium,7
declaration,7
hars,7
engages,7
hiscr,7
envenomation,7
prototypes,7
elongated,7
vasodilating,7
ineffectiveness,7
rociletinib,7
continents,7
scci,7
officer,7
radiographers,7
assistive,7
hae,7
shenting,7
reintegration,7
mccb,7
debriefing,7
overview,7
hopefully,7
configurations,7
hpba,7
ceftobiprole,7
ues,7
criticism,7
tetra,7
antiretrovirals,7
microarrays,7
comparably,7
refute,7
scripts,7
dkt,7
iwt,7
cinnarizine,7
icelandic,7
thrombi,7
vagus,7
rvf,7
ewl,7
neurotransmitters,7
peshawar,7
bmv,7
legumes,7
recalibration,7
ajust,7
intensify,7
bulimia,7
ambroxol,7
practicality,7
distinctive,7
rehospitalizations,7
awc,7
aaaai,7
fii,7
fena,7
installed,7
tighter,7
helplessness,7
exodeviation,7
hsk,7
logit,7
boswellia,7
pew,7
expedition,7
raa,7
lras,7
enolase,7
robustness,7
rpf,7
inertia,7
hbcag,7
invite,7
entrainment,7
afr,7
chengdu,7
trains,7
alpacas,7
postprocessing,7
sarcomas,7
umr,7
hypertensives,7
rfe,7
bav,7
psk,7
ibr,7
things,7
cheng,7
xuan,7
incompetence,7
mycoplasma,7
akin,7
mucopexy,7
hepavax,7
btds,7
concentrators,7
vsds,7
rfsh,7
mpv,7
interleaved,7
timeliness,7
lebrikizumab,7
dissolving,7
tonsil,7
remember,7
vesicoureteral,7
indolent,7
appendicectomy,7
fibreoptic,7
melioidosis,7
calculus,7
fir,7
eszopiclone,7
grace,7
tropical,7
mibi,7
hrsd,7
btpv,7
benifuuki,7
darker,7
nasopharynx,7
matrics,7
briefer,7
olesoxime,7
ambrisentan,7
magna,7
mitroflow,7
mpod,7
succeeded,7
dislodgement,7
hypotony,7
pentavac,7
intonation,7
shortcomings,7
cbti,7
lada,7
dbrct,7
xinmailong,7
rgpl,7
evoke,7
autophagy,7
tpt,7
tct,7
lld,7
psychopathological,7
asexuality,7
ptbs,7
arrested,7
ruv,7
gluteal,7
atracurium,7
benzyl,7
vcm,7
cprs,7
jury,7
emerge,7
ltcf,7
rosc,7
cyclodextrin,7
lsm,7
detectability,7
biscuits,7
taxus,7
demyelinating,7
resolute,7
ora,7
compressor,7
dentinal,7
llif,7
soprolife,7
erb,7
pocts,7
lecithinized,7
wikipedia,7
intraduodenal,7
capsocam,7
axa,7
oscillometric,7
obturator,7
goodness,7
clozapine,7
serogroup,7
interleukins,7
babesia,7
ypas,7
hft,7
altitudes,7
niti,7
rotary,7
antidiuretic,7
trpdn,7
ncb,7
theophylline,7
agalsidase,7
narrowband,7
ldr,7
tlx,7
lubrication,7
autoimmunity,7
counteracted,7
motif,7
hapa,7
pedf,7
sipv,7
integrin,7
dysfunctions,7
bags,7
isomers,7
punctured,7
pdf,7
preterms,7
sdr,7
sacrococcygeal,7
tpep,7
spider,7
chrt,7
cockcroft,7
vegfc,7
delivers,7
unbound,7
kendall,7
fee,7
hypothalamus,7
unacceptably,7
anaphylactic,7
correspondingly,7
casi,7
sprifermin,7
polyacrylic,7
libido,7
fixated,7
vascularized,7
gault,7
vibrations,7
dilating,7
abandoned,7
irpj,7
mre,7
hydrodissection,7
paging,7
pillars,7
biosimilar,7
lequesne,7
prismatic,7
nachrs,7
sacropexy,7
hlh,7
acheis,7
bardoxolone,7
fimasartan,7
resided,7
rugby,7
sibo,7
nonresponder,7
gathering,7
girdle,7
harp,7
omalgia,7
booklets,7
ifosfamide,7
migrant,7
postinjury,7
ftd,7
osats,7
deeply,7
alternately,7
sevo,7
halo,7
migratory,7
hydroxyl,7
insulins,7
server,7
pbg,7
vtes,7
snapshot,7
qlt,7
bipap,7
buffet,7
pohc,7
engineered,7
mlva,7
disclose,7
ela,7
reloading,7
genitalium,7
tis,7
ucoc,7
morcellation,7
enterostomy,7
penis,7
midwestern,7
ape,7
nonacupoint,7
headstrong,7
overlying,7
immunofluorescence,7
paranoia,7
tca,7
smears,7
mefloquine,7
impella,7
pia,7
beagles,7
spoon,7
estazolam,7
intraductal,7
haplotypes,7
mabp,7
mobilized,7
retrievable,7
endonasal,7
srom,7
ecba,7
dialyzer,7
prebiotics,7
sterol,7
locomotion,7
races,7
blastocysts,7
deuterium,7
harbouring,7
mmst,7
assume,7
layers,7
photographed,7
rbs,7
pacci,7
eculizumab,7
wmd,7
papanicolaou,7
finite,7
astagraf,7
sft,7
predominately,7
lbpp,7
flavanol,7
fallopian,7
aat,7
ptas,7
adenoidectomy,7
lfs,7
rmc,7
inference,7
spielberger,7
dimethylarginine,7
intelligent,7
android,7
walls,7
pmrt,7
streets,7
holder,7
gnumap,7
tearing,7
perineum,7
lund,7
connectedness,7
kindergartens,7
grv,7
endoanchors,7
mapatumumab,7
insulinaemic,7
cgrp,7
predilation,7
lutonix,7
bess,7
disrupt,7
terazosin,7
kgaa,7
payment,7
lrf,7
nmn,7
poct,7
reticulocyte,7
vests,7
downward,7
oesophagus,7
pertinent,7
srm,7
reconnection,7
psychosomatic,7
saturday,7
neointima,7
horizons,7
lymphopenia,7
letermovir,7
asnhl,7
advertisements,7
tsa,7
interns,7
treatable,7
dexmetomedine,7
scene,7
milestone,7
submicron,7
dao,7
energetic,7
rhomboid,7
lsis,7
wvsm,7
sustainment,7
cholelithiasis,7
tbic,7
sweats,7
nasobiliary,7
presenteeism,7
apneas,7
exmi,7
xuehai,7
hysteropexy,7
dess,7
marie,7
discoloration,7
pdra,7
uygur,7
realize,7
dermoscope,7
seekers,7
metabolizer,7
tbv,7
bhm,7
tenaculum,7
technician,7
sstrs,7
trousers,7
introduces,7
stni,7
ureters,7
spectrophotometric,7
chemotherapies,7
dpd,7
sparrow,7
premise,7
scrambled,7
poloxamer,7
ncct,7
sega,7
rsom,7
gravidarum,7
consulted,6
creative,6
fgds,6
paulo,6
tentative,6
navigators,6
crswnp,6
pov,6
misleading,6
inadvertent,6
hypocoagulability,6
click,6
mesenteric,6
shr,6
anca,6
asex,6
wolf,6
invest,6
savory,6
sasa,6
prostanoids,6
intracortical,6
noting,6
desks,6
haemorrhagic,6
reswt,6
jnj,6
rpms,6
cursl,6
uncooperative,6
knockdown,6
sgas,6
ois,6
mastoidectomy,6
orbs,6
movers,6
dap,6
ambivalence,6
atmfs,6
underused,6
naked,6
postcapillary,6
limberg,6
lenziaren,6
atomized,6
bay,6
extem,6
sfbt,6
qualifier,6
pathologies,6
wellfocus,6
iemt,6
ablated,6
transpulmonary,6
oligoasthenozoospermia,6
precuneus,6
philips,6
bca,6
jps,6
hyperimmune,6
hypermobility,6
plantago,6
thoracostomy,6
cixutumumab,6
urtis,6
postcraniotomy,6
lvdd,6
snt,6
kamra,6
favourably,6
simv,6
therapeutical,6
fmf,6
icb,6
lifitegrast,6
ulmca,6
colonography,6
accretion,6
wheel,6
transfixing,6
bifurcated,6
electrically,6
aft,6
longum,6
employer,6
xpert,6
kaposi,6
gesture,6
laryngopharyngeal,6
igla,6
botswana,6
nateglinide,6
neurohormonal,6
pharyngolaryngeal,6
astro,6
stfr,6
dermatome,6
ostium,6
sidebranch,6
similarities,6
shriver,6
motions,6
rri,6
laceration,6
ethacridine,6
paracentesis,6
omecamtiv,6
edged,6
uts,6
chuanhu,6
lpc,6
ingrown,6
xsa,6
octr,6
flavanols,6
trapeziometacarpal,6
rejections,6
intending,6
cnldo,6
stigmatized,6
instaflex,6
ppna,6
secondhand,6
inspiron,6
welding,6
smgo,6
stereopsis,6
bull,6
arctic,6
eiaeds,6
ifb,6
triplanar,6
symbiotic,6
ncep,6
graduated,6
ibtr,6
lard,6
mecarbil,6
elape,6
waste,6
advair,6
atdcs,6
ban,6
csd,6
ltc,6
asexual,6
dsc,6
socrates,6
customers,6
organize,6
wes,6
turns,6
nutri,6
fibtem,6
reserves,6
lollies,6
unicirc,6
stata,6
cflc,6
tpi,6
appraised,6
rch,6
pvd,6
poplin,6
farrell,6
ovata,6
brucellosis,6
sirflox,6
pretrial,6
angioguard,6
banks,6
pick,6
pmn,6
potentiates,6
pharmacogenomic,6
survivals,6
distally,6
crq,6
spreader,6
sdl,6
extraperitoneal,6
palf,6
methacrylate,6
prioritize,6
microemulsion,6
carat,6
exponential,6
watermelon,6
evidences,6
fluctuating,6
thermophilus,6
mit,6
cms,6
restor,6
story,6
iprex,6
locoregionally,6
prebiopsy,6
bsid,6
rage,6
viabahn,6
nondiagnostic,6
lightweight,6
removable,6
pimasertib,6
qrht,6
nops,6
uvr,6
helios,6
gmp,6
dam,6
exfoliated,6
eunice,6
rigor,6
anhui,6
neurodegeneration,6
preformed,6
huu,6
hvg,6
microtbs,6
pleasantness,6
postoestrus,6
nonsmall,6
recreationally,6
bissau,6
drives,6
chcs,6
lnz,6
flavanones,6
pranoprofen,6
deoxyguanosine,6
ans,6
suds,6
brt,6
srbs,6
acm,6
noon,6
vip,6
broth,6
wished,6
ddg,6
nymphs,6
enlarging,6
naburen,6
drs,6
interventionists,6
vitapex,6
searched,6
nlf,6
tkas,6
kurtosis,6
evolve,6
willi,6
fuel,6
prader,6
lengthy,6
psychogenic,6
postponing,6
asphyxia,6
invasively,6
mprcf,6
asphericity,6
mzd,6
improwin,6
posttherapy,6
rewarming,6
callosum,6
encourages,6
alegre,6
controllable,6
advisable,6
ascertainment,6
laterality,6
suspending,6
selexipag,6
trifocal,6
phen,6
fen,6
avfs,6
mews,6
nordisk,6
aris,6
excitement,6
yks,6
centimeter,6
endocervical,6
isco,6
delineate,6
pentraxin,6
imbalances,6
abdominopelvic,6
vwing,6
nursery,6
tmac,6
ita,6
alri,6
stabilizes,6
perimetry,6
lft,6
debulking,6
unfamiliar,6
briefly,6
eno,6
autophagic,6
citizens,6
permanently,6
chess,6
isq,6
mecs,6
costing,6
ceve,6
raaa,6
hui,6
ocl,6
neisvac,6
glutamatergic,6
presta,6
interviewer,6
seroresponse,6
something,6
colposcope,6
rpc,6
ibgms,6
steeper,6
solumatrix,6
hesitancy,6
directing,6
coral,6
nbuvb,6
arrangements,6
pushti,6
aaca,6
vntr,6
pollinosis,6
sinogram,6
unidas,6
dictated,6
implicitly,6
verteporfin,6
referent,6
osteoclast,6
csuv,6
bioprostheses,6
rings,6
behaviorally,6
conko,6
dota,6
drospirenone,6
strimar,6
trochanter,6
bsft,6
fulfill,6
convalescence,6
spils,6
broken,6
conjunctions,6
cleaned,6
cytopenias,6
revar,6
bpf,6
inadvertently,6
unloader,6
vta,6
summarised,6
salicylate,6
crushed,6
cdc,6
ava,6
rfvta,6
auckland,6
biochemotherapy,6
rmsea,6
yingxiang,6
usat,6
asi,6
concrete,6
leukocytosis,6
periostin,6
deceleration,6
musculocutaneous,6
sclerectomy,6
nonsustained,6
threefold,6
stres,6
allodynia,6
finerenone,6
fhp,6
intrasubject,6
visf,6
jit,6
forgetting,6
distinguishing,6
optically,6
hhf,6
ladg,6
pemfs,6
cpx,6
telemedical,6
cbasp,6
phs,6
solanezumab,6
lyophilized,6
craniofacial,6
cave,6
decernotinib,6
listen,6
abridged,6
messenger,6
pul,6
turbinoplasty,6
edmonton,6
cosmetics,6
irritant,6
splints,6
aluminium,6
jitai,6
avodart,6
deformities,6
reflectance,6
heptavalent,6
basophils,6
rnp,6
nonperfusion,6
wfns,6
pays,6
odg,6
cvatl,6
defective,6
humphrey,6
constitutional,6
madopar,6
pellets,6
nonanxious,6
newcastle,6
enterally,6
cbos,6
teduglutide,6
skinfold,6
styloid,6
coitus,6
dysglycaemia,6
anogenital,6
pleth,6
ante,6
fha,6
malpositioning,6
equipotent,6
cairo,6
shams,6
audiotaped,6
noncontact,6
dexnp,6
rimabotulinumtoxinb,6
lfc,6
defaecatory,6
crrc,6
hiatus,6
preoccupation,6
permutation,6
obstetricians,6
abstain,6
ration,6
neurotransmission,6
arose,6
conceived,6
uls,6
sslf,6
adopters,6
bme,6
normoinsulinemic,6
avenue,6
calypso,6
ciclesonide,6
approximation,6
roms,6
fodmap,6
residue,6
bacterium,6
asrs,6
unresolved,6
theme,6
kefir,6
encodes,6
representations,6
pharmacop,6
biofortified,6
neuromodulation,6
fujian,6
rotations,6
necessitate,6
codons,6
itbvi,6
colonized,6
lumbricoides,6
allocating,6
supplementations,6
earned,6
exrp,6
rifl,6
lasts,6
sonication,6
interproximal,6
complied,6
cholestatic,6
thrombelastography,6
basel,6
tnfi,6
perc,6
deferrioxamine,6
ivan,6
ipb,6
amputees,6
blg,6
seps,6
git,6
qft,6
glb,6
igel,6
peripapillary,6
annotation,6
practicable,6
triaged,6
gets,6
toct,6
oscillatory,6
laxatives,6
fragmented,6
fxtas,6
phonophobia,6
manufacturing,6
perimetric,6
prr,6
prrs,6
pregabaline,6
gadoteric,6
attribution,6
analogic,6
sptp,6
pcbs,6
goserelin,6
guatemala,6
qxr,6
conjugates,6
unguided,6
precluding,6
ophthalmologists,6
vitreoretinal,6
ppius,6
avoidable,6
cycloplegic,6
vulval,6
neat,6
nim,6
isus,6
colonoscopes,6
drunkenness,6
nicorette,6
ldbl,6
clarifying,6
abr,6
rph,6
zda,6
seafood,6
domiciliary,6
ilt,6
anaesthetised,6
symptomology,6
asit,6
herds,6
echium,6
lcq,6
absorbent,6
fertilisation,6
sibling,6
hypromellose,6
tampons,6
jianyu,6
leprosy,6
docosapentaenoic,6
maryland,6
commitments,6
tils,6
torques,6
monash,6
dol,6
rfd,6
hpn,6
scientist,6
nrp,6
srd,6
bvm,6
hazmat,6
ceasing,6
hydrocephalus,6
unexercised,6
gws,6
preseasonal,6
lob,6
hyrax,6
reliabilities,6
vicryl,6
utero,6
chlormadinone,6
unpredictable,6
dlp,6
mot,6
lecithin,6
sociopsychological,6
hsa,6
transperitoneal,6
atrasentan,6
hydroxyproline,6
tep,6
laparotomic,6
qualification,6
syndemic,6
retroflexed,6
gambiae,6
dialogue,6
collagenous,6
ileum,6
topoisomerase,6
cmds,6
relining,6
cpfq,6
rsat,6
napping,6
priapism,6
flaxsaff,6
safflower,6
ozenoxacin,6
mbis,6
patterned,6
unadjuvanted,6
comatose,6
underreported,6
oslo,6
plgm,6
dive,6
sphingolipids,6
histograms,6
ood,6
plana,6
disengagement,6
navilas,6
burdened,6
levitan,6
plgf,6
trochlea,6
noc,6
disciplines,6
rinses,6
sbhc,6
sbhcs,6
nyc,6
tcq,6
trls,6
voluntarily,6
interacts,6
frustrating,6
gats,6
cabp,6
purse,6
microscopically,6
lvot,6
sgds,6
kams,6
csh,6
enterovirus,6
oop,6
hsh,6
ssct,6
metaplasia,6
curable,6
indis,6
radiculitis,6
exudate,6
breakpoint,6
nilvadipine,6
procnp,6
governor,6
fengfu,6
cationic,6
antrum,6
transcriptional,6
cmin,6
tcsom,6
ulbd,6
contemplation,6
microhardness,6
calif,6
transbond,6
cyclical,6
multiplied,6
psta,6
trikatu,6
heatwrap,6
kinesiotherapy,6
caval,6
epidermidis,6
aquatic,6
afi,6
wcr,6
por,6
chlorophyll,6
fitbit,6
mces,6
immunostaining,6
odyssey,6
pajr,6
asav,6
iops,6
privately,6
imnt,6
ccis,6
iats,6
meticulous,6
legislation,6
interincisal,6
governance,6
robotics,6
bhr,6
frontalis,6
recidivism,6
astrocytes,6
myeloablative,6
pvri,6
electrosurgery,6
seroconverted,6
bursts,6
palmitoleic,6
nonsterilized,6
disrupts,6
mmasi,6
poststudy,6
pge,6
ninds,6
hypoalgesia,6
trails,6
basket,6
ira,6
unformed,6
plateaued,6
amateur,6
wives,6
dez,6
mitraclip,6
rmgic,6
jogging,6
frova,6
arseniasis,6
scattered,6
parotidectomy,6
damages,6
tenoxicam,6
approximated,6
leone,6
qtcb,6
irs,6
pfpt,6
tasq,6
nonserious,6
normoxic,6
sociodemographics,6
evr,6
fef,6
fatox,6
kerosene,6
jennies,6
valerian,6
beneficiary,6
hif,6
purine,6
tsi,6
pollicis,6
postpone,6
bringing,6
rsba,6
esra,6
colporrhaphy,6
phlebectomy,6
ssm,6
psummit,6
waitlisted,6
reamed,6
toy,6
torticollis,6
orientations,6
rcv,6
diosmectite,6
eyep,6
caliper,6
yjg,6
inspectors,6
chronicity,6
louis,6
piloting,6
sterilized,6
famitinib,6
icatibant,6
japiccti,6
pari,6
invos,6
albicans,6
fmcpap,6
subepithelial,6
dividing,6
breasts,6
alf,6
trialled,6
pof,6
chen,6
zigong,6
bebax,6
disclosing,6
dct,6
radialis,6
retroillumination,6
apolipoproteins,6
ursodeoxycholic,6
colestyramine,6
remoxy,6
confounder,6
unanswered,6
instillations,6
immersed,6
acquiring,6
iuds,6
collagenase,6
vbl,6
bled,6
flexibly,6
triangulation,6
strefen,6
siccoral,6
tendencies,6
biohazard,6
ahps,6
pcdai,6
ignore,6
suspend,6
nlbn,6
tier,6
pedsql,6
caribbean,6
nissle,6
spina,6
lobectomies,6
chlorine,6
bode,6
mmrc,6
pgz,6
peribulbar,6
carb,6
brushes,6
rfp,6
nemex,6
mexidol,6
iopromide,6
ifus,6
southampton,6
brake,6
shares,6
zurich,6
hvla,6
omp,6
wilms,6
sdf,6
ppr,6
hudson,6
dhapq,6
forth,6
abv,6
ppeak,6
alflutop,6
ubiquitous,6
geothermal,6
dropping,6
clubfeet,6
regadenoson,6
prolift,6
bifida,6
jobelyn,6
chemoprophylaxis,6
paco,6
preintubation,6
gpx,6
lectin,6
urodynamics,6
iomeprol,6
orbitofrontal,6
peao,6
predominance,6
ligature,6
papaverine,6
gff,6
contingencies,6
voxels,6
zoe,6
huntington,6
tempered,6
mugard,6
afterload,6
dermatologist,6
grew,6
diacerein,6
reprioritization,6
argan,6
ffpe,6
bmm,6
disappointing,6
chorionicity,6
transcriptome,6
farmer,6
oro,6
bak,6
chile,6
vdra,6
osteogenic,6
multicentered,6
visualize,6
insonation,6
lymphocele,6
softer,6
analyzes,6
entitled,6
australians,6
intimacy,6
btfc,6
optimised,6
torso,6
sentences,6
aio,6
extravirgin,6
mediterrnea,6
dieta,6
prevencin,6
trk,6
gtt,6
swt,6
idt,6
continually,6
ceftazidime,6
dbf,6
cornell,6
afghanistan,6
ifs,6
leukomalacia,6
hbcd,6
timeframe,6
advising,6
pizza,6
ngrt,6
purposeful,6
tfi,6
outliers,6
cromoglicate,6
navajo,6
outlined,6
herbst,6
proposes,6
straining,6
japic,6
orrs,6
ionic,6
asks,6
thermography,6
pedagogical,6
danpact,6
mnemonic,6
unconditioned,6
nar,6
accumulate,6
rfve,6
immunosuppressants,6
atomic,6
regrowth,6
mbti,6
fihoa,6
insult,6
parasitic,6
wrong,6
junk,6
terminally,6
xzp,6
lpbc,6
lenticule,6
bla,6
easl,6
friction,6
remit,6
leicester,6
cmai,6
gynaecology,6
prostaglandins,6
doubt,6
bindings,6
gestations,6
ebi,6
dnb,6
hyperbilirubinaemia,6
tones,6
manuals,6
snas,6
microplus,6
cholerae,6
vibriocidal,6
benchmark,6
nalmefene,6
omv,6
ucc,6
thiobarbituric,6
nnr,6
endogenously,6
pml,6
pectoralis,6
atps,6
transpedicular,6
electrograms,6
epidurals,6
pointing,6
wholegrain,6
transaminitis,6
roof,6
spillover,6
altens,6
peritoneum,6
inconsistency,6
salovum,6
ivpca,6
tazobactum,6
pkc,6
proinsulin,6
halved,6
alabama,6
rhinomanometry,6
slimming,6
ept,6
stof,6
bopta,6
stif,6
subchondral,6
rgct,6
tubule,6
wildtype,6
oxygenated,6
mckenzie,6
gynaecologic,6
cbeob,6
cmi,6
misclassification,6
tib,6
euthyroid,6
cbtx,6
fcp,6
categorization,6
proteome,6
hfx,6
nrr,6
iwr,6
axspa,6
crisp,6
aconite,6
illumina,6
dornase,6
openly,6
microm,6
inspire,6
unhealthful,6
preseason,6
nutrihand,6
cloths,6
lymphovascular,6
institut,6
isovorin,6
audited,6
udc,6
silverman,6
fills,6
schober,6
fiberscope,6
ptga,6
aztreonam,6
anchored,6
hmw,6
cort,6
epithelia,6
ilrr,6
spn,6
zhejiang,6
ncacs,6
proppr,6
calcipotriol,6
upfront,6
denied,6
helium,6
totrx,6
visitation,6
sonomat,6
psychiatrist,6
toxoplasmosis,6
insuplant,6
cuts,6
vpa,6
scrt,6
emotionality,6
anderson,6
correlative,6
manipulate,6
misplacement,6
visuospatial,6
alarming,6
cimrt,6
iquit,6
silicon,6
arabia,6
hyperhomocysteinemia,6
hypophysitis,6
nprs,6
harvard,6
comic,6
chitosan,6
schiff,6
rfca,6
antiapoptotic,6
regressed,6
ltl,6
vicinity,6
copeland,6
shaded,6
toss,6
pathogenetic,6
utterances,6
icf,6
angled,6
spadi,6
lnrh,6
tle,6
pwstt,6
compromises,6
nitroglycerine,6
hemofiltration,6
venovenous,6
enthesitis,6
quantitation,6
pgrm,6
npj,6
lqg,6
planet,6
imm,6
vlps,6
hypoxemic,6
flsi,6
delhi,6
lysis,6
constants,6
enucleation,6
iswt,6
isfahan,6
csap,6
sivh,6
substudies,6
imported,6
wgs,6
endeavor,6
fuels,6
reb,6
cbmclc,6
slr,6
telerehabilitation,6
replantation,6
femoseal,6
whz,6
commence,6
hamburg,6
celgosivir,6
glucosidase,6
hpj,6
courage,6
milking,6
complicate,6
posting,6
someone,6
slne,6
haemothorax,6
metadoxine,6
glutamyltransferase,6
fused,6
annotated,6
incretins,6
equivalency,6
foldable,6
gynecologists,6
correspond,6
shuidao,6
lumiracoxib,6
swine,6
wic,6
ethmoid,6
bausch,6
subnormal,6
minodronate,6
posturography,6
ranks,6
malabsorption,6
attendees,6
sant,6
cardura,6
areal,6
goniometer,6
dia,6
biologicals,6
gsk,6
earthquake,6
paul,6
imhp,6
terrestris,6
tribulus,6
submit,6
kinako,6
iadpsg,6
postlens,6
nocardia,6
moisturizer,6
remedial,6
ifl,6
analyzers,6
tlfi,6
directives,6
biomass,6
lomb,6
bacteriuria,6
aea,6
ftmb,6
herceptin,6
haemorrhoidectomy,6
macnab,6
buddy,6
closest,6
multimodality,6
shn,6
mipomersen,6
covidien,6
ivmp,6
baduanjin,6
uhg,6
thromboelastography,6
difluprednate,6
wmc,6
aspergillus,6
pfr,6
queries,6
forests,6
bulb,6
stenotic,6
predialysis,6
ultrahigh,6
isory,6
pulled,6
africans,6
mrt,6
norethisterone,6
minding,6
metals,6
emps,6
ioh,6
helix,6
ivpr,6
symbols,6
lpb,6
wel,6
freestyle,6
paraprofessionals,6
remimazolam,6
hygienic,6
marcaine,6
dexamphetamine,6
manitoba,6
sxb,6
bitopertin,6
crnm,6
pcdm,6
ecallantide,6
perceptible,6
tingling,6
nearwork,6
nom,6
larimal,6
tpn,6
hbac,6
amblyopic,6
undermining,6
roots,6
tipped,6
neap,6
nonexercise,6
diamos,6
easiest,6
abrasion,6
luting,6
pursuing,6
practising,6
hiccups,6
bike,6
heredity,6
tbas,6
bbti,6
montages,6
dysglycemia,6
nonanemic,6
prerequisite,6
atams,6
scm,6
rmd,6
pools,6
ffit,6
fans,6
ldc,6
tester,6
hmf,6
tutor,6
hyfosy,6
dca,6
opdcat,6
preov,6
opacity,6
pedt,6
vaginoscopy,6
recoupling,6
oculovestibular,6
tfbc,6
splenectomy,6
butamirate,6
incompetent,6
fao,6
capstrep,6
seasonality,6
desalkyl,6
gof,6
pharyngitis,6
hein,6
quigley,6
turesky,6
anb,6
empyema,6
peels,6
guardian,6
iuc,6
cadl,6
fishers,6
notifications,6
approvals,6
req,6
shield,6
restarted,6
suffers,6
mononitrate,6
sbdga,6
talking,6
argument,6
dermatological,6
infrasound,6
leverage,6
eva,6
tab,6
hsc,6
earn,6
endorse,6
maobi,6
ruf,6
wearable,6
hhacs,6
etac,6
appendicular,6
biggest,6
selections,6
cuffed,6
aclidinium,6
alveoli,6
bufei,6
withdraw,6
glsre,6
rehabilitated,6
xie,6
interests,6
pfe,6
girth,6
transthyretin,6
subphenotypes,6
orthopedics,6
orthotic,6
estimations,6
ecf,6
flair,6
imiglucerase,6
masticated,6
neighbor,6
firmly,6
twig,6
endoloop,6
snappi,6
scamp,6
spirometer,6
pmec,6
hyperfibrinogenemia,6
airborne,6
bicultural,6
simplifies,6
boezaart,6
mechanosensitivity,6
las,6
avonex,6
nontraditional,6
eotaxin,6
membranous,6
bhba,6
tbt,6
landing,6
malay,6
curl,6
machines,6
torsional,6
methazolamide,6
csssis,6
dlcst,6
moviprep,6
loops,6
responsibly,6
riociguat,6
ranger,6
peol,6
unpleasantness,6
ltfu,6
spike,6
pyuria,6
avi,6
synthesize,6
chin,6
hinchey,6
ceta,6
apricoxib,6
standalone,6
eban,6
sndt,6
wistar,6
drape,6
deterrent,6
probands,6
anorectum,6
habituation,6
ibcl,6
glatiramer,6
arrangement,6
cortisone,6
polaris,6
ssde,6
vytorin,6
proteolysis,6
quizzing,6
restart,6
lfjc,6
naphthoquine,6
ambulances,6
hvpg,6
pht,6
runny,6
hemangiomas,6
salmon,6
yam,6
avdopt,6
scfas,6
asdzd,6
hypothermic,6
exertional,6
pectin,6
thromboses,6
venturi,6
anchorage,6
jersey,6
trandolapril,6
wmsa,6
vesicle,6
papilloma,6
underrepresented,6
paediatricians,6
condensate,6
zofenopril,6
prescriptive,6
thresholding,6
mixer,6
oars,6
ctvs,6
pcsems,6
giqli,6
filtek,6
preceptors,6
emb,6
rotundus,6
cvar,6
powerpoint,6
murley,6
coracoclavicular,6
chlorpromazine,6
luft,6
mucociliary,6
flavors,6
acylcarnitines,6
myelosuppression,6
opp,6
pedestrian,6
eba,6
sutezolid,6
benazepril,6
omg,6
hall,6
postmeal,6
dsaek,6
oxymorphone,6
intrusive,6
shots,6
minimizes,6
anginal,6
subsidized,6
cleveland,6
requisite,6
octyl,6
pmdi,6
pefr,6
eib,6
sdx,6
xlh,6
mexameter,6
cabin,6
moxidectin,6
osf,6
incent,6
mfi,6
eyeblink,6
delphi,6
nonpharmacological,6
omc,6
dkk,6
sek,6
bear,6
nourished,6
eutopic,6
pieces,6
joined,6
cyc,6
wedged,6
pidotimod,6
dripping,6
cbsh,6
tmlrp,6
fenbendazole,6
fbf,6
donning,6
valved,6
emilia,6
culotte,6
corticotropin,6
locator,6
abl,6
gomco,6
microtensile,6
mosf,6
perimeter,6
bcts,6
panoramic,6
sunburns,6
moa,6
rvm,6
vsc,6
corticoid,6
multisource,6
scpb,6
irritancy,6
isiv,6
istop,6
postc,6
bloodspot,6
throughput,6
cerebrolysin,6
clone,6
impaction,6
servoventilation,6
moodgym,6
hrze,6
cfus,6
locate,6
lanthanum,6
spectators,6
haptic,6
mgkgd,6
controllers,5
clutter,5
allevyn,5
nephew,5
mediskin,5
remedies,5
prevaccination,5
ivp,5
orp,5
cadees,5
tensile,5
cohesion,5
carboxylic,5
phd,5
hipaa,5
otolaryngologists,5
phosphoral,5
interradicular,5
ecp,5
dublin,5
uplc,5
hematomas,5
breadth,5
implied,5
silicones,5
optisol,5
binging,5
democratic,5
psychopharmacological,5
criticized,5
cgs,5
fallen,5
ave,5
integrase,5
gaq,5
cholangiocarcinoma,5
glucold,5
deleted,5
lymphoid,5
hva,5
unequal,5
taco,5
tuerp,5
narratives,5
gothenburg,5
sterofundin,5
kaiser,5
permanente,5
remi,5
granuloma,5
icterometry,5
geshu,5
plum,5
protraction,5
investigative,5
pipecuronium,5
plaiv,5
remind,5
unwilling,5
anonymised,5
phobias,5
csdmards,5
vaspin,5
dronabinol,5
posthospitalization,5
absssi,5
nasolaryngoscopy,5
milled,5
edb,5
pisa,5
ecpn,5
contemporaneous,5
terumo,5
iet,5
osteoarthritic,5
undesired,5
timings,5
delirious,5
omnibus,5
surpassed,5
menaquinone,5
mtad,5
vasculopathy,5
purpura,5
nonsweetener,5
cloudy,5
ccbs,5
disorganized,5
serbia,5
dysphagic,5
neurolytic,5
noncontrast,5
dpl,5
vaspi,5
pyometra,5
transduction,5
wafer,5
gists,5
instabilities,5
irrigations,5
nondancers,5
amnestic,5
declarative,5
skamp,5
rass,5
biotech,5
biometric,5
autorefraction,5
saaf,5
amlexanox,5
aphthous,5
nonresponsive,5
rimonabant,5
killers,5
ralrp,5
boot,5
portability,5
hypolipidemic,5
lignans,5
gastroscope,5
cypher,5
ops,5
nontapered,5
bandaging,5
arcomxl,5
upc,5
cautious,5
kawasaki,5
hbt,5
restructuring,5
distractions,5
theater,5
deviancy,5
rgn,5
prominence,5
vvo,5
haploidentical,5
caa,5
ubr,5
epigallocatechin,5
ergometry,5
encompassed,5
resiliency,5
facets,5
davidson,5
parenterally,5
turku,5
methodologic,5
ureic,5
iis,5
hydrocolloid,5
ventriculostomy,5
talcum,5
antisepsis,5
polarizing,5
hwws,5
dysbiosis,5
dosimetry,5
meth,5
selenite,5
hoos,5
brightness,5
vestibulo,5
postcesarean,5
haryana,5
automobile,5
rutherford,5
cytologically,5
midday,5
cumin,5
dysuria,5
disrupting,5
fmi,5
edemas,5
ganitumab,5
deniers,5
lrt,5
lacb,5
cease,5
aminolaevulinate,5
pulmicort,5
abciximab,5
convinced,5
overrepresented,5
lttep,5
noncardiovascular,5
flying,5
shin,5
ijb,5
commuting,5
cadavers,5
sawbones,5
drill,5
immunomodulating,5
cgic,5
retinoblastoma,5
provoke,5
decs,5
logs,5
misperceptions,5
injunctive,5
crowding,5
saint,5
applicator,5
hotline,5
constantly,5
countermeasure,5
interpretable,5
fructosamine,5
convulsive,5
peoples,5
lymphotropic,5
perilla,5
mede,5
proms,5
evaporative,5
png,5
cefetamet,5
solostar,5
upsa,5
oak,5
ambulate,5
eet,5
immunoreactivity,5
bpc,5
kramer,5
lasa,5
mcinnes,5
lebanon,5
nmsc,5
neuroticism,5
compatibility,5
antagonize,5
rebif,5
drying,5
vaginosis,5
lass,5
minds,5
siri,5
trdc,5
trew,5
lymphoscintigraphy,5
doubles,5
lifespan,5
cuffs,5
amniocentesis,5
laypersons,5
dsf,5
postintub,5
vls,5
mashhad,5
breathiness,5
glottal,5
insulinoma,5
femoroacetabular,5
foveas,5
hyaluronidase,5
balneohydrotherapy,5
ido,5
hgb,5
prbcs,5
submerged,5
vfn,5
cystoscopic,5
tagged,5
cardinal,5
sprouts,5
hardly,5
mary,5
cryosurgery,5
complementing,5
lvads,5
entities,5
cornsaff,5
endomicroscopy,5
pcle,5
contiguous,5
rodents,5
docc,5
fhsq,5
minithoracotomy,5
histopathologically,5
restrained,5
dialytic,5
phosphokinase,5
bronchospasm,5
cris,5
lhw,5
rlus,5
diffusive,5
vnrs,5
noticeably,5
protoporphyrin,5
myrtle,5
fibrates,5
pets,5
suicides,5
triphosphate,5
ghr,5
ttes,5
mcii,5
ain,5
adir,5
aber,5
nafamostat,5
lys,5
inflating,5
recherche,5
clinique,5
ckc,5
hvn,5
premier,5
plasmablast,5
filaments,5
meshes,5
rdc,5
threonine,5
nalbuphine,5
interrupt,5
clouds,5
dbe,5
hydroxysteroid,5
yeh,5
uva,5
tvps,5
alkylresorcinols,5
reticulum,5
adrenocorticotrophin,5
sdd,5
bmep,5
nonrigid,5
omeract,5
expectantly,5
utd,5
updating,5
hospitalier,5
swog,5
imaginable,5
conquer,5
sandal,5
polyphenolic,5
levatores,5
grille,5
expressiveness,5
bioresonance,5
clavulanate,5
ibdq,5
rot,5
hlm,5
encephalitis,5
mrnfl,5
mrkh,5
genera,5
smv,5
napico,5
mgcit,5
frenulum,5
striking,5
panax,5
rlp,5
redeemed,5
rabies,5
pti,5
effervescent,5
hypersomnia,5
nag,5
factsheets,5
nlbm,5
etu,5
hfa,5
neupogen,5
ssdt,5
eis,5
ipap,5
bumpiness,5
antipruritic,5
rakai,5
ctsa,5
mycompass,5
clinico,5
neurologist,5
biopolymer,5
daughter,5
alexandrite,5
apv,5
regularity,5
ifnb,5
nondemented,5
sraw,5
polidocanol,5
sifalimumab,5
odour,5
laerdal,5
aol,5
oneself,5
blisters,5
dimethyl,5
lady,5
callers,5
postconcussive,5
corroborated,5
intensifier,5
asuds,5
nonmajor,5
papulopustular,5
mlmin,5
mom,5
carboxymethylcellulose,5
slitlamp,5
postextubation,5
substitutions,5
conceptually,5
submission,5
iastt,5
prognostication,5
avmuf,5
retrusion,5
karydakis,5
accommodate,5
pcbmp,5
thiamylal,5
rdi,5
vwf,5
gonorrhoea,5
combirx,5
arrow,5
unconfirmed,5
pretests,5
conbercept,5
terminalia,5
burettes,5
outlining,5
bnd,5
mcq,5
mouthwashes,5
abovementioned,5
osteopathic,5
residuals,5
partnerships,5
acidified,5
trisodium,5
magnetization,5
eaw,5
meatus,5
groove,5
icecap,5
ascot,5
supermarket,5
universally,5
inoculum,5
sbc,5
pabd,5
discarded,5
asystole,5
sdnn,5
klass,5
panels,5
helveticus,5
perifollicular,5
neixiyan,5
isar,5
endoglide,5
endoserter,5
interrupting,5
pam,5
adduct,5
analyte,5
histomorphometric,5
earmuff,5
chebula,5
mipo,5
philos,5
emphasise,5
pops,5
postdiagnosis,5
mailing,5
instantaneous,5
donating,5
firehawk,5
enteropathy,5
interleaving,5
confidentiality,5
supervising,5
flecainide,5
yeaple,5
avvq,5
imwm,5
actuation,5
sot,5
mark,5
segmentations,5
picked,5
meansem,5
cppd,5
hydroxyapatite,5
nonfluent,5
broca,5
queens,5
flanker,5
malpositioned,5
wages,5
competitively,5
cpgs,5
traced,5
galantamine,5
cbl,5
ketoacidosis,5
dka,5
pnon,5
lcwi,5
wanting,5
advocating,5
boxed,5
cwt,5
tracers,5
avastin,5
countertraction,5
belt,5
apb,5
automation,5
icombo,5
postconcussion,5
glucoside,5
recertification,5
flx,5
edtmp,5
invasiveness,5
liaison,5
milliliters,5
undertreated,5
react,5
dbv,5
sbirt,5
ruptures,5
proportionate,5
odense,5
aarhus,5
dated,5
glycolysis,5
exploit,5
ctrl,5
respirators,5
contours,5
coformulated,5
dri,5
leveling,5
crossmatch,5
complicates,5
aerodynamic,5
dehydrating,5
normoxemic,5
hepatorenal,5
denv,5
lfqs,5
responsivity,5
crse,5
imono,5
surgisis,5
oraqix,5
sics,5
colonies,5
ecology,5
panuveitis,5
nos,5
polygraphy,5
bari,5
ahh,5
antero,5
trophic,5
ddcd,5
pistachios,5
ethinylestradiol,5
gct,5
androgenetic,5
fdcs,5
nations,5
bbt,5
sgbs,5
cfls,5
icdas,5
exudates,5
tsds,5
istoppfalls,5
dsp,5
vvi,5
nedaplatin,5
glu,5
antivenom,5
tiantu,5
morphometry,5
transsexuals,5
chik,5
doripenem,5
citratus,5
marsh,5
schnider,5
threatened,5
menus,5
gemfibrozil,5
probenecid,5
vep,5
cavi,5
mvbf,5
fronto,5
readability,5
suppressor,5
mmrm,5
scalpels,5
srq,5
cte,5
ivoire,5
sfl,5
rhinometry,5
vault,5
sla,5
outweigh,5
pursuit,5
msimi,5
weakened,5
esas,5
fastrack,5
vivasight,5
impulsiveness,5
constructive,5
speakers,5
primes,5
semont,5
mulago,5
tachysystole,5
spermatic,5
developmentally,5
uag,5
counterregulatory,5
sphere,5
occluding,5
embolisation,5
rhg,5
pccnd,5
ttx,5
canalith,5
psychiatrists,5
pursued,5
lifesaving,5
lsi,5
console,5
vest,5
emot,5
inaba,5
ogawa,5
cbtg,5
cherry,5
enrich,5
outcall,5
biojector,5
truefisp,5
multistage,5
vestibule,5
voices,5
lis,5
polyvinylchloride,5
checkmate,5
accreditation,5
endemicity,5
kaempferia,5
parviflora,5
coronaries,5
cramps,5
coldness,5
wahakura,5
handover,5
postanaesthesia,5
scleritis,5
pag,5
vbt,5
sesg,5
ivesg,5
raisin,5
swede,5
anamnestic,5
pld,5
postulate,5
ctla,5
thromboelastometry,5
aerosols,5
lincomycin,5
hookah,5
imb,5
sold,5
tirsfsp,5
subvastus,5
smoothing,5
vkc,5
withdrawing,5
pods,5
ero,5
outperform,5
eclipse,5
ventilate,5
wcrf,5
aicr,5
neuromodulatory,5
granulocytes,5
sprinters,5
jumpers,5
nondependent,5
seidlitzia,5
rosmarinus,5
cookie,5
footstool,5
campesterol,5
lingxian,5
microincision,5
amps,5
lentil,5
lvedd,5
ascaris,5
duo,5
macs,5
yuzu,5
friesian,5
reaches,5
hotel,5
blm,5
substantive,5
underestimate,5
anode,5
cathode,5
fillers,5
lobular,5
lvesd,5
galyfilcon,5
compact,5
achilles,5
retractor,5
fwls,5
postinduct,5
mdros,5
linaclotide,5
disturbing,5
wls,5
involution,5
collisions,5
fji,5
nia,5
ethicon,5
trunks,5
neutralize,5
formulas,5
pasteur,5
neisseria,5
lvg,5
embrace,5
utn,5
nongenetic,5
hosmer,5
lemeshow,5
maculopathy,5
endeavour,5
dst,5
satellite,5
laryngectomy,5
pif,5
vitrolife,5
nasotracheal,5
secrete,5
correlational,5
keloids,5
stitch,5
charm,5
kadoma,5
pentavalent,5
quinine,5
wts,5
incredible,5
phosphoric,5
qlf,5
attributional,5
reosce,5
reanimation,5
cyproterone,5
cebq,5
nssi,5
ppnb,5
glsrs,5
audible,5
permits,5
lithotomy,5
preservice,5
tonsillar,5
transtrapezial,5
delphinol,5
anthocyanins,5
canthal,5
myo,5
evg,5
starvation,5
neex,5
cardiomyocyte,5
pdg,5
correspondence,5
tophaceous,5
aberrometry,5
mimicked,5
lognormal,5
sqtx,5
phototoxic,5
reamer,5
coupler,5
piroxicam,5
qlv,5
pancreatoduodenectomy,5
ssppd,5
rhinorrhea,5
luminex,5
tto,5
sebaceous,5
thyroglobulin,5
caars,5
haas,5
shall,5
osteopenic,5
morquio,5
coherent,5
imminent,5
killing,5
etexilate,5
bedtimes,5
convicted,5
ombrabulin,5
siriraj,5
bonta,5
deterrence,5
penalties,5
jail,5
returns,5
impeded,5
hainan,5
diff,5
exoskeleton,5
multijoint,5
sobq,5
pursue,5
negotiation,5
chemopreventive,5
massed,5
dezocine,5
download,5
cooked,5
echostructure,5
poma,5
icy,5
tqt,5
fzt,5
cbs,5
inline,5
selank,5
olein,5
irh,5
signifying,5
listing,5
photoaging,5
accountable,5
photoplethysmography,5
repercussions,5
endometria,5
adap,5
jessner,5
scipi,5
abd,5
plcd,5
revascularisations,5
itv,5
cordiax,5
reg,5
tmic,5
stitches,5
puckering,5
piiinp,5
undernutrition,5
dietician,5
tba,5
dyne,5
nigerian,5
ablations,5
lapses,5
cdyn,5
sccta,5
aside,5
preschools,5
specification,5
nonesterified,5
fulfillment,5
stomatology,5
banding,5
aci,5
waterpipe,5
scut,5
tizanidine,5
chew,5
chulalongkorn,5
customised,5
biocompatibility,5
enormous,5
reformation,5
lsf,5
visfatin,5
pictogram,5
dpis,5
pneumococci,5
hrec,5
hyperthyroidism,5
suppurative,5
ketones,5
cidp,5
edx,5
buffaloes,5
hemihydrate,5
osces,5
hemorheology,5
wrr,5
accommodated,5
towels,5
subbasal,5
tonsils,5
ethnicities,5
exprgp,5
hfsh,5
understaging,5
antireflux,5
jazz,5
nlt,5
mentality,5
mingmen,5
yri,5
underwear,5
morphvertfx,5
nvf,5
doubts,5
douching,5
manova,5
ghs,5
multiparametric,5
titratable,5
elaborate,5
spreadability,5
axon,5
obscure,5
campuses,5
intervened,5
mris,5
multipath,5
wettability,5
impending,5
gcb,5
dads,5
telehealthcare,5
lbr,5
itm,5
hydroxylapatite,5
pliability,5
iihtt,5
hemifields,5
phps,5
eutectic,5
janus,5
matters,5
semagacestat,5
sierra,5
marfan,5
ketosis,5
avte,5
osmolar,5
webb,5
addqol,5
herpangina,5
stinging,5
apathia,5
adaption,5
interstitium,5
watts,5
mvo,5
chez,5
phn,5
reinitiation,5
fellowship,5
ntds,5
dealing,5
twstrs,5
hlog,5
ambrosetti,5
tanzanian,5
premeal,5
shebeens,5
sbrt,5
xbox,5
orofacial,5
lee,5
necessitated,5
cusum,5
multiorgan,5
deriving,5
transitory,5
intralipid,5
intersubject,5
soldiers,5
hyporesponsiveness,5
doctoring,5
unicompartmental,5
intermacs,5
predisposition,5
prca,5
zanarini,5
implementations,5
dqys,5
sbocs,5
ofloxacin,5
botmo,5
poems,5
irsm,5
infiltrating,5
futile,5
unloaded,5
offender,5
traes,5
reanalyzed,5
scfos,5
outlet,5
immunizations,5
polymorphic,5
danger,5
pimecrolimus,5
neurocognition,5
esv,5
usn,5
selegiline,5
alfentanil,5
glial,5
hrmax,5
plwha,5
vortices,5
peroneus,5
moralising,5
nitrates,5
postpolypectomy,5
erps,5
amm,5
cfpwv,5
cyclin,5
vaq,5
irct,5
hbtx,5
regenerate,5
rvap,5
rvls,5
birthing,5
bigger,5
btc,5
citations,5
hydrocele,5
lesioning,5
ssn,5
euroaction,5
abusers,5
helicopter,5
suckling,5
emphasised,5
lsas,5
putting,5
attendant,5
rowing,5
bpr,5
signing,5
wvv,5
sprays,5
carcinomatosis,5
fengmen,5
bolero,5
cph,5
reassuring,5
divers,5
cryo,5
downloaded,5
rusie,5
oddball,5
freezers,5
qth,5
quartz,5
vertebrobasilar,5
questioning,5
cholecystitis,5
decompressive,5
lbpgp,5
delusional,5
souvenir,5
zaleplon,5
avdfab,5
frontier,5
ilit,5
washouts,5
ecx,5
commercialized,5
metacarpophalangeal,5
imposes,5
pruritis,5
backgrounds,5
substantia,5
nigra,5
mmoll,5
iscs,5
microl,5
mumsquit,5
books,5
drained,5
osseointegration,5
endocrinologist,5
dachangshu,5
dysmenorrheal,5
nonsevere,5
neurosensory,5
hans,5
charles,5
exsanguination,5
tnm,5
melon,5
stv,5
buc,5
substantiate,5
postpractice,5
homovanillic,5
spoke,5
spaced,5
enumeration,5
causation,5
unprimed,5
dutton,5
mhyo,5
unproven,5
hclp,5
mavrilimumab,5
zhibian,5
accompany,5
cpis,5
tirasemtiv,5
hemoperfusion,5
indom,5
nondisplaced,5
orthotics,5
careldopa,5
forse,5
solar,5
polygonum,5
nicvax,5
file,5
tackle,5
salvador,5
branded,5
coarse,5
paraoxonase,5
ocps,5
ede,5
lagged,5
tae,5
indicus,5
pranii,5
bil,5
microorganism,5
cytopathologist,5
damon,5
ladder,5
maq,5
curved,5
jin,5
citation,5
ihcls,5
fnab,5
pfu,5
nondominant,5
staphylococci,5
hypopnoea,5
kaleidoscope,5
paravalvular,5
ultrasounds,5
subfascial,5
dbm,5
nnh,5
midpregnancy,5
photostress,5
pfannenstiel,5
chemosaturation,5
rollout,5
tcmep,5
easi,5
milrinone,5
scant,5
pathcr,5
reliance,5
nonadjuvanted,5
nonparalyzed,5
adg,5
squats,5
comprehensibility,5
switches,5
bdva,5
aub,5
disappointment,5
auriculotherapy,5
oir,5
pcw,5
olympus,5
valley,5
pstr,5
spaceflight,5
lobule,5
insuman,5
ascus,5
observationally,5
homozygosity,5
alar,5
retinochoroiditis,5
aao,5
thousands,5
rpt,5
coartem,5
clues,5
nep,5
telenursing,5
belonged,5
vulva,5
fighting,5
relaxants,5
enteroscopy,5
crcl,5
wheals,5
pelvicol,5
ipes,5
silico,5
anastrazole,5
peramivir,5
neuraminidase,5
tei,5
haec,5
fevers,5
inappropriately,5
csu,5
originate,5
thalamic,5
cacbt,5
khan,5
amygdalar,5
dreams,5
fsr,5
shake,5
hzr,5
precludes,5
phr,5
urologists,5
lyn,5
fibula,5
upcoming,5
dtr,5
hri,5
invitro,5
passenger,5
estro,5
xylometazoline,5
troponins,5
diltiazem,5
rhtpo,5
glycerin,5
atd,5
biogenesis,5
pcva,5
cods,5
hepatoportoenterostomy,5
erk,5
dgi,5
benin,5
aries,5
underlines,5
shielding,5
embarrassment,5
kav,5
enjoyed,5
peh,5
subunits,5
uzara,5
casa,5
interrogation,5
rehacom,5
covers,5
attachments,5
olerud,5
molander,5
attested,5
undisturbed,5
collaborating,5
pseudogynecomastia,5
acic,5
seemingly,5
holep,5
suprathreshold,5
crao,5
wiq,5
submucous,5
fsv,5
bpmt,5
normovolemic,5
adriamycin,5
demented,5
unlimited,5
digits,5
chengshan,5
motap,5
keratotomy,5
unicef,5
threaten,5
hannover,5
anticariogenic,5
jfe,5
papilla,5
gaseous,5
diagnodent,5
aegis,5
believing,5
gits,5
ions,5
hypopharyngeal,5
intraindividually,5
radix,5
sta,5
pericallosal,5
unclamped,5
tnk,5
commissioners,5
noninvasively,5
masimo,5
pains,5
uterosacral,5
overactivity,5
nonsling,5
ssv,5
methyltransferase,5
hac,5
vida,5
pinp,5
kos,5
brands,5
yifeng,5
kin,5
eol,5
mfv,5
plumpy,5
scorer,5
additivity,5
overreaching,5
hansen,5
friendship,5
tripterygium,5
wilfordii,5
twp,5
urapidil,5
intragastric,5
tqhi,5
neurostimulator,5
afford,5
rga,5
subgrouping,5
indispensable,5
severed,5
postinfusion,5
tslp,5
nucleatum,5
sddhs,5
familiarization,5
stir,5
iliofemoral,5
pvt,5
equating,5
feedlot,5
infantum,5
polyfilament,5
fludrocortisone,5
sliding,5
anteromedial,5
marginprobe,5
trospium,5
nin,5
deteriorating,5
valine,5
phasic,5
win,5
apoplexy,5
examinees,5
ehrs,5
instituto,5
midostaurin,5
coaptation,5
statuses,5
dng,5
dysmenorrheic,5
rsst,5
multidirectional,5
plateaus,5
unresected,5
wan,5
urolithins,5
emf,5
oasys,5
gyneffik,5
apbsct,5
sediment,5
basketball,5
sqs,5
invariant,5
bedouin,5
obligatory,5
landolt,5
rosenbek,5
suita,5
usems,5
unilaterally,5
pretraining,5
livestock,5
player,5
svi,5
toggleloc,5
cystometric,5
correctional,5
finn,5
iiic,5
thiomersal,5
yaz,5
pmdd,5
calfactant,5
barely,5
scorpion,5
sscm,5
tracings,5
rescuers,5
ileocolonic,5
demtect,5
overjet,5
notwithstanding,5
australasian,5
yukon,5
sight,5
erspc,5
cfrs,5
rftr,5
graphic,5
sra,5
onartuzumab,5
smgs,5
hypercaloric,5
affectivity,5
infarcted,5
pharmaco,5
gcea,5
ofthe,5
tetric,5
erroneous,5
explantation,5
scap,5
ascorbate,5
ultrasonically,5
gnb,5
vulgare,5
poling,5
unclassified,5
chr,5
translig,5
hwp,5
tocopherols,5
antisecretory,5
hen,5
render,5
forgetfulness,5
hus,5
counterpart,5
metaphase,5
stumps,5
nutritionally,5
flapless,5
dalcetrapib,5
reticular,5
iopamidol,5
endograft,5
daq,5
clinicopathologic,5
oec,5
ciu,5
condomless,5
myocutaneous,5
innervation,5
siguan,5
siemens,5
issi,5
acetal,5
disruptions,5
hiatal,5
ibi,5
aiat,5
rtm,5
explains,5
isa,5
imidafenacin,5
setipiprant,5
mve,5
fourty,5
ult,5
wosi,5
distributive,5
mqas,5
glucotoxicity,5
witaul,5
neuroaid,5
chromatic,5
itolizumab,5
circus,5
swimmer,5
pkerp,5
generalisability,5
intracapsular,5
brevis,5
emulsions,5
abrupt,5
schizophrenic,5
gate,5
inositol,5
drawbacks,5
fistulae,5
tfrl,5
eri,5
prominently,5
larcs,5
distracting,5
myristic,5
pemirolast,5
activ,5
multidomain,5
postings,5
gone,5
lcm,5
frg,5
bedroom,5
labile,5
subsamples,5
idiprost,5
ketac,5
crank,5
urolithin,5
ipcs,5
inflammadry,5
aggregatibacter,5
altruistic,5
occupations,5
projections,5
nace,5
hydroxypropyl,5
stuffiness,5
ibmt,5
avium,5
complain,5
considers,5
pvac,5
snsc,5
oily,5
pib,5
counsel,5
animated,5
imputations,5
breed,5
lama,5
crystalens,5
spaces,5
ucl,5
deoxyribonucleic,5
duplicates,5
ossification,5
postreperfusion,5
thereof,5
enjoy,5
cnis,5
spectrophotometry,5
incur,5
lends,5
coload,5
bwv,5
rehearsal,5
bpx,5
interfered,5
trustworthiness,5
arrests,5
scanners,5
pabs,5
innovations,5
reposition,5
msis,5
myelodysplastic,5
incongruence,5
fasciculation,5
osteolytic,5
tail,5
entinostat,5
miosis,5
reporter,5
motilin,5
calgb,5
pinprick,5
tfc,5
osteolysis,5
triphala,5
jasp,5
intoxicated,5
vpdt,5
prd,5
elastomeric,5
nlfc,5
valuation,5
asmm,5
asset,5
videotapes,5
apl,5
fedes,5
hostile,5
stereotype,5
warmers,5
sici,5
aminobutyric,5
gatherings,5
gabaergic,5
legionnaires,5
axes,5
appendiceal,5
lentils,5
ppas,5
restaging,5
ectr,5
pleura,5
clearances,5
gsgme,5
jejunum,5
profoundly,5
electrophysiologic,5
fearful,5
summarizes,5
apr,5
felypressin,5
sen,5
loma,5
circumcised,5
rglp,5
aod,5
lcfa,5
navigating,5
fiberglass,5
latitude,5
myelopathy,5
excitatory,5
hdlc,5
cytologic,5
equip,5
cytolytic,5
ontrack,5
ativr,5
clerkships,5
histidine,5
triad,5
esnps,5
bov,5
dxct,5
sociomedical,5
capitain,5
countermovement,5
isc,5
booking,5
wppsi,5
hsp,5
plhiv,5
nonatherosclerotic,5
asrmu,5
linda,5
humorous,5
blepharoplasty,5
speak,5
rayner,5
pdcs,5
mhc,5
rusfs,5
msb,5
regenerative,5
citing,5
interpretability,5
prwhe,5
ting,5
mountain,5
radiobiological,5
ttif,5
sjc,5
everbio,5
materialise,5
chewable,5
sitaxsentan,5
customer,5
macrosomia,5
repeating,5
pulling,5
bicanalicular,5
postcancer,5
immunologically,5
mannequins,5
hypoplasia,5
asb,5
cancellous,5
fusions,5
manometry,5
swallows,5
continental,5
intrarectal,5
noticing,5
informatics,5
homebound,5
efirm,5
teachable,5
downtime,5
bitsea,5
npa,5
bobath,5
sdlp,5
lava,5
turnaround,5
bifidum,5
angio,5
disynaptic,5
davf,5
readout,5
polytrauma,5
applies,5
coordinate,5
cooks,5
cabc,5
thinner,5
cuanzhu,5
yangbai,5
taiyang,5
sapien,5
turbinates,5
polyester,5
cogstate,5
cvl,5
phenolization,5
lymphoproliferative,5
heats,5
dof,5
preinduction,5
undertreatment,5
resort,5
biodex,5
sternocleidomastoid,5
poultry,5
tccs,5
cnvp,5
shops,5
sweets,5
revise,5
adrcs,5
ious,5
sled,5
enrollments,5
highway,5
contoured,5
atherogenicity,5
poles,5
blueberry,5
busuishengxue,5
mle,5
arps,5
toxicant,5
microbiology,5
darbe,5
electrons,5
harmed,5
ltp,5
carina,5
arpf,5
salicylic,5
lvc,5
quickdash,5
judge,5
adrc,5
faxed,5
reply,5
bulking,5
dextranomer,5
outbreak,5
semitendinosus,5
hexaminolevulinate,5
statutory,5
flatter,5
spermatozoa,5
sort,5
unhelpful,5
pgic,5
studer,5
peretinoin,5
undecanoate,5
somatisation,5
exstrophy,5
knifelight,5
spga,5
proroot,5
angelus,5
stretched,5
dermatomyositis,5
onco,5
nox,5
testinc,5
foams,5
unintentional,5
skeletonized,5
macroalbuminuria,5
donned,5
sestamibi,5
shop,5
bbd,5
acrysof,5
gastroplasty,5
tardieu,5
colposcopic,5
bewel,5
neutralized,5
ccls,5
midlands,5
ile,5
hungary,5
topographic,5
endocrinology,5
thermodilution,5
nuss,5
chickpea,5
esz,5
manifests,5
akp,5
embryonic,5
chemotactic,5
competences,5
dofs,5
bodied,5
smoflipid,5
territories,5
methylglutaryl,5
implicates,5
excisions,5
exoscopy,5
reservoirs,5
indexing,5
visibly,5
electrostimulation,5
nonmotor,5
credentialed,5
herniotomy,5
chips,5
odq,5
compressed,5
porphyromonas,5
instructors,5
bangladeshi,5
reappearance,5
nonclinical,5
iap,5
atria,5
abthera,5
duopap,5
deviant,5
mcc,5
exponentiated,5
neutralising,5
castrate,5
arthritic,5
apq,5
hta,5
luminescence,5
epicondylalgia,5
sirna,5
butantan,5
diluent,5
lcat,5
tinetti,5
rsn,5
dmlt,5
enclomiphene,5
unidirectional,5
cohesive,5
asad,5
rcs,5
photovoice,5
vulvovaginal,5
iom,5
romifidine,5
mag,5
transfection,5
reticulatus,5
noncarriers,5
vlus,5
coughs,5
converters,5
pfwd,5
aspirates,5
intracorporeal,5
brassica,5
glucobrassicin,5
ineligibility,5
bullectomy,5
rsl,5
nominated,5
beacon,5
configural,5
intragraft,5
additives,5
goes,5
disks,5
bolstering,5
anthropometrical,5
singh,5
dsh,5
forsythia,5
hefh,5
spectralis,5
calcific,5
endocarditis,5
intern,5
fopp,5
smca,5
laef,5
vbe,5
tarantula,5
euromax,5
wipv,5
glyco,5
prpd,5
mthf,5
feasibly,5
levant,5
bioprosthesis,5
leafy,5
lengthened,5
connects,5
precedes,5
nonbanded,5
covert,5
icga,5
pixel,5
speculated,5
eaten,5
mondays,5
clac,5
bass,5
parabasal,5
pores,5
ppar,5
lupin,5
dsst,5
upward,5
triaging,5
indianapolis,5
compas,5
hfis,5
polioviruses,5
mandates,5
gsr,5
intercristal,5
enterococci,5
unmodified,5
wayfinding,5
sef,5
workloads,5
sales,5
dram,5
mbs,5
fibronectin,5
bicr,5
cefalotin,5
dialectical,5
psychopharmacology,5
hyperintensity,5
arousing,5
identities,5
pharmacoresistant,5
pwb,5
pgwb,5
dohme,5
lpaf,5
discount,5
travelling,5
diarrhoeal,5
williams,5
separating,5
tlg,5
athlete,5
abdominoperineal,5
hemorheological,5
craniosynostosis,5
firmness,5
cpk,5
dkd,5
proactively,5
ganshu,5
xinshu,5
replicates,5
nnos,5
drum,5
paranoid,5
deutsche,5
triangle,5
microperimetry,5
histogram,5
peld,5
nig,4
collarless,4
tbrs,4
profuse,4
dai,4
ilhdl,4
pandemics,4
pbls,4
incobotulinumtoxina,4
cumbersome,4
bfv,4
ies,4
ideals,4
nonenhanced,4
pteronyssinus,4
neuropathies,4
ayub,4
abbottabad,4
mcpp,4
intracesarean,4
sums,4
rnc,4
trichloroacetic,4
demonstrations,4
telecommunication,4
goblet,4
isoforms,4
enterotoxigenic,4
travellers,4
artists,4
tibias,4
avagast,4
extraoral,4
epithelialized,4
glucosamine,4
mitigation,4
purposively,4
nonelderly,4
csbp,4
psav,4
ndt,4
slb,4
charcot,4
cardiography,4
poats,4
serosa,4
erasmus,4
playground,4
foxfire,4
oxygenase,4
conceptualizations,4
canadians,4
sudi,4
hidradenitis,4
cardiff,4
coincided,4
baht,4
lprbc,4
cprbc,4
irccs,4
policlinico,4
descriptors,4
nonprescription,4
yiqibushenhuoxue,4
medkm,4
harmless,4
transjugular,4
fmb,4
hindlimb,4
stimulators,4
keyboard,4
gud,4
dentition,4
jmil,4
npd,4
neurectomy,4
predicated,4
sanitary,4
glycinate,4
hypocalcemia,4
persecutory,4
pediatrician,4
fibreglass,4
breslow,4
crossword,4
regicor,4
titrate,4
nonfh,4
lvesvi,4
ltmh,4
keratograph,4
arbct,4
mme,4
frns,4
sdns,4
residues,4
epitopes,4
coexist,4
heu,4
relif,4
hipline,4
fpm,4
infrapatellar,4
egps,4
cyanotic,4
antiperspirant,4
meanse,4
fce,4
corpsmen,4
ebpi,4
ome,4
plp,4
flavored,4
iupu,4
vbms,4
pvf,4
interosseous,4
hypogonadal,4
buy,4
mcpr,4
blow,4
nopho,4
videotape,4
macrocirculatory,4
sidestream,4
megestrol,4
microneutralization,4
mimicking,4
dermacentor,4
holotranscobalamin,4
holotc,4
waistline,4
vasp,4
zygomaticotemporal,4
midwall,4
counterforce,4
resemble,4
preterax,4
diamicron,4
repairing,4
inkm,4
villagers,4
skip,4
psfs,4
surfactants,4
genomewide,4
hfma,4
hydralazine,4
aeration,4
hat,4
magnification,4
denaturing,4
leukoreduction,4
qnn,4
changqiang,4
wisely,4
moisturising,4
secrecy,4
hdp,4
northwick,4
calendars,4
eugonadal,4
chongcao,4
yigan,4
akn,4
yqg,4
positioner,4
nocace,4
lawton,4
harmonisation,4
laparoscopies,4
semimembranosus,4
bno,4
autostereoscopic,4
arthrocele,4
foreskin,4
amorphous,4
utp,4
cheops,4
guilt,4
abu,4
loved,4
deu,4
sorption,4
interventionalist,4
ethnographic,4
discourses,4
underscoring,4
buttress,4
amb,4
hscl,4
reablation,4
ionv,4
taixi,4
cahps,4
pois,4
actiheart,4
doubly,4
amf,4
catastrophic,4
lsesld,4
cefepime,4
skeletally,4
ohas,4
hedis,4
myoelectric,4
haemochromatosis,4
audience,4
icl,4
postdate,4
graphically,4
endorsing,4
nonhormonal,4
nonulcerative,4
congruent,4
macces,4
numune,4
rilapladib,4
eses,4
cauda,4
equina,4
jcp,4
potato,4
angiographically,4
nasojejunal,4
npas,4
hesperidin,4
bohb,4
drv,4
lynch,4
chromocolonoscopy,4
rps,4
tennessee,4
homicide,4
stereoscopic,4
quadrupled,4
spare,4
witness,4
scrutiny,4
terminate,4
motorized,4
oesophagitis,4
imp,4
proximally,4
trapping,4
enlarge,4
coagulase,4
aerobics,4
gma,4
revisional,4
pulpotomies,4
conformational,4
polymyositis,4
suti,4
buttons,4
pins,4
polynephron,4
helixone,4
polyamide,4
ncimb,4
mrdts,4
gec,4
sizeable,4
minimising,4
kuala,4
lumpur,4
dichotomised,4
intrabony,4
forgot,4
ounce,4
sinecatechins,4
egw,4
adper,4
jeopardize,4
midtrimester,4
endostar,4
bowman,4
excretions,4
bhg,4
cero,4
ubm,4
layering,4
inches,4
hdag,4
affirming,4
cassette,4
uad,4
organised,4
elastance,4
qmr,4
tua,4
wrapping,4
tisseel,4
tissucol,4
telomeres,4
dyspeptics,4
vge,4
invitees,4
presef,4
eliot,4
ejaculate,4
viscous,4
recursive,4
partitioning,4
unannounced,4
chow,4
hyperuricemic,4
cscs,4
fresenius,4
cbfs,4
lowef,4
intef,4
caco,4
rmcc,4
populated,4
dalys,4
neonatologists,4
bbp,4
quanliao,4
xiaguan,4
goats,4
rbhe,4
mhw,4
pon,4
estimator,4
pcppp,4
rampart,4
ntb,4
lfv,4
weishu,4
metatarsus,4
photic,4
antimllerian,4
sural,4
bullae,4
affinities,4
cementum,4
plication,4
picco,4
endoleak,4
aec,4
fame,4
otr,4
spinocerebellar,4
suri,4
unmedicated,4
rimostil,4
ionizing,4
fecundability,4
postrefractive,4
diss,4
cohens,4
voo,4
phenylketonuria,4
enlite,4
northridge,4
edd,4
granular,4
phentermine,4
spaq,4
sab,4
subspecies,4
softgel,4
palifermin,4
programmatic,4
sifeng,4
ioert,4
pjm,4
interviewees,4
npy,4
bvf,4
cjs,4
eae,4
isbg,4
gonadal,4
anrs,4
immunosuppressed,4
edentulism,4
redistribution,4
osteoprogenitor,4
nucleated,4
carnosine,4
nbh,4
write,4
transporters,4
bptb,4
adenocarcinomas,4
cdit,4
sgc,4
vastusmedialis,4
vastuslateralis,4
thrombophilia,4
harbour,4
sses,4
microsoft,4
qod,4
perturbation,4
cryoglobulinaemic,4
skippers,4
ahsct,4
defaecation,4
phtd,4
tkv,4
ehsi,4
xingjian,4
antenatally,4
trapeziectomy,4
mcr,4
enanthate,4
janeiro,4
myofibrillar,4
typeable,4
sonixgps,4
tlesr,4
pnalt,4
enuresis,4
sleepers,4
mortalities,4
hug,4
pxd,4
androsterone,4
stearidonic,4
erratic,4
ibh,4
wlh,4
welcomed,4
dangers,4
tianxinfu,4
rio,4
culminating,4
manguinhos,4
vgs,4
probed,4
cortico,4
sjvo,4
gastroscopic,4
yat,4
slipa,4
cvrm,4
statically,4
tattoos,4
hebe,4
upslope,4
tardus,4
parvus,4
humanised,4
wei,4
bifico,4
spva,4
oks,4
tion,4
synchronization,4
trs,4
stemming,4
forebrain,4
pswq,4
nonatopic,4
disconnection,4
condrotide,4
hyalubrix,4
ultracentrifugation,4
accumulates,4
reexploration,4
sda,4
fus,4
iodized,4
zhuang,4
zmmtm,4
villus,4
hpcoo,4
overgrowth,4
avid,4
lesioned,4
anopheles,4
adim,4
ipn,4
netu,4
liberation,4
pkm,4
occupancies,4
llttf,4
darkness,4
abstaining,4
demanded,4
distributing,4
nonpreferred,4
thunder,4
constrictive,4
transducers,4
echogenicity,4
tpo,4
prrpl,4
sil,4
oma,4
sublay,4
hungry,4
pericranial,4
everyone,4
diffusivity,4
hops,4
pdas,4
paradox,4
skipped,4
octlar,4
antiplaque,4
dilations,4
leakages,4
cryotransfer,4
blys,4
editorial,4
liners,4
colorimetric,4
refining,4
biomicroscopy,4
tropica,4
blastulation,4
ntsj,4
motorcyclists,4
ricotta,4
carl,4
zeiss,4
meditec,4
atra,4
mitotic,4
nasally,4
ucs,4
director,4
intensifications,4
parasternal,4
relaxin,4
multan,4
rwp,4
glandular,4
talar,4
ohc,4
gfj,4
concave,4
diabegon,4
lags,4
mvsd,4
zhuyu,4
interventionist,4
thermoluminescent,4
mdf,4
transsexual,4
underpin,4
fraud,4
levobupivicaine,4
coders,4
token,4
guarantee,4
eugenol,4
bang,4
mantra,4
grapefruit,4
marathon,4
potently,4
rubber,4
rochester,4
invested,4
business,4
tel,4
bunionectomy,4
esthetics,4
prato,4
suite,4
potentiator,4
satisfactions,4
deposited,4
shine,4
nontoric,4
cipro,4
cooled,4
sindh,4
hartmann,4
collaboratives,4
enthusiasm,4
levocetirizine,4
promotional,4
fcriiia,4
bts,4
saids,4
amputations,4
hpbcd,4
electively,4
oulu,4
cgc,4
hysteresis,4
panas,4
crosses,4
endotoxaemia,4
seat,4
shgs,4
muac,4
mstart,4
refills,4
ripost,4
saml,4
overwhelming,4
onefit,4
refresh,4
atraumatic,4
malodour,4
clothing,4
tpc,4
blunts,4
wilk,4
yocas,4
lipitor,4
nonmem,4
neimadian,4
ppx,4
ragt,4
bent,4
vabs,4
ethiopia,4
pucai,4
haematologic,4
evo,4
dimenhydrinate,4
btm,4
gingivectomy,4
urico,4
breteau,4
postdilatation,4
kgy,4
stiff,4
rhpdgf,4
penpact,4
preoxygenation,4
amy,4
monoaxial,4
fxt,4
uploaded,4
pimax,4
tfbut,4
tsetse,4
radiosurgery,4
presynaptic,4
nonnoxious,4
monkeys,4
arizona,4
mvic,4
hay,4
ambiance,4
nonmassage,4
burned,4
bazett,4
extrathyroidal,4
proangiogenic,4
adsorption,4
choledocholithiasis,4
adhesiveness,4
mist,4
outset,4
narcotrend,4
mission,4
pushing,4
leuven,4
stunted,4
rosenberg,4
phi,4
dupuytren,4
palpable,4
tolerating,4
thermogenesis,4
hpr,4
coinciding,4
lidose,4
preprandial,4
conviction,4
lord,4
dfse,4
paresis,4
npr,4
yourself,4
insidious,4
mucinous,4
insertive,4
adelaide,4
phenylbutazone,4
dal,4
hms,4
attg,4
hollander,4
axxess,4
diverge,4
mla,4
romania,4
ohqol,4
hyperghrelinemia,4
bespoke,4
dioscorea,4
periarthritis,4
uads,4
complemented,4
nobelspeedy,4
lyso,4
emerges,4
unprepared,4
ancovas,4
premium,4
champion,4
mvcad,4
atpase,4
dispel,4
infrarenal,4
icpt,4
northeast,4
smokeless,4
cystadenomas,4
mdpb,4
nobelactive,4
muscularis,4
annum,4
screener,4
soapp,4
aoc,4
alike,4
osteogenesis,4
braking,4
pragmatically,4
innervated,4
medialis,4
stomatovis,4
hbd,4
acromioplasty,4
bin,4
newspaper,4
htnef,4
htlef,4
broaden,4
descended,4
alsfrs,4
reconsidered,4
clonic,4
subanesthetic,4
ancestry,4
conscripts,4
sponges,4
acromioclavicular,4
lessening,4
southwestern,4
pamphlets,4
airseal,4
objection,4
persuade,4
depersonalization,4
unopposed,4
leeds,4
confidential,4
researches,4
instruct,4
lpg,4
hpg,4
koi,4
transmitting,4
massaged,4
leaky,4
composing,4
song,4
loversol,4
iqol,4
pna,4
rectified,4
cannulate,4
neurovitalis,4
parasol,4
poetry,4
mdns,4
lymphorrhea,4
pumper,4
epithelialisation,4
cephalograms,4
cdes,4
inception,4
intraobserver,4
tbr,4
jewish,4
adipocytes,4
smp,4
recalibrated,4
headphones,4
gedvi,4
tjr,4
subfractions,4
dorsomedial,4
midodrine,4
bemiparin,4
tenon,4
variances,4
rhabdomyosarcoma,4
embryonal,4
glomerulonephritis,4
hills,4
dominating,4
bscl,4
afb,4
dihuang,4
parasuicidal,4
sij,4
submassive,4
precall,4
carbapenems,4
intrusion,4
tapat,4
bet,4
abm,4
fibrotomy,4
atw,4
vegetarian,4
embraced,4
provegetarian,4
dhpg,4
entonox,4
inducer,4
liam,4
reclassified,4
hemodiafiltration,4
oep,4
offerings,4
sugary,4
osis,4
checkup,4
kinesia,4
andersen,4
sand,4
reversibly,4
interphalangeal,4
brunnstrom,4
nonpalpable,4
desensitized,4
misalignment,4
magnolia,4
dystocia,4
steepest,4
inedible,4
uninjured,4
thermocouple,4
simcls,4
optix,4
swish,4
hmsa,4
noninflammatory,4
vasovagal,4
centchroman,4
grayson,4
wrpeak,4
venule,4
isomaltoside,4
doit,4
occludin,4
utrecht,4
lal,4
constriction,4
insujet,4
ssr,4
introitus,4
pizhixia,4
thrombospondin,4
polycythemia,4
bacille,4
armd,4
rbz,4
catholic,4
knots,4
reconceptualization,4
smelling,4
iontophoresis,4
acceleromyography,4
ttrtb,4
initiates,4
panretinal,4
depiction,4
pancreaticojejunostomy,4
redesign,4
mmo,4
millimeters,4
monochorionic,4
fetoscopic,4
equator,4
zonmw,4
dfi,4
aromas,4
colonoscopic,4
fluorosis,4
wtw,4
prentice,4
satisfy,4
isoleucine,4
rtsi,4
csrt,4
cao,4
mila,4
cetylpyridinium,4
flosser,4
ivoclar,4
hsds,4
frenchay,4
catechol,4
pettlep,4
partnered,4
pmvsd,4
lslnb,4
tempo,4
entitlement,4
hypomanic,4
matrica,4
huantiao,4
topcat,4
brittle,4
lipc,4
mbhd,4
debonding,4
hydrolyzed,4
ehf,4
hdls,4
mmg,4
antagonized,4
degranulation,4
overbmi,4
hygienists,4
appreciably,4
minimised,4
alsympca,4
hystrometr,4
backrest,4
holmium,4
gmcb,4
eagle,4
hemophilic,4
mkc,4
blepharoptosis,4
cassia,4
sdct,4
blending,4
ribbon,4
zarit,4
impossible,4
diffusing,4
pcav,4
tarsi,4
emphasises,4
yupingfeng,4
spl,4
conveyed,4
tezosentan,4
realized,4
refraining,4
soup,4
pasteurized,4
hlgd,4
lehmann,4
replete,4
subchronic,4
munich,4
methimazole,4
xerosis,4
cbvf,4
protracted,4
defiant,4
vor,4
lche,4
handpiece,4
ltht,4
narrowed,4
phosphorylcreatine,4
aminopeptidase,4
mya,4
calibre,4
overcorrection,4
propagation,4
hdhk,4
stimulatory,4
fare,4
inrs,4
dichotomization,4
hyperopia,4
ciliao,4
rustogi,4
sunburn,4
thalamus,4
hemophilia,4
chronotropic,4
mtdna,4
ibes,4
subtracting,4
idc,4
mer,4
confederate,4
averse,4
ginsenosides,4
bonafide,4
dejection,4
unconjugated,4
rhc,4
precocious,4
vertise,4
crlds,4
interva,4
preovulatory,4
idht,4
ctas,4
reject,4
incentivized,4
pipj,4
pks,4
optibond,4
certify,4
reconstruct,4
tutoring,4
rosemary,4
cancerous,4
decongestive,4
bronx,4
cfpm,4
pegnivacogin,4
chlortetracycline,4
embase,4
caphosol,4
unconstrained,4
grm,4
mnw,4
amyloidosis,4
pacg,4
nasoenteric,4
tanks,4
aic,4
selena,4
eccm,4
kyphotic,4
testers,4
repeats,4
mendelian,4
toxoplasma,4
preprocessing,4
ceacs,4
narcolepsy,4
temporo,4
ahrs,4
malarials,4
ptm,4
herbals,4
ventriculoperitoneal,4
tsih,4
hydroxylase,4
bypassed,4
frankel,4
efa,4
lightheadedness,4
cooler,4
imaginal,4
lysozyme,4
postdelivery,4
streptokinase,4
complexities,4
multigroup,4
bmsfi,4
cpmd,4
detainees,4
mtg,4
salacia,4
treats,4
gso,4
subsolid,4
noh,4
virtue,4
mealtime,4
abcs,4
divorced,4
vpt,4
habitus,4
champions,4
outbreaks,4
airr,4
homoeostasis,4
multispecies,4
halftime,4
vpis,4
virology,4
matt,4
nonpersistence,4
meso,4
rmv,4
phlebitis,4
imc,4
rdq,4
seas,4
ovemp,4
effluent,4
substantiated,4
pedographic,4
harming,4
morphemes,4
orthodontics,4
deliberation,4
rifle,4
bilastine,4
atmospheres,4
atm,4
wisc,4
fuss,4
midintervention,4
pbmi,4
proceeding,4
curb,4
clover,4
amounting,4
lod,4
ecuador,4
stentys,4
aspirated,4
demonstrable,4
restitution,4
bioaccessibility,4
klebsiella,4
irrigating,4
gyms,4
emissions,4
intension,4
almond,4
silness,4
kgh,4
pel,4
karnataka,4
csl,4
dlpf,4
uws,4
patellae,4
cuspidatum,4
hawthorn,4
ounces,4
cric,4
cpf,4
nsippv,4
electroretinography,4
rhino,4
psychologic,4
anonymized,4
strikingly,4
contextually,4
fibremax,4
premalignant,4
pyar,4
featureless,4
erotic,4
selfr,4
mgycm,4
cab,4
videolaryngoscope,4
aspherical,4
achalasia,4
consolability,4
blebs,4
intrastromal,4
presbyopic,4
iaes,4
anymore,4
fortnight,4
biopsied,4
nonvigorous,4
aseptically,4
lineages,4
saia,4
carbonyls,4
oxfordshire,4
tightening,4
provoking,4
perceptibility,4
ebstein,4
equated,4
interdigital,4
ortho,4
tattoo,4
myometrium,4
musculi,4
rvol,4
soaks,4
nephrology,4
tmvs,4
preassessment,4
isofurans,4
overexpressed,4
bcls,4
religiousness,4
fragility,4
fsd,4
keratinocyte,4
hgf,4
sacrificed,4
wle,4
stopwatch,4
cbspp,4
nso,4
locker,4
timetreatment,4
otd,4
laying,4
pevar,4
merci,4
dyed,4
niddm,4
vlcad,4
rof,4
interhemispheric,4
dwell,4
hyperreactivity,4
evs,4
pwds,4
elm,4
countermeasures,4
dysmorphic,4
discouraged,4
qsnyl,4
expulsive,4
managements,4
interinstitutional,4
ionization,4
ceramide,4
adjuvants,4
scns,4
misdiagnosed,4
kynurenine,4
hemocue,4
erf,4
slums,4
hemicolectomy,4
lysophosphatidylcholine,4
kptp,4
attainable,4
koru,4
graveolens,4
hev,4
aniso,4
imparting,4
diplopia,4
batch,4
pave,4
tibc,4
feng,4
vim,4
hypoenergetic,4
simplicity,4
hsil,4
noncomparative,4
foki,4
spartac,4
lymphadenopathy,4
ybm,4
anethum,4
drqol,4
sulcoflex,4
miniature,4
pdgfr,4
septi,4
nasi,4
phosphatidylserine,4
beaker,4
straw,4
glulisine,4
tricalcium,4
etp,4
nontreatment,4
seretide,4
permission,4
liebowitz,4
logarithmic,4
saxophone,4
qab,4
intraosseus,4
jamshidi,4
uds,4
reliant,4
trometamol,4
postmenopause,4
parallels,4
vkas,4
pedunculated,4
neurotensin,4
naca,4
abmd,4
spirits,4
pour,4
progresses,4
freshmen,4
sids,4
interreality,4
carpenter,4
piecewise,4
precontemplation,4
eprep,4
actor,4
ribs,4
semisolid,4
rearranged,4
vortex,4
aae,4
siena,4
tsqm,4
qac,4
drawer,4
dis,4
cber,4
obstructing,4
constituent,4
boact,4
digitized,4
rvmsp,4
struggling,4
vacutainer,4
unassociated,4
dispensings,4
noncoronary,4
recipes,4
helminths,4
subcitrate,4
gelling,4
depressor,4
vbmd,4
sads,4
infuse,4
scorecard,4
mammographically,4
itau,4
gsyds,4
mepc,4
harness,4
vasoconstrictors,4
nitroindazole,4
edoctoring,4
hyperventilation,4
trae,4
rhinology,4
dde,4
noninjured,4
possession,4
informants,4
astellas,4
dunn,4
vaccinating,4
traumas,4
intends,4
smfrs,4
desiring,4
sogd,4
delcasertib,4
bomp,4
improper,4
nfb,4
iosimenol,4
lie,4
neurohormones,4
heightsdsgain,4
dippers,4
grazing,4
adaptable,4
percuflex,4
myopes,4
whii,4
chemonucleolysis,4
vesical,4
ici,4
ceftolozane,4
cmri,4
efficiencies,4
nephrostomy,4
ramus,4
pvbs,4
lipidomics,4
navigate,4
fingernail,4
catchment,4
silorane,4
salud,4
meteorological,4
minimed,4
implementable,4
palmetto,4
impedances,4
mvr,4
apri,4
ddcls,4
rco,4
ostia,4
multitargeted,4
labas,4
hlin,4
unspecific,4
nigraan,4
acvbp,4
hpe,4
streams,4
inferred,4
transferability,4
underpinnings,4
tepoxalin,4
revisits,4
pctea,4
discipline,4
aht,4
pturp,4
pcsm,4
reinjuries,4
nontrained,4
triiodothyronine,4
neer,4
leukaemia,4
agmatine,4
northeastern,4
sidewall,4
cortices,4
sanger,4
nontarget,4
grown,4
ssdi,4
hypoactive,4
mhts,4
subsidy,4
desipramine,4
vdh,4
leaking,4
prodigy,4
altruism,4
dwellers,4
certoparin,4
depressions,4
exacerbating,4
bicebpa,4
scgos,4
lcfos,4
vaccinate,4
teq,4
dip,4
hbc,4
papaya,4
qmg,4
briefings,4
choox,4
pbc,4
medulloblastoma,4
tfg,4
rehospitalisation,4
wexner,4
wavelight,4
neuromagnetic,4
stiffening,4
nondrug,4
perpendicularly,4
jingui,4
broadened,4
swc,4
mega,4
phmb,4
biguanide,4
activpal,4
orbitopathy,4
rankl,4
sarcosine,4
nnns,4
polylactide,4
oregon,4
disasters,4
cwe,4
ota,4
sara,4
skinfolds,4
solvent,4
closures,4
maitland,4
cryptosporidial,4
allergan,4
enactment,4
didanosine,4
uvulopalatopharyngoplasty,4
dind,4
mention,4
pfla,4
heterozygotes,4
micc,4
judgement,4
prohormone,4
mng,4
arvs,4
lamotrigine,4
letting,4
sijs,4
glucocorticosteroid,4
rtpemf,4
myotomy,4
gcg,4
antithyroid,4
domestically,4
counselled,4
adenoidal,4
resmena,4
siphon,4
streak,4
pcis,4
brl,4
ltr,4
whitfield,4
chemosensitivity,4
bundled,4
protectors,4
crosslinking,4
dialyzers,4
neutron,4
dimple,4
microgravity,4
snrs,4
somatoform,4
cytoplasm,4
polyangiitis,4
tororo,4
lola,4
drift,4
flowmetry,4
bpsd,4
evltap,4
operability,4
ebvs,4
hyperattenuated,4
funders,4
miconazole,4
tachyphylaxis,4
halobetasol,4
qilin,4
sloughy,4
decaffeinated,4
catechin,4
bcpap,4
nbipap,4
src,4
liquorice,4
thiol,4
fgids,4
lmn,4
perceiving,4
ties,4
omemi,4
fbtp,4
cusp,4
impressive,4
mmcs,4
sarah,4
harsh,4
license,4
lkogt,4
ogt,4
umn,4
chiron,4
intersession,4
colleague,4
oxidised,4
dimers,4
maint,4
ohip,4
jnk,4
primers,4
counterproductive,4
proud,4
fibroproliferation,4
medline,4
finds,4
ffb,4
rotateq,4
sero,4
ffu,4
lfx,4
cultivated,4
norgestimate,4
proposals,4
intralaminar,4
bqd,4
qqd,4
invigorating,4
sect,4
cdsss,4
dyspnoeic,4
nhgdoc,4
purposely,4
subsidiary,4
phakic,4
rapide,4
tangible,4
vlok,4
amo,4
customvue,4
hypercalcemic,4
refinements,4
monoaminergic,4
borders,4
wool,4
sharpness,4
senescence,4
hypercortisolism,4
globozoospermia,4
isoproterenol,4
oncotic,4
cancelled,4
antispasmodic,4
fatherhood,4
sweetener,4
hyperaemia,4
ntis,4
lcomotion,4
derangement,4
impetus,4
rhytids,4
ohts,4
ppscd,4
vanderbilt,4
pmm,4
chlorthalidone,4
ddq,4
aspartame,4
synechiae,4
anesthetist,4
peek,4
bii,4
cornerstones,4
ponseti,4
ncctg,4
nonhematologic,4
divergence,4
prmd,4
ofdi,4
kinesiologists,4
idrinol,4
ependymoma,4
exerting,4
obliterans,4
esmi,4
factual,4
stuttering,4
rajavithi,4
tpe,4
npsb,4
pharyngocutaneous,4
npfs,4
planimetry,4
battle,4
mfca,4
fdy,4
richmond,4
xuesaitong,4
lgho,4
retinoate,4
ckmb,4
actg,4
maternities,4
vac,4
expended,4
clocks,4
tsai,4
psychometrically,4
pooling,4
iasb,4
platoons,4
feedings,4
kernels,4
telemetric,4
glucevia,4
gonorrhoeae,4
neurosteroid,4
emgrms,4
saj,4
pmbc,4
tenotomy,4
actinomycin,4
veno,4
uco,4
squirt,4
idu,4
cookies,4
frontotemporal,4
perivenous,4
kuwait,4
bee,4
laes,4
bacilli,4
reinjury,4
webcare,4
ati,4
sidewinder,4
ebpis,4
biatrial,4
bezuhg,4
ascd,4
diverticular,4
jebsen,4
hasten,4
affords,4
nonfunctioning,4
fragilis,4
allocentric,4
beams,4
pdws,4
euthymic,4
pletal,4
tumescent,4
fancy,4
dmek,4
doh,4
discusses,4
tun,4
esense,4
omf,4
fixations,4
microdebrider,4
dressed,4
emodi,4
usefully,4
rbcm,4
frenotomy,4
litres,4
decibels,4
purdue,4
pcst,4
sfmpq,4
facilitatory,4
mohs,4
sich,4
advancements,4
authentic,4
proteases,4
fleming,4
wiley,4
rmse,4
hear,4
chemiluminescence,4
longbishu,4
pentazocine,4
popularization,4
coactivator,4
mabs,4
lmlbp,4
caspofungin,4
adnexal,4
grating,4
obr,4
stt,4
pregnanediol,4
reintroduction,4
sip,4
gynocular,4
ssp,4
expecting,4
imagine,4
movi,4
moisture,4
constipated,4
rdst,4
sutureless,4
falsely,4
capacitance,4
constituents,4
cholestasis,4
harmony,4
hosted,4
personally,4
cuing,4
chains,4
quizzes,4
simulating,4
scv,4
scout,4
pemax,4
anaesthesiologists,4
cereals,4
trigemino,4
smoother,4
ictal,4
halves,4
interrelationship,4
registering,4
segregated,4
pvc,4
igfbps,4
givers,4
erector,4
interpatient,4
bayberry,4
faded,4
spinae,4
spheres,4
mepitel,4
vpbs,4
endsich,4
coronis,4
unmeasured,4
lvsi,4
accuracies,4
ana,4
thalassaemia,4
gastroenterologists,4
trays,4
perio,4
ovale,4
ltcfs,4
crossovers,4
evlw,4
exposes,4
flcs,4
dbh,4
multiloc,4
synthes,4
polarus,4
tfa,4
matlab,4
emms,4
reconstituting,4
milligrams,4
staplers,4
moistened,4
ultrarush,4
departure,4
cylindrical,4
dashboard,4
auditors,4
chromoendoscopy,4
ahipsg,4
splenomegaly,4
saddle,4
orocutaneous,4
notified,4
emergencies,4
dispersed,4
deacetylase,4
irradiance,4
temporalis,4
forecast,4
barlow,4
hydroxyephedrine,4
dbn,4
cloxacillin,4
geneva,4
demography,4
kaiqiao,4
regaining,4
abstraction,4
toxoids,4
cystoscopist,4
oleracea,4
reminded,4
chuan,4
pcwp,4
xingnao,4
temptations,4
stb,4
malfunction,4
elips,4
qow,4
fighters,4
sies,4
bmid,4
desensitizing,4
hptn,4
devoid,4
ltx,4
elucidating,4
gallium,4
sonograms,4
peripancreatic,4
grow,4
acdc,4
tank,4
scn,4
thymidine,4
acetylation,4
arfs,4
lext,4
thf,4
breads,4
berries,4
refusing,4
emcur,4
desogestrel,4
biscuit,4
crime,4
aspirations,4
bmdcs,4
glenosphere,4
overhang,4
trimmed,4
ayushman,4
endocrinal,4
pnbs,4
aescinat,4
pouring,4
agreeing,4
upr,4
bacpac,4
shuganyiyang,4
semustine,4
macplus,4
searches,4
crn,4
ris,4
tirapazamine,4
preop,4
freiburg,4
angustifolia,4
powders,4
pert,4
twente,4
conductive,4
nondisabling,4
difficair,4
hereby,4
fructus,4
fshd,4
retinyl,4
attitudinal,4
npt,4
winfood,4
edible,4
abundances,4
chill,4
interferential,4
itchy,4
encompass,4
acinar,4
dfus,4
mld,4
stood,4
unprecedented,4
portends,4
glycolic,4
neourethral,4
workdays,4
dunnett,4
auriculopressure,4
jnpt,4
dexiv,4
interseptal,4
ttps,4
genomics,4
persuasion,4
persuasive,4
hypopituitary,4
fluxes,4
arbe,4
inducted,4
adbv,4
clpd,4
cbg,4
refractoriness,4
shockable,4
bangalore,4
xlpe,4
tuberosity,4
racf,4
powerstriding,4
oxypurinol,4
interleukine,4
neutering,4
bmb,4
stranded,4
neurally,4
marsden,4
toupet,4
pericardium,4
dtsq,4
freesurfer,4
normocapnia,4
cum,4
subtracted,4
turcotte,4
hypomagnesaemia,4
epod,4
hepran,4
contentment,4
looks,4
islets,4
casp,4
nha,4
oestrus,4
dioestrus,4
intrafollicular,4
aaas,4
postextraction,4
vmmc,4
cardiomyotomy,4
dor,4
pmax,4
postabsorptive,4
recoveries,4
leary,4
staggered,4
cbc,4
appetizing,4
germanimpact,4
prince,4
nonproducers,4
nonprimed,4
telopeptides,4
dcsd,4
hcgi,4
manga,4
tan,4
trip,4
dexp,4
dtmax,4
oads,4
sacrificing,4
anonymously,4
houxi,4
tivap,4
individualizing,4
cgf,4
chills,4
dangerous,4
vesc,4
ursl,4
cdms,4
convulsion,4
dibs,4
taylor,4
consolidate,4
narcotics,4
abstained,4
crpr,4
unappetizing,4
shanching,4
paraplegia,4
handbike,4
mobilizations,4
bian,4
boc,4
evlp,4
mainstream,4
bleeper,4
tachypnea,4
catheterized,4
subfraction,4
mne,4
cameras,4
dubi,4
pec,4
sonogram,4
fme,4
yqol,4
contributory,4
nonproliferative,4
ofl,4
ter,4
buffers,4
ppix,4
ioversol,4
sini,4
ced,4
nvjs,4
postmanipulation,4
emphasising,4
intersection,4
qbtest,4
muf,4
yinlingquan,4
nepean,4
spacers,4
hcva,4
kerala,4
cholecystokinin,4
predischarge,4
satin,4
prepreg,4
aclr,4
xingnaojing,4
capnographic,4
fdp,4
bpo,4
relatedness,4
intussusceptions,4
newsletter,4
stridor,4
pahc,4
ratioivvsi,4
shell,4
diverter,4
tapt,4
stains,4
pretomanid,4
ctxp,4
ondansetrone,4
nncs,4
epochs,4
neuroactive,4
ovum,4
immunomodulation,4
summation,4
toda,4
substituted,4
rars,4
subdoses,4
prescribers,4
flo,4
pphn,4
profit,4
cnl,4
fission,4
ajcc,4
daughters,4
spids,4
propacetamol,4
sevobis,4
polydimethylsiloxane,4
reluctance,4
cvt,4
patricia,4
zhen,4
hypogastric,4
fosinopril,4
uptitrated,4
metsizer,4
sao,4
qbpds,4
scrambler,4
trendelenberg,4
huayu,4
court,4
completes,4
civiq,4
aceia,4
variate,4
tryton,4
sldm,4
salty,4
nmd,4
castor,4
sitafloxacin,4
rehacop,4
nlni,4
nonhypertensive,4
predisposed,4
feline,4
retrocolic,4
antecolic,4
trigone,4
photometry,4
mobilize,4
liposome,4
mitigates,4
ahtrt,4
underdiagnosis,4
romicat,4
decomposition,4
disappear,4
aminotransferases,4
whi,4
compounded,4
vaginoplasty,4
gcl,4
gnc,4
praeputii,4
areata,4
patchy,4
chhf,4
racing,4
mile,4
serono,4
occlude,4
supporter,4
nlnr,4
steinstrasse,4
beads,4
mericitabine,4
discursive,4
conceptualization,4
contracts,4
pacs,4
drf,4
legitimacy,4
neurologically,4
diamine,4
unusual,4
sophisticated,4
dre,4
anaplasia,4
hyperintense,4
melancholic,4
cdp,4
proforma,4
cloud,4
dds,4
qoc,4
hyperextension,4
chromosome,4
mtxglu,4
pillai,4
pledgets,4
localisation,4
neovagina,4
transeuro,4
csme,4
ambulated,4
apron,4
lies,4
cricothyrotomy,4
rpl,4
lifted,4
nairobi,4
peroral,4
omitting,4
neutralizes,4
originating,4
orthogeriatric,4
resuscitators,4
exsufflation,4
worsens,4
etiso,4
rewarded,4
menometrorrhagia,4
windfarm,4
angry,4
traps,4
harassment,4
ein,4
mediational,4
sva,4
hypometabolic,4
plasmacytoid,4
dmts,4
wfirs,4
drunk,4
canthus,4
fulfil,4
diastole,4
hstnt,4
qsbss,4
oppositionality,4
dipivoxil,4
singly,4
nondisposable,4
asai,4
cheat,4
sbft,4
nondirective,4
aides,4
suits,4
psychic,4
tarsal,4
cochet,4
bonnet,4
ogtts,4
sdbss,4
dosimeter,4
pcnsl,4
hdmtx,4
photodamage,4
mpci,4
fig,4
stereotypes,4
fpsa,4
polyuria,4
roadside,4
hoa,4
cca,4
boog,4
pallidus,4
oseretsky,4
botmp,4
lof,4
ventromedial,4
oxc,4
antiatherogenic,4
iniparib,4
glucuronide,4
liquor,4
pamidronate,4
haemodiafiltration,4
prototyping,4
draft,4
flax,4
lhr,4
bacs,4
dmt,4
betaferon,4
mrems,4
clostridiales,4
anthropomorphic,4
tpd,4
pasq,4
nsr,4
wbcs,4
mlhfq,4
fungi,4
weefim,4
youngsters,4
leiden,4
ballooning,4
bruininks,4
crif,4
haematology,4
rbcv,4
layperson,4
hyoscyamine,4
airmax,4
illustrating,4
uvfp,4
ngga,4
mui,4
grbas,4
summative,4
multiply,4
ecct,4
lxs,4
kcals,4
microabrasion,4
respules,4
hydrolysis,4
replaces,4
fermentum,4
gaucher,4
genzyme,4
laryngospasm,4
metabolome,4
bgh,4
spac,4
mna,4
sfds,4
htg,4
hcais,4
lsmdiff,4
multitask,4
choe,4
spts,4
molecularly,4
arranged,4
successively,4
intubators,4
fsg,4
tether,4
sustainably,4
retinoid,4
pulpitis,4
breathed,4
allergoid,4
pollens,4
specializing,4
guerin,4
coagulopathic,4
overestimate,4
fad,4
dls,4
alloderm,4
biointegration,4
myofiber,4
licorice,4
debrief,4
immunoreactive,4
eflow,4
scissors,4
deq,4
frutescens,4
sandbag,4
erythrodysesthesia,4
agt,4
ufox,4
neuritis,4
linseed,4
chhips,4
cossacs,4
extracting,4
navigational,4
vlpp,4
commissioning,4
hyperkalaemia,4
settled,4
antiproteinuric,4
nbcc,4
umeclidinium,4
multikinase,4
misconceptions,4
ippv,4
oligospermia,4
prerequisites,4
rrvf,4
recruiters,4
dehydrated,4
immunostimulatory,4
murine,4
cofactor,4
earth,4
htk,4
ncv,4
chromatographic,4
fosters,4
microinsert,4
icac,4
diffusely,4
nsomexs,4
btr,4
anklesplint,4
rolled,4
architectural,4
quadriplegia,4
benzalkonium,4
fluences,4
hemorrhoidal,4
tmr,4
lacj,4
cicada,4
addictions,4
interbeat,4
ext,4
hacp,4
haemolysis,4
itca,4
monomethyl,4
chondrotoxic,4
prioritizing,4
kappab,4
embol,4
magazine,4
swimrt,4
salome,4
applicants,4
font,4
nonsense,4
polyols,4
fpns,4
plethysmographic,4
bailey,4
lovie,4
tumbling,4
alloy,4
goniometry,4
ocv,4
endure,4
thiazolidinediones,4
dilmapimod,4
cruris,4
faropenem,4
auct,4
electrogastrography,4
outline,4
haemofiltration,4
paraquat,4
madrid,4
maltreatment,4
overtime,4
uneventfully,4
houston,4
captopril,4
renying,4
aesit,4
utb,4
bbg,4
jianliao,4
acyanotic,4
videolaryngoscopy,4
constellation,4
desmethyl,4
silibinin,4
ruangan,4
aav,4
cdd,4
industries,4
brier,4
ass,4
lrb,4
complaining,4
myostatin,4
picus,4
quoted,4
unfeasible,4
indoors,4
magnified,4
mandate,4
communes,4
nhap,4
novamin,4
tjd,4
absorptive,4
transmucosal,4
calyceal,4
echocardiographically,4
linearity,4
wangu,4
mecobalamine,4
hydrokinesytherapy,4
dfet,4
temocillin,4
pouchitis,4
nonfat,4
antitachycardia,4
toybox,4
juices,4
cumulus,4
cutometer,4
procaine,4
benzylpenicillin,4
obstacle,4
immunedepression,4
sdtt,4
corticobulbar,4
perturbations,4
auroc,4
tuberous,4
trouble,4
mydriatic,4
triumph,4
rmnpi,4
gentleness,4
charged,4
squeeze,4
ncpb,4
paln,4
extrapelvic,4
waned,4
reside,4
dpia,4
affymetrix,4
periconception,4
haemorrhoidal,4
doce,4
eprotirome,4
concerto,4
hyperemesis,4
friendliness,4
slips,4
mam,4
lmf,4
nva,4
bds,4
biotechnology,4
nonpregnant,4
mapt,4
thomas,4
plexiform,4
ambulant,4
lobaplatin,4
ambisome,4
carcinogenic,4
zuclopenthixol,4
miniarc,4
monarc,4
dichotomous,4
neokip,4
intermediary,4
optima,4
reducer,4
tcbt,4
confluent,4
mop,4
prepubescent,4
bipedal,4
essay,4
vrt,4
grp,4
glycolytic,4
qimen,4
faecalibacterium,4
eyberg,4
pacqlq,4
djd,4
pyelolithotomy,4
tomentosa,4
sensitisation,4
wkg,4
trips,4
riders,4
fixating,4
ggo,4
furlong,4
gadofosveset,4
iddvt,4
cecs,4
prioritized,4
lfms,4
lymphomas,4
pylorex,4
bmvc,4
suvmax,4
frf,4
pentadecanoic,4
ggn,4
brvo,4
wrote,4
standardizing,4
loosened,4
passengers,4
igr,4
renewed,4
reduning,4
edges,4
motherhood,4
telangiectasia,4
chemosis,4
nonresorbable,4
polytetrafluoroethylene,4
dissonance,4
maci,4
pirarubicin,4
apn,4
shve,4
kestrels,4
reinforces,4
endured,4
ebola,4
tetrandrine,4
ulnt,4
embolisms,4
lipotoxicity,4
enva,4
petersburg,4
parastomal,4
truclear,4
versapoint,4
hoped,4
dafne,4
cordis,4
suppurativa,4
subsided,4
magnet,4
evocation,4
itnss,4
cook,4
kilocalories,4
onf,4
immunostained,4
shap,4
aomp,4
photoreceptor,4
bystanders,4
instantly,4
uap,4
planners,3
handbook,3
pegasys,3
ucls,3
mfgt,3
hyl,3
myringoplasty,3
arthrolysis,3
akaike,3
soften,3
coloading,3
nop,3
abstainers,3
circumcisions,3
cries,3
macrolide,3
hexon,3
kam,3
forcing,3
additively,3
banana,3
pizhen,3
manup,3
nonmodified,3
lameness,3
cuernavaca,3
aclf,3
ihm,3
hkctr,3
unbiased,3
freshest,3
mbmk,3
datalink,3
farinae,3
saturn,3
practicability,3
beauty,3
award,3
springs,3
shugan,3
complexion,3
htas,3
controversially,3
antitussive,3
nonsynonymous,3
mall,3
pharmacopuncture,3
immunospot,3
canabic,3
pot,3
gbm,3
compsas,3
asr,3
belong,3
apns,3
mia,3
bcdr,3
impulses,3
interlocking,3
psw,3
azilsartan,3
sivd,3
pineal,3
headdfirst,3
polyarticular,3
degrades,3
utensils,3
tcis,3
overencapsulated,3
noncardioembolic,3
cementation,3
sallow,3
electrolytic,3
postprimary,3
reducible,3
intro,3
gelofusine,3
pesf,3
yamax,3
awb,3
posthospital,3
industrialized,3
arci,3
microbleed,3
nabilone,3
gcsi,3
dione,3
cysta,3
teleophthalmology,3
hyperechogenicity,3
empathic,3
bussone,3
ild,3
pioneer,3
collaborate,3
ceruloplasmin,3
msml,3
incapacitating,3
plexuses,3
salpingo,3
paralytic,3
crisscross,3
atfa,3
flexional,3
spim,3
forthcoming,3
subtests,3
counteracts,3
prevailing,3
raman,3
epoxy,3
mntx,3
radiolucent,3
sprs,3
immunoblot,3
eold,3
governments,3
fot,3
specificities,3
sleepy,3
postconceptual,3
kallidinogenase,3
everest,3
polypoidal,3
dissolvable,3
bulgaricus,3
hypertriacylglycerolemia,3
hypogeusis,3
settle,3
eradicating,3
degraded,3
periapical,3
sustains,3
tianzhu,3
evga,3
duplication,3
cebpa,3
pinarfs,3
pinaos,3
carboxymethl,3
xeqols,3
postcamp,3
lmca,3
retrieve,3
evita,3
ecap,3
dovitinib,3
hcahps,3
imprecise,3
psas,3
overdetection,3
acneiform,3
ipass,3
roasted,3
cvds,3
rtime,3
customization,3
don,3
shod,3
stochastic,3
sumscore,3
coplanar,3
subphenotype,3
preaponeurotic,3
pcss,3
veterinarians,3
frontoparietal,3
spanned,3
redo,3
glucans,3
cellcept,3
teva,3
ffc,3
dexamethazone,3
hyperoxemic,3
noninjected,3
cardiopathy,3
chagasic,3
practise,3
opcs,3
confounds,3
isoglycaemic,3
gigd,3
geq,3
secretor,3
trb,3
ofpatients,3
tell,3
dichotomisation,3
subtyping,3
consults,3
reproduced,3
gear,3
breakages,3
rejecting,3
endomyocardial,3
abolish,3
steam,3
eyewear,3
dystonic,3
depigmenting,3
addw,3
prioritised,3
hyperlipidaemia,3
eccc,3
concc,3
jinghuaweikang,3
uterotonics,3
compiled,3
cardiogard,3
adhc,3
akron,3
hastened,3
posteromedial,3
nonprotein,3
tsg,3
detox,3
rhizome,3
viraemia,3
noncoplanar,3
amnion,3
dsss,3
mydriasert,3
nonpurpuric,3
liters,3
fosphenytoin,3
periprostatics,3
nominees,3
reflectivity,3
topping,3
debt,3
dicalcium,3
wording,3
apoc,3
trl,3
ericcin,3
deproteinised,3
liangqiu,3
exploiting,3
provocative,3
embed,3
namfp,3
hyperammonemia,3
claw,3
equaled,3
autografting,3
ddqtc,3
medialisation,3
behaved,3
msaffe,3
nonemergency,3
attends,3
rear,3
sectorial,3
pli,3
alveolocapillary,3
aicas,3
iaao,3
sporting,3
tongbian,3
combustion,3
collegiate,3
totalling,3
ascended,3
prgf,3
nontyphoid,3
awe,3
sunday,3
cingulum,3
reared,3
cosmetically,3
igh,3
temporoparietal,3
stearate,3
pus,3
discharging,3
suv,3
norwalk,3
dwb,3
hnscca,3
compose,3
subsites,3
aeromedical,3
hrc,3
ctd,3
parapneumonic,3
gmo,3
discriminants,3
pentacam,3
pdrug,3
gauged,3
autofluorescence,3
canolaoleic,3
igl,3
chorioamnionitis,3
aptus,3
medartis,3
trimed,3
rebro,3
mobilisation,3
neurohumoral,3
jeopardy,3
unrecognised,3
refrained,3
periosteum,3
vds,3
eah,3
uspss,3
llis,3
afoi,3
crea,3
agip,3
quadratically,3
deletions,3
gamino,3
pcea,3
umsars,3
eai,3
apprehension,3
antecedent,3
banked,3
uneradicated,3
thammasat,3
clerical,3
alsaq,3
hsd,3
digestible,3
pointer,3
quill,3
intraperitoneally,3
hyperamylasemia,3
coad,3
lvefs,3
penta,3
triamine,3
recessive,3
tttf,3
hydromaneuver,3
capsulorhexis,3
transactional,3
mamanatalie,3
noelle,3
genotoxic,3
decontamination,3
specifications,3
peroperative,3
mii,3
reeg,3
aeeg,3
diethylene,3
proponents,3
passives,3
nil,3
hexavalent,3
batroxobin,3
fortifiers,3
professionalism,3
hcrp,3
gift,3
isoload,3
symmetrically,3
telbivudine,3
multimorbid,3
rve,3
landscapes,3
notechs,3
sops,3
thymol,3
operationally,3
provar,3
salvaged,3
tomita,3
mev,3
hepe,3
atmosphere,3
yogyakarta,3
washes,3
vhi,3
taxonomy,3
welder,3
thymidylate,3
cohabiting,3
interspace,3
opcabg,3
resuscitator,3
sirtuin,3
cumulatively,3
icur,3
joining,3
subdose,3
intrabiliary,3
respirable,3
coparenting,3
neutrino,3
hypospadias,3
myelosuppressive,3
quenching,3
antagonizing,3
hyperchloremia,3
chromosomal,3
wlpeak,3
discontinuity,3
eef,3
ambiguity,3
recompression,3
refracture,3
reads,3
anticipating,3
teamplay,3
rhcg,3
kumafix,3
ohm,3
unavailability,3
adventure,3
cgy,3
lately,3
caep,3
antigenic,3
ivfe,3
premanipulation,3
ofd,3
danshen,3
furcation,3
stnf,3
aggregates,3
staffs,3
originated,3
ifcc,3
cdpssb,3
tpvb,3
prnt,3
infundibula,3
fws,3
anhydroglucitol,3
afluria,3
cys,3
provisions,3
bcf,3
reexamination,3
ahmed,3
valenced,3
deploying,3
sus,3
bovis,3
smts,3
taxi,3
neurosurgeon,3
oha,3
lbgi,3
incubating,3
trachomatis,3
embodied,3
threads,3
heuristic,3
drastically,3
cricoid,3
varilrix,3
ptlc,3
stroking,3
eslicarbazepine,3
weakening,3
quinolone,3
pactr,3
dyslexia,3
uncontrollable,3
cardioselective,3
byd,3
etns,3
ozval,3
controllability,3
niaspan,3
larazotide,3
noncore,3
papillae,3
nbd,3
quadripolar,3
disintegration,3
antarctic,3
bioelectric,3
illuminated,3
sih,3
impossibility,3
annotating,3
straylight,3
desires,3
srh,3
thrombogenic,3
dismissal,3
strike,3
impeding,3
fpc,3
qing,3
scalloping,3
uvl,3
sociocommunicational,3
ehn,3
marks,3
emanate,3
estrogenic,3
wma,3
pemba,3
intrahospital,3
portals,3
browsing,3
electromyogram,3
dissect,3
cdlem,3
nsnsclc,3
hemispheres,3
nanocrystalline,3
mustard,3
regraft,3
president,3
gsi,3
leukapheresis,3
haiti,3
insall,3
kilovolt,3
orgasmic,3
optionally,3
homogenate,3
lysate,3
hbpr,3
expands,3
keuls,3
newman,3
breach,3
icpc,3
tplo,3
tta,3
cpe,3
crosslinked,3
vibrocompression,3
microstructure,3
streamlines,3
kora,3
sari,3
aida,3
absorbbvs,3
descriptor,3
ccat,3
distinguishable,3
distinctly,3
discomforts,3
himalaya,3
subtly,3
hagedorn,3
blasts,3
listerine,3
averroes,3
pertactin,3
tptef,3
pfts,3
linker,3
tongji,3
kermanshah,3
corroborating,3
progressors,3
htx,3
tao,3
tuning,3
capitalise,3
hugs,3
dipeptide,3
plasmatic,3
asap,3
gtcs,3
spillage,3
myriad,3
charging,3
celtic,3
abductors,3
discs,3
microneedle,3
dhe,3
hurricaine,3
casti,3
agni,3
decliners,3
polyribosylribitol,3
impoverished,3
fermentable,3
vishada,3
mutants,3
nerot,3
glenoid,3
consequential,3
osteochondral,3
publically,3
xanthophylls,3
motivators,3
newbury,3
ingrowth,3
synergic,3
mufc,3
crotalinae,3
ensuing,3
gluma,3
formalized,3
cagp,3
cmpf,3
berry,3
paritaprevir,3
fph,3
investigacin,3
nonantibiotic,3
tvs,3
paqlq,3
debonded,3
syngo,3
seclusion,3
auctions,3
unfixed,3
conformable,3
periorbital,3
schistosome,3
srhms,3
nares,3
cafeteria,3
gffc,3
bradykinin,3
visumax,3
ovine,3
ahl,3
huangqi,3
forum,3
tdrs,3
emits,3
whe,3
emotive,3
advisories,3
cares,3
rehabilitations,3
crg,3
widen,3
packets,3
fetuin,3
salpingostomy,3
crts,3
protocolised,3
registrations,3
prepulse,3
semicircular,3
kessler,3
electrophysiologically,3
fluent,3
pyridoxamine,3
icmax,3
tradition,3
srg,3
dmso,3
tess,3
hyperoncotic,3
instinct,3
isolating,3
pemphigus,3
psprs,3
poyang,3
concerted,3
greek,3
kainate,3
morselized,3
endometrioid,3
protractor,3
sudan,3
endci,3
artis,3
inductions,3
gfds,3
collagens,3
sjia,3
georges,3
antiasthmatic,3
teprenone,3
unstandardized,3
unformulated,3
softened,3
argin,3
calisthenic,3
polyacrylamide,3
jaccro,3
gest,3
mfps,3
bedsharing,3
hawthorne,3
multistep,3
reconcile,3
seadl,3
nonculprit,3
halfway,3
tribal,3
tcldcr,3
pyridoxine,3
taohongsiwu,3
epl,3
insensitivity,3
buccopalatal,3
gemsap,3
und,3
pustules,3
ehc,3
kaupapa,3
broncho,3
ptpdi,3
viewpoint,3
allosteric,3
hypersomnolence,3
deca,3
abve,3
sons,3
pupillometry,3
ianb,3
khichuri,3
sociocultural,3
microbes,3
thromboelastometric,3
fontaine,3
possessed,3
nonmelanoma,3
tiered,3
interconnected,3
hotels,3
blakesley,3
msas,3
pediquest,3
tampering,3
obliquity,3
nearby,3
entrainer,3
drawover,3
compensating,3
borreliosis,3
lyme,3
malposition,3
retinacular,3
hydroxyrisperidone,3
chordoma,3
xyphoid,3
nonambulant,3
egocentric,3
balanz,3
immunology,3
opting,3
hscs,3
dacryocystorhinostomy,3
twoweeks,3
periodicals,3
testes,3
peeping,3
scattering,3
uicc,3
waikato,3
bacteroides,3
polyethilene,3
poc,3
opgre,3
rescreening,3
graphpad,3
lochia,3
mgday,3
shangxing,3
cload,3
afro,3
venom,3
etiological,3
nips,3
mcsa,3
raster,3
xiongqin,3
dengzhanhua,3
ppcm,3
sagara,3
overconsumption,3
qishenyiqi,3
regrafting,3
aieop,3
mhcp,3
kdqol,3
statisticians,3
wada,3
lsmd,3
truancy,3
sdmard,3
radiating,3
interventionalists,3
cabergoline,3
skype,3
irregularities,3
acidulated,3
deterministic,3
dissociative,3
existent,3
periportal,3
tubridge,3
adps,3
dpnp,3
tamsulosine,3
neurohormone,3
hhris,3
warsaw,3
puppies,3
diamond,3
partnering,3
billroth,3
aau,3
nonpreserved,3
myringotomy,3
safest,3
widgets,3
davis,3
urticarial,3
aric,3
vhl,3
hyphema,3
spnet,3
derives,3
genant,3
ahz,3
nucs,3
phillips,3
hepato,3
portosystemic,3
endoscopies,3
fertilized,3
defend,3
bolster,3
mtop,3
sirikit,3
superimposition,3
deciduous,3
neurotoxic,3
bitch,3
alkylating,3
oramorph,3
nonstented,3
postmeasurement,3
imparted,3
cnbp,3
osteotomies,3
antonio,3
pcptrc,3
guaifenesin,3
cypass,3
osseointegrated,3
sweeteners,3
renovascular,3
photoallergic,3
attenuator,3
triplets,3
cleanliness,3
abruption,3
inspecting,3
parasitaemic,3
parasiticidal,3
cytoskeleton,3
maltodextrins,3
disable,3
isothiocyanates,3
endophthalmitis,3
halve,3
pyloric,3
sphenopalatine,3
farther,3
lance,3
ionized,3
lassitude,3
unmasking,3
lems,3
nonprogressive,3
motricity,3
twi,3
hypoattenuation,3
homing,3
phenolics,3
osteoartrosis,3
institutionalization,3
stnfri,3
apiaceous,3
confronted,3
sonas,3
catalyze,3
otoscopic,3
unmatched,3
councils,3
zbi,3
vvc,3
governmental,3
excelsior,3
fraxinus,3
deepest,3
precancer,3
obstructions,3
fentanil,3
fires,3
tributaries,3
bpsds,3
butenafine,3
knodell,3
pwlcd,3
rlcd,3
llcs,3
daa,3
taos,3
cathpci,3
mnhl,3
acscs,3
photothermolysis,3
tapb,3
xbk,3
sock,3
tetrofosmin,3
slaughtered,3
insensitive,3
horner,3
reassigned,3
undecylenoyl,3
gao,3
sanjierupi,3
postchemotherapy,3
postischemic,3
uninterpretable,3
uniforms,3
fabric,3
rubbing,3
reinsertion,3
ppbc,3
aussie,3
inconsistencies,3
misusing,3
mulligan,3
everted,3
hea,3
tpri,3
vectorial,3
nonvectorial,3
equistasi,3
clads,3
preexercise,3
thermosensitization,3
discern,3
lundbeck,3
geography,3
salto,3
replications,3
cops,3
vzv,3
devising,3
myelin,3
crustation,3
tbpm,3
love,3
neuropsychiatry,3
menicare,3
kyphosis,3
postsupplementation,3
cvsp,3
pyloroplasty,3
renu,3
chlorite,3
trolox,3
overstaging,3
anovulatory,3
lewy,3
midregional,3
lucentis,3
megafermenti,3
rashes,3
bcw,3
rwanda,3
sic,3
mocebpa,3
indepth,3
statics,3
unrelieved,3
cweps,3
ipsen,3
morton,3
signifcantly,3
cholecystectomies,3
destined,3
ahd,3
ukraine,3
fifa,3
calorimeter,3
melanocortin,3
rewiring,3
craters,3
mastectomies,3
stdrgp,3
hershey,3
proviral,3
lusaka,3
thermoregulation,3
oescc,3
frv,3
polyphonic,3
proteobacteria,3
quixfil,3
socialization,3
obscured,3
heritable,3
guangxi,3
uppsala,3
axonolysis,3
benzoyl,3
proanthocyanidin,3
mshq,3
makeup,3
welcome,3
physiochemical,3
nonstudy,3
respirometry,3
klepel,3
hyperopes,3
dro,3
crackers,3
resembling,3
quadrupole,3
firmicutes,3
bacteroidetes,3
shotgun,3
taxa,3
glsr,3
psyllogel,3
qsq,3
testable,3
blepharospasm,3
dredging,3
sektc,3
nmups,3
governed,3
peppermint,3
cadesi,3
excipient,3
plugging,3
perihematomal,3
extrathoracic,3
yjd,3
rhinoscopic,3
pvcas,3
expansions,3
dharmarajan,3
reflo,3
pfat,3
delegate,3
urinal,3
fsui,3
abrogating,3
betametasone,3
cistiquer,3
marv,3
immunochemotherapy,3
stadiometer,3
kanyini,3
kgdm,3
untoward,3
portuguese,3
measurability,3
wwe,3
longidaze,3
primitive,3
extremes,3
drawings,3
avolition,3
unsightly,3
repose,3
diagonal,3
nigella,3
experimenters,3
chox,3
endoscopes,3
hfp,3
vfm,3
retainment,3
sail,3
supposedly,3
brotizolam,3
premotor,3
controlsevo,3
ripcsevo,3
dessert,3
canisters,3
lkes,3
aerd,3
mivat,3
ratt,3
forensic,3
escaped,3
exhausted,3
tabriz,3
bmq,3
transposition,3
eldly,3
photoselective,3
postmastectomy,3
eaq,3
bullying,3
ganciclovir,3
unfused,3
escalations,3
polymethylmethacrylate,3
anonymity,3
msfc,3
steno,3
drawback,3
lace,3
equalization,3
imageless,3
reactants,3
stethoscope,3
circumsporozoite,3
extubated,3
deconvolution,3
ogis,3
enforced,3
gingko,3
infecting,3
postponed,3
dimercaptosuccinic,3
really,3
psfw,3
tungsten,3
trypanocidal,3
performers,3
resisting,3
gsvs,3
pictographs,3
polarity,3
verifying,3
oxldl,3
nsais,3
functionalities,3
wkt,3
micafungin,3
coxibs,3
pcwg,3
presses,3
mesio,3
sacc,3
radiopaque,3
neuropen,3
neurotip,3
egress,3
monotonous,3
advagraf,3
hangover,3
chalder,3
hrhpv,3
nonadjacent,3
mammals,3
qnpz,3
weal,3
aggravate,3
fiberscopy,3
fiberscopic,3
preclose,3
ifu,3
microscotomas,3
cbz,3
muh,3
synapse,3
fenglong,3
photoelectric,3
paac,3
nsaac,3
vaac,3
corporate,3
streptozocin,3
river,3
proptosis,3
backwards,3
chrondromalacia,3
isofuran,3
spm,3
disinfecting,3
coincident,3
koh,3
foundational,3
backup,3
wsls,3
boli,3
ophthalmologist,3
neuroimpairment,3
scaping,3
prioritization,3
gre,3
trypanosoma,3
prefracture,3
frank,3
wavelengths,3
emitted,3
uneven,3
gay,3
stab,3
pathomorphism,3
biering,3
coeliac,3
bmds,3
rsvs,3
pedometry,3
maxillas,3
metuximab,3
detoxifying,3
dots,3
sporogenes,3
renew,3
endline,3
tribe,3
governing,3
overly,3
pellicle,3
dbpcfc,3
icpp,3
mrb,3
vented,3
hydroxyzine,3
granulosa,3
hipec,3
affording,3
relapser,3
ribavic,3
nsa,3
occluder,3
bicuspid,3
mtwo,3
neurotransmitter,3
parenthood,3
paralleling,3
nonablative,3
ingest,3
harbored,3
multipurpose,3
skechers,3
bispectralindex,3
fluocinolone,3
haemagglutination,3
haemagglutinin,3
nis,3
retracting,3
morpheme,3
cpacs,3
etonogestrel,3
clavunate,3
neurocysticercosis,3
psds,3
noncases,3
festoons,3
oestradiol,3
focally,3
unsettled,3
pie,3
developers,3
unhealed,3
proctoscopy,3
quincke,3
scmc,3
audiotape,3
bihormonal,3
hypoplastic,3
jian,3
meld,3
unintentionally,3
ptt,3
noninteractive,3
percussion,3
lactococcus,3
postenrollment,3
pmds,3
immunised,3
permitting,3
imperfect,3
removes,3
authorization,3
cstat,3
intracor,3
xin,3
vaccinia,3
reebok,3
immutable,3
nonsupportive,3
hns,3
bard,3
qrsd,3
alab,3
xzt,3
dependents,3
multiplanar,3
volition,3
opposition,3
courageous,3
ayas,3
mtops,3
rough,3
ispaghula,3
poliomyelitis,3
stereoacuity,3
bic,3
nanoarray,3
misclassified,3
precession,3
carbide,3
equinovarus,3
jess,3
algorithmic,3
spinosad,3
pscc,3
hdct,3
sticky,3
dioptres,3
struggle,3
cephalad,3
faact,3
ovoid,3
snades,3
hyperthyroid,3
sleo,3
abdominally,3
conley,3
ointments,3
intracardiac,3
forkhead,3
amp,3
encoded,3
conical,3
slab,3
discernable,3
kasai,3
mllerian,3
lch,3
aex,3
reservation,3
occurence,3
castle,3
radiolabelled,3
preanesthesia,3
customise,3
sgu,3
subluxations,3
anterograde,3
nonthrombus,3
hyperpronation,3
myc,3
ligands,3
spheroid,3
prochlorperazine,3
principals,3
gauges,3
cir,3
frankfurt,3
genual,3
wmhs,3
webs,3
genu,3
incpad,3
xlear,3
radiostereometric,3
upod,3
acupunctured,3
uninvestigated,3
reapply,3
cda,3
conscientious,3
cerament,3
eicosanoids,3
podiatrist,3
bunnies,3
atipamezole,3
dfg,3
etb,3
mattresses,3
kwazulu,3
checkerboard,3
nvc,3
psaqol,3
unsupportive,3
polysomnogram,3
callosal,3
laitinen,3
phagocytic,3
polyclinics,3
iraq,3
superiorly,3
heteroem,3
homoem,3
metaboliser,3
lasalocid,3
unchallenged,3
rfviii,3
azelnidipine,3
equals,3
nhanes,3
mississauga,3
demmi,3
flexpen,3
billowing,3
aasm,3
conization,3
luma,3
phentolamine,3
thickest,3
rgs,3
hyperarousal,3
glutaryl,3
dampen,3
foa,3
tar,3
pmvr,3
cib,3
sectioning,3
amazing,3
webquit,3
botanical,3
intraluminally,3
floppy,3
belarus,3
hfrdi,3
typed,3
claudicants,3
ttts,3
riur,3
anesthetists,3
neifenmi,3
bohler,3
riyadh,3
arrays,3
parous,3
microcurrent,3
eets,3
epoxyeicosatrienoic,3
astm,3
penetrations,3
gelis,3
keratometric,3
dlek,3
exceeds,3
photosensitive,3
csbes,3
bleach,3
ascope,3
llra,3
thiopentone,3
fly,3
bradykinesia,3
cambodia,3
philippine,3
daheng,3
venography,3
sdcds,3
zhuanggu,3
evacuations,3
nephrotoxic,3
fusobacterium,3
vscs,3
salivarius,3
belarusian,3
cutpoint,3
dong,3
xiasanhuang,3
warfighter,3
silencing,3
fortifying,3
erms,3
ther,3
rales,3
baimai,3
solute,3
resect,3
lindmark,3
needled,3
eugr,3
extrauterine,3
rmus,3
dorsum,3
cannulas,3
hypokinesia,3
terai,3
endocannabinoids,3
endocannabinoid,3
summarize,3
histologies,3
imss,3
phenomenological,3
qichong,3
salvageable,3
incorrectly,3
lowlanders,3
vaso,3
asynchronous,3
shoushen,3
fcriia,3
novasure,3
rlh,3
rmi,3
multisystemic,3
dentoalveolar,3
oasis,3
ldrt,3
posthepatoportoenterostomy,3
algometry,3
supraspinal,3
nfat,3
immobile,3
emfs,3
funestus,3
hyperamylasaemia,3
primrose,3
hemp,3
ohr,3
swemwbs,3
reaplan,3
picornavirus,3
picornaviruses,3
skiers,3
onsite,3
inefficacy,3
dermoscopy,3
else,3
csr,3
whodas,3
professions,3
championships,3
competitions,3
denervated,3
twitching,3
asthenic,3
thoracodorsal,3
riperc,3
routineness,3
sugarsquare,3
pedal,3
peculiar,3
delegation,3
hens,3
celgene,3
cantharidinate,3
investments,3
mesy,3
rwandan,3
novelty,3
symbolic,3
gohai,3
sccai,3
operant,3
financially,3
cbtsh,3
consciously,3
multifactor,3
secretagogue,3
heptem,3
zulinqi,3
ellagic,3
aricept,3
neta,3
outgrowth,3
chemically,3
frt,3
nonhinged,3
khq,3
pgi,3
cystometry,3
aggravating,3
neurotization,3
secular,3
glevo,3
histolyticum,3
postbypass,3
uploading,3
bjrkns,3
polysulfone,3
antihyperglycaemic,3
mibelli,3
fordyce,3
diffusum,3
corporis,3
kicking,3
turf,3
lmas,3
myvax,3
immunotherapies,3
father,3
mopv,3
bruce,3
interactional,3
ctdi,3
resistances,3
obligations,3
salary,3
annoyance,3
bxp,3
rbl,3
margaric,3
postimmunization,3
budgets,3
bethesda,3
menstruating,3
navm,3
recumbency,3
inequity,3
belgique,3
dialysed,3
ontology,3
ega,3
verruca,3
poststimulation,3
fluindione,3
mwfs,3
lipophilic,3
ellagitannins,3
localizing,3
vitremer,3
gic,3
bmp,3
addison,3
mercury,3
italians,3
corroboration,3
conform,3
electoral,3
sarc,3
osaus,3
rheumatological,3
departmental,3
conceptualized,3
eed,3
occupied,3
globule,3
iad,3
palpebral,3
varieties,3
rojiroti,3
irrigant,3
surprise,3
underuse,3
supraliminal,3
collated,3
epitope,3
dfo,3
adagio,3
reloaded,3
otorhinolaryngology,3
boarding,3
upregulate,3
pheniramine,3
meaninglessness,3
nondrinkers,3
tachycardic,3
diversified,3
pab,3
unedited,3
manuscripts,3
submissions,3
bucking,3
decile,3
microdiskectomy,3
uhdrs,3
libertas,3
antigingivitis,3
ankylosis,3
snris,3
galway,3
bearings,3
anhepatic,3
scavenger,3
genesis,3
barostat,3
immunosuppressives,3
atlantic,3
micromol,3
afo,3
myelination,3
nintendo,3
nonprofit,3
xiva,3
neuroma,3
torn,3
phdd,3
vicarious,3
mtbisport,3
cartoons,3
resins,3
keratopathy,3
bullous,3
caught,3
perinephric,3
rccs,3
videofluoroscopic,3
innocuous,3
pharmacodynamically,3
lacrimation,3
interrelated,3
deactivation,3
lpcoo,3
appointed,3
lcbde,3
stapling,3
preloads,3
erucic,3
pallas,3
reinjection,3
tcaf,3
unsolicited,3
premedications,3
traveling,3
csci,3
excludes,3
ond,3
nonstatistically,3
ioab,3
pharmacoenhancer,3
nhr,3
isotopes,3
rmtg,3
multiparameter,3
oidp,3
urogynecological,3
incised,3
calipers,3
nonrevascularizable,3
zhenjingdingzhi,3
amide,3
baron,3
hebei,3
towns,3
penehyclidine,3
zbdk,3
ibpi,3
generations,3
hls,3
ettaa,3
skeleton,3
iridotomy,3
bulging,3
tense,3
repertoire,3
fpca,3
cellularity,3
culicoides,3
insect,3
puts,3
shaoyang,3
wasted,3
ponderal,3
dply,3
zhongshan,3
ribonucleotide,3
ocb,3
gifts,3
litmus,3
nonearly,3
updates,3
nhie,3
egyptian,3
transversal,3
dacc,3
bcm,3
bcrr,3
videoconferencing,3
magnectic,3
bonviva,3
discoordination,3
cannabinoids,3
precipitated,3
prospect,3
transmits,3
canopy,3
defenses,3
rhode,3
immunotherapeutic,3
megacode,3
allometric,3
papilledema,3
cck,3
microglial,3
wcc,3
thymocyte,3
compliers,3
internists,3
inquired,3
noncodeleted,3
anaplastic,3
codeleted,3
ticlopidine,3
ribosomal,3
yfd,3
destinations,3
bspas,3
eccentricities,3
photoreceptors,3
irla,3
achievers,3
hrm,3
nonasthmatic,3
padyq,3
citbi,3
elution,3
desperately,3
uaer,3
audiological,3
periviable,3
hnrt,3
jiangsu,3
fagerstrm,3
orogastric,3
digitalized,3
craniocaudal,3
mlns,3
balb,3
thermopaste,3
fibrillatory,3
adse,3
koreans,3
vth,3
consumptions,3
rpz,3
underinvestigated,3
keratin,3
corrector,3
postamendment,3
nanofilled,3
gape,3
sulforaphane,3
maastricht,3
dysantonomia,3
wheelseeu,3
lieque,3
corynebacterium,3
canceled,3
resemblance,3
bisulfate,3
retroversion,3
psychoticism,3
oligoclonal,3
usc,3
pleasanton,3
ldfd,3
slos,3
nasha,3
allen,3
magnetotherapy,3
hsppcs,3
staircase,3
threemonths,3
transulnar,3
interictal,3
inflamed,3
neurocircuitry,3
basolateral,3
curtail,3
meddra,3
isoxazolepropionic,3
mncs,3
oncosurgery,3
antisynthetase,3
unincentivized,3
semiannual,3
ghh,3
cfrthermodilution,3
yabukita,3
lymphoscintigram,3
symptomatically,3
multiplying,3
trimpi,3
superimposable,3
grey,3
steward,3
crx,3
vbeta,3
schoolboys,3
officials,3
winters,3
excavatum,3
atriotomy,3
hallucination,3
headed,3
mlminute,3
corporeal,3
prelabour,3
steadiness,3
fatigability,3
miru,3
shahid,3
sexunzipped,3
ihp,3
mts,3
dislike,3
pharmacovigilance,3
pectus,3
potatoes,3
kqr,3
paei,3
arrange,3
apples,3
uss,3
tropisetron,3
bangladeshis,3
mippo,3
achievements,3
cedar,3
dial,3
bsvl,3
glucosuria,3
reagent,3
mentees,3
anosmia,3
therabite,3
rtit,3
mgyls,3
stomal,3
haemodynamically,3
niatx,3
connecticut,3
tcfa,3
sadness,3
prestorage,3
rois,3
containment,3
rsgs,3
rearrangement,3
papules,3
deprexis,3
secretariat,3
sunbathing,3
dgge,3
piloted,3
flowmeter,3
squint,3
befriending,3
unlabeled,3
subanalyses,3
hysterectomized,3
sgot,3
sgpt,3
eruption,3
abpb,3
medico,3
shaving,3
phototest,3
mnihss,3
recommendable,3
pharmacotherapeutic,3
fdr,3
antidrug,3
skewness,3
weibull,3
ipaa,3
intracluster,3
schizophreniform,3
schizo,3
hemocoagulase,3
releases,3
underpinned,3
determinism,3
chvs,3
myanmar,3
singular,3
mumbai,3
acaricidal,3
diminazene,3
nexgard,3
afoxolaner,3
cefodizime,3
lubricants,3
methodically,3
primiparas,3
wmax,3
flexure,3
adjusts,3
dinitrate,3
flavorings,3
nonepileptic,3
bhck,3
nankivell,3
ulcerations,3
postvideo,3
ravlt,3
psarp,3
abdication,3
keith,3
jtxl,3
freiburger,3
olsa,3
hfu,3
arrr,3
tpmt,3
penthrox,3
quiescence,3
exuberant,3
mras,3
procal,3
flowers,3
lappa,3
brow,3
advises,3
epsbo,3
gmin,3
submillisievert,3
encroachment,3
tachycardias,3
urethra,3
cystoscope,3
bsbp,3
qaw,3
arctium,3
labtc,3
biotherapeutics,3
cthe,3
medkt,3
mactr,3
toctr,3
pelvi,3
trophy,3
radiotracer,3
phonotrauma,3
fibres,3
affirms,3
desynchronization,3
nonbursectomy,3
supervisor,3
dicloxacillin,3
dermatosis,3
formylthf,3
intersected,3
macroadenomas,3
ytr,3
haem,3
gclc,3
synthetase,3
resorbed,3
piritramide,3
medk,3
tendinitis,3
yuleshu,3
atlanta,3
postindex,3
meansvf,3
meanpvf,3
meantrs,3
prase,3
speculate,3
ashayer,3
warned,3
sirtex,3
radioembolisation,3
oxmdg,3
dhfr,3
yard,3
embalmed,3
condensed,3
lupoid,3
ppdp,3
arisen,3
insults,3
arching,3
nvivo,3
ribotyping,3
columbus,3
tpss,3
gingiva,3
kavo,3
overlooked,3
hypovolemic,3
propria,3
hkhn,3
atherectomy,3
grandmothers,3
hydroxyprogesterone,3
bhler,3
lkhn,3
beclin,3
johannesburg,3
ajd,3
cei,3
stances,3
iip,3
scirs,3
qcd,3
ptdcs,3
avppa,3
postlunch,3
mechanic,3
sensorial,3
harmonization,3
arguably,3
meantime,3
jmdb,3
assists,3
drgs,3
egfri,3
exchanged,3
limpopo,3
antifibrinolytics,3
lprbcs,3
rejuvenation,3
cefuroxime,3
novobismol,3
approximates,3
sbl,3
fces,3
bologna,3
rula,3
palb,3
vasa,3
schd,3
nutraceutical,3
mops,3
promotions,3
vdu,3
tannerella,3
retear,3
dichorionic,3
caproate,3
cabbage,3
languages,3
warwick,3
fluoroquinolones,3
nonpulmonary,3
erwinase,3
acromial,3
flurphen,3
vads,3
stentless,3
normo,3
nonlinearly,3
lexical,3
dpg,3
cprbcs,3
micellar,3
cbpi,3
nutr,3
eom,3
processor,3
impose,3
injectate,3
modq,3
sfr,3
fluorometric,3
tagsnps,3
mercaptopurine,3
strap,3
dcu,3
rolofylline,3
wbrtmel,3
microcysts,3
mailout,3
acetabulum,3
smfp,3
splines,3
forestry,3
centric,3
cages,3
validly,3
rasfi,3
breakups,3
sacrohysteropexy,3
allogenic,3
immunisations,3
kathmandu,3
pcvs,3
lpsv,3
bmx,3
liandouqingmai,3
rpa,3
unsolved,3
htra,3
abcsg,3
morality,3
lind,3
avpd,3
scmfs,3
restrain,3
negotiated,3
adms,3
extraluminally,3
icaad,3
nogo,3
dnaemia,3
isoxazoline,3
testfix,3
wiltse,3
universidade,3
chromoscopy,3
qtcni,3
deviated,3
departures,3
memphis,3
pigmented,3
bloodspots,3
comfortably,3
npis,3
glucocorticosteroids,3
overarching,3
submetatarsal,3
damascene,3
tenants,3
anecdotally,3
pathophysiologic,3
cramping,3
wishes,3
darmstadt,3
cgms,3
anorexigenic,3
orexigenic,3
fight,3
herniorraphy,3
dancer,3
foamed,3
sympathoinhibitory,3
oviposition,3
endoleaks,3
qiaamp,3
flaring,3
maker,3
ton,3
rue,3
nondrinking,3
cornstarch,3
baked,3
justifies,3
sympatho,3
stopes,3
ligations,3
lumens,3
gfi,3
groningen,3
nkt,3
lnap,3
igtn,3
mymop,3
nuchal,3
inattentional,3
tbss,3
utt,3
imns,3
dives,3
leiomyosarcoma,3
chemotherapeutics,3
baerveldt,3
osteocyte,3
hardship,3
dulce,3
snag,3
snags,3
contraindicate,3
afix,3
anovulation,3
bimodal,3
metlin,3
ishib,3
alloimmunity,3
reintroduced,3
ovulating,3
yinxieling,3
pratense,3
phleum,3
intraprostatic,3
hvz,3
cried,3
aucss,3
beagle,3
crmrf,3
lingualized,3
angioscopy,3
cbcl,3
palpebrarum,3
xanthelasma,3
harboured,3
rdct,3
extrusion,3
jobs,3
gog,3
hypopituitarism,3
philippines,3
ulnaris,3
sibai,3
sizhukong,3
denote,3
orthopnea,3
decongestion,3
xuefuzhuyutang,3
jones,3
nasolacrimal,3
jie,3
moles,3
michie,3
choriogonadotropin,3
receivers,3
mulungu,3
supermarkets,3
plh,3
chromatin,3
eqtl,3
lanka,3
smectite,3
fingerprinting,3
complying,3
ambi,3
arbeitsgemeinschaft,3
symposium,3
hypothesizing,3
rhinogenous,3
spice,3
perineometry,3
primigravidae,3
ecu,3
bivalve,3
kerman,3
strides,3
justifying,3
cmuc,3
paykel,3
amadeus,3
dolosigranulum,3
prestenting,3
semiquantitatively,3
subjacent,3
deepening,3
resuscitations,3
extrapulmonary,3
fingerprick,3
cgas,3
craft,3
prevotella,3
diverted,3
mhgap,3
lascchn,3
sedbp,3
moroccan,3
octt,3
asymptotic,3
multiples,3
mfn,3
humanitarian,3
presurgery,3
aminoacid,3
tauc,3
dxp,3
emory,3
concavity,3
altis,3
cytogenetics,3
chiang,3
zygotes,3
slabs,3
distillers,3
faees,3
prewarming,3
paralysed,3
prewarmed,3
pushed,3
qov,3
ligated,3
rosell,3
dcqt,3
fpb,3
tpps,3
nonbacteremic,3
indoxyl,3
renadyl,3
mecobalamin,3
jszd,3
hivsrr,3
gushenyutai,3
prtee,3
hypoxaemic,3
mof,3
trig,3
noprophylaxis,3
phoria,3
liquefaction,3
torch,3
silp,3
periradicular,3
ebt,3
postresuscitation,3
parties,3
nbc,3
revenues,3
financing,3
quittxt,3
sociocontextual,3
james,3
iodoform,3
sleeplessness,3
choroids,3
vectors,3
tbds,3
kcalmin,3
shao,3
thermic,3
lvpw,3
noncannulatable,3
vomited,3
parasacral,3
credentialing,3
mlc,3
nicaragua,3
revival,3
inevitable,3
boosters,3
perirectal,3
corp,3
decedents,3
tongfu,3
chemotaxis,3
flemish,3
flanders,3
mesolimbic,3
tnec,3
btk,3
entomological,3
reanalysis,3
opem,3
ornidazole,3
xinkeshu,3
hypomethylating,3
elacytarabine,3
ncd,3
disruptiveness,3
chrns,3
groovy,3
scrotoscope,3
canephron,3
mammario,3
infra,3
phospholamban,3
distractor,3
trustworthy,3
antiplasmin,3
microtubule,3
epanic,3
cholestanol,3
dsn,3
nutritious,3
nobel,3
edentate,3
paddock,3
sanhuangwuji,3
appearances,3
beach,3
slaughterhouse,3
bioadhesive,3
aorto,3
ipswich,3
bioconversion,3
nonvalidated,3
physicochemical,3
gcti,3
isolite,3
toes,3
touching,3
subcallosal,3
iwqol,3
anthrax,3
nanohybrid,3
caecal,3
ileo,3
concentrating,3
acenocoumarol,3
tli,3
transanal,3
insensate,3
command,3
hsat,3
epididymal,3
songs,3
assembled,3
isthmic,3
depressants,3
disturb,3
schoolteachers,3
ocn,3
microcomputed,3
digitally,3
disilicate,3
bisoprolol,3
pmab,3
hcln,3
tropia,3
exophoria,3
pulsation,3
hoffa,3
anxiogenic,3
zbmi,3
quin,3
bisulphate,3
allapinine,3
marines,3
ldlc,3
noteworthy,3
masiphumelele,3
plac,3
comprehend,3
gatekeepers,3
basc,3
arena,3
adsorbed,3
hanusch,3
occi,3
stars,3
ing,3
ppp,3
townships,3
suppose,3
axuspa,3
nacional,3
marseille,3
mpdac,3
pdac,3
meats,3
purging,3
journey,3
truncating,3
moraxella,3
arteriosclerosis,3
nve,3
aoam,3
deflectable,3
naogan,3
acf,3
rvip,3
participates,3
prefeed,3
chaotic,3
bdcs,3
hopes,3
yazd,3
rutis,3
mbar,3
adrenoreceptor,3
maxidex,3
dorznp,3
manuka,3
osfmd,3
intermetatarsal,3
yuye,3
jinjin,3
paraspinal,3
epiglottic,3
occupying,3
nvd,3
hayatabad,3
vitreal,3
neovessels,3
catarrhalis,3
granting,3
storz,3
jasmine,3
mlo,3
paddles,3
glendora,3
gcr,3
rotors,3
hfmp,3
osseous,3
dampened,3
depletive,3
engendered,3
characterisation,3
wpi,3
turner,3
tranquilization,3
timelines,3
hypercoagulable,3
ormco,3
woven,3
pricing,3
unpublished,3
curtains,3
habitually,3
pretested,3
phrs,3
resonated,3
persicatm,3
mindstreams,3
prodromal,3
volleyball,3
paresthesias,3
breastcare,3
prc,3
apa,3
interrogations,3
bmad,3
intratracheal,3
metanephrine,3
acclimatization,3
hodges,3
millet,3
vesiculation,3
faisalabad,3
lms,3
oohca,3
crae,3
curette,3
macrocyclic,3
terrain,3
compomer,3
polymyxin,3
cqg,3
recollected,3
crve,3
bisphenol,3
intraorally,3
gradable,3
ego,3
rehabilitating,3
northwestern,3
exacerbates,3
pcop,3
retarding,3
lactam,3
biomaterials,3
wagner,3
helen,3
nonparallel,3
detoxified,3
ibpb,3
tufs,3
arcon,3
abrogated,3
acyline,3
ovulatory,3
cod,3
autopsies,3
etiologies,3
pression,3
rectosigmoid,3
asge,3
hamadan,3
osdr,3
postanesthetic,3
slippage,3
coreceptor,3
predominated,3
anagen,3
telogen,3
thenar,3
banff,3
nonvariceal,3
prepost,3
methylprednisone,3
interreader,3
erlp,3
ohq,3
nonsolid,3
discernible,3
homepap,3
ohd,3
reticulata,3
kashan,3
unsat,3
ceramides,3
postpathology,3
ddfs,3
clots,3
circumvent,3
piq,3
periotest,3
apposing,3
dfp,3
qds,3
hyperferritinemia,3
wsas,3
kegel,3
nonprion,3
stabilise,3
hgp,3
coffees,3
blindfolded,3
memorized,3
biographical,3
shengjinrunzaoyangxue,3
benecol,3
brd,3
ptfe,3
signaled,3
msaf,3
undermine,3
paed,3
postvisit,3
ivct,3
isovolumetric,3
qbeta,3
strengthens,3
qhl,3
wis,3
blankets,3
antifibrotic,3
nao,3
paturients,3
dorsalis,3
equiosmolar,3
collapsed,3
anzctrn,3
anaesthesiology,3
morphea,3
articaine,3
detachments,3
rhegmatogenous,3
prepathology,3
holidays,3
groupings,3
diacetylmorphine,3
tcrgs,3
lianquan,3
subclade,3
huqian,3
electrospray,3
sphingolipid,3
senses,3
ram,3
contractubex,3
logical,3
cheapest,3
lumber,3
ptfp,3
leukotoxin,3
aegypti,3
aedes,3
nonincentive,3
extranodal,3
tyr,3
deflations,3
unfolding,3
miol,3
diving,3
mlac,3
erysipelas,3
plinth,3
postsimulation,3
unwell,3
pmx,3
hweek,3
phonosurgery,3
dirt,3
periparturient,3
soda,3
rectocolitis,3
ceg,3
benchmarks,3
cyperus,3
holm,3
atc,3
staffing,3
suprascapular,3
plasmalogen,3
title,3
subjecting,3
uninjected,3
mwoa,3
nissen,3
precut,3
miycn,3
antigenically,3
interdependence,3
yyhr,3
glucoregulatory,3
monrovia,3
unitek,3
utah,3
opal,3
vse,3
plantarflexion,3
arousability,3
fuse,3
asphyxiated,3
closeout,3
fiqr,3
cigts,3
tfgs,3
grinding,3
rmma,3
hesa,3
avgs,3
unpreserved,3
electrographic,3
merging,3
taussig,3
blalock,3
mls,3
zbdhp,3
norvancomycin,3
bhc,3
cqcqd,3
rent,3
deidentified,3
aasi,3
cooney,3
pfba,3
srns,3
pilocarpine,3
scmet,3
aminolevulinic,3
needlescopic,3
huaroumen,3
xiawan,3
cyclomastopathy,3
borderzone,3
kim,3
lvcf,3
dfnp,3
brewed,3
wrx,3
hydraulic,3
balls,3
hitachi,3
westergren,3
opacities,3
multidose,3
preparative,3
subparaneural,3
officinalis,3
wilhelmina,3
davos,3
medivation,3
honestly,3
laryngologist,3
readjustment,3
indentation,3
ishak,3
advices,3
nonantimicrobial,3
vectored,3
uninvolved,3
radionuclide,3
carepath,3
hyperexcitability,3
forehand,3
gelclair,3
ahsds,3
qdp,3
ogj,3
incurring,3
exome,3
mpfc,3
ebac,3
spmd,3
yaoyangguan,3
hirschsprung,3
idwg,3
optokinetic,3
srmr,3
loadings,3
photocoagulator,3
triathletes,3
amputated,3
badin,3
salazopyrin,3
unfit,3
worm,3
tbpr,3
disagreed,3
forgo,3
suis,3
nonreactive,3
hepatitisb,3
hspda,3
lifelink,3
subserosal,3
propylene,3
rtof,3
cilo,3
alpins,3
nonverbally,3
conjunctivochalasis,3
umlazi,3
sphenoid,3
piiicp,3
gastrectomized,3
foetus,3
stereognosis,3
infect,3
inhale,3
phosphaturia,3
plasters,3
rsf,3
evan,3
iceland,3
covariables,3
nonblack,3
cottonoids,3
fibroblasts,3
puedo,3
phgg,3
guar,3
pbcc,3
micrographic,3
stcq,3
invariance,3
allowances,3
gpm,3
radioprotection,3
abstention,3
dysphasia,3
uku,3
mut,3
durban,3
ivd,3
immunofluorometric,3
precedence,3
dieticians,3
nonoverlapping,3
immunomodulators,3
smpg,3
otowick,3
microform,3
philtrum,3
immunoprophylaxis,3
stories,3
alaska,3
retinaculum,3
physiologist,3
sagging,3
normalizes,3
kernel,3
mentioning,3
shuee,3
statewide,3
conveying,3
amerindian,3
detuned,3
keratan,3
vomit,3
segmentectomy,3
lipoglycopeptide,3
haemophilia,3
ladies,3
hepa,3
woodsmoke,3
sourced,3
sale,3
qualiccare,3
forceful,3
pensions,3
cared,3
archwire,3
qiangji,3
gauging,3
workouts,3
myopathy,3
idiosyncratic,3
esss,3
mtr,3
acculturative,3
explanted,3
leaod,3
violated,3
cardera,3
ldkts,3
metre,3
guaranteed,3
colostomies,3
curatively,3
actin,3
laminae,3
ambu,3
robbery,3
morpho,3
sgs,3
query,3
immunoglobin,3
apposed,3
emrs,3
simpson,3
serologies,3
oncogene,3
semirigid,3
posits,3
radically,3
nmupd,3
homeopathy,3
negated,3
dentofacial,3
omron,3
dwfg,3
lib,3
ryo,3
tutorial,3
unscented,3
trochanteric,3
wart,3
bathed,3
cycloferon,3
telematic,3
nvamd,3
larsen,3
fksi,3
semiprofessional,3
loe,3
hmclg,3
inefficient,3
hemifacial,3
meldonium,3
rfc,3
jtthf,3
ignored,3
reforms,3
rotate,3
extraluminal,3
sscd,3
correctness,3
oval,3
verterbral,3
mmft,3
microbicide,3
corner,3
antiglaucoma,3
umol,3
drove,3
absolutely,3
deworming,3
sesame,3
acgme,3
myelodysplasia,3
effectors,3
multimatrix,3
aversion,3
unanalyzed,3
nnts,3
peru,3
hfjv,3
postpremed,3
squirts,3
postmessage,3
soaking,3
eoa,3
crystal,3
tinidazole,3
poe,3
ischial,3
ives,3
uplift,3
drls,3
yonsei,3
transtelephonic,3
interferences,3
severities,3
serostatus,3
laboring,3
lamellar,3
keratoplasties,3
spcq,3
swm,3
kolkata,3
empathetic,3
transcostal,3
pericostal,3
pdms,3
mga,3
pne,3
subsensory,3
suprasensory,3
preadolescent,3
hydroxybenzoic,3
knotless,3
polyquaternium,3
microsatellite,3
rsc,3
mentalizing,3
securely,3
electrogram,3
senegal,3
storytelling,3
edward,3
parafunctional,3
arguing,3
shapiro,3
cooper,3
cptp,3
preplanning,3
tinel,3
weinstein,3
fashioned,3
fil,3
nebs,3
urologist,3
proctosigmoiditis,3
eci,3
vpb,3
semmes,3
accentuated,3
congruence,3
oamcgt,3
fixing,3
nimodipine,3
nisonger,3
oxylator,3
regeneratory,3
decentration,3
digastric,3
telomeric,3
arearatio,3
sympathectomy,3
isoenzymes,3
transporting,3
hypopigmentation,3
cooperativeness,3
hdaci,3
extruded,3
postpubertal,3
axrk,3
knowledgeable,3
trafficking,3
segmentectomies,3
progressions,3
hypervolemic,3
badges,3
nonclipping,3
spontaneity,3
methylmalonic,3
aminobenzoylglutamate,3
phosphorylase,3
valproic,3
iqcode,3
oxcarbazepine,3
msk,3
coincidence,3
qdol,3
distinction,3
zanamivir,3
rocker,3
ringers,3
hypoproteinemia,3
lille,3
chengqi,3
yuyao,3
rando,3
mjd,3
npo,3
intramyocardially,3
uncontained,3
tball,3
moiety,3
inconvenient,3
hgh,3
phonologically,3
spgr,3
yuji,3
spectra,3
chimeric,3
hypocoagulable,3
scientists,3
fundal,3
tasc,3
wphf,3
appraise,3
flattened,3
aroused,3
iod,3
gkt,3
methylenetetrahydrofolate,3
kakkonein,3
orchiectomy,3
mlfs,3
sphal,3
stereotypic,3
clnicas,3
pyogenic,3
ccrc,3
heparinization,3
radiopharmaceutical,3
sctg,3
cmbb,3
probation,3
restlessness,3
transmittance,3
bcr,3
pwc,3
fmps,3
madison,3
mdis,3
debrided,3
aberdeen,3
smartinhaler,3
patented,3
textual,3
corticotroph,3
associational,3
delineating,3
malta,3
cyprus,3
cheatham,3
slim,3
dexcom,3
virginia,3
prognoses,3
implantations,3
ports,3
decarboxylase,3
clearwater,3
unwillingness,3
cartesian,3
ethically,3
morphologically,3
ataxic,3
ache,3
dextrin,3
parking,3
instituted,3
inducers,3
proxies,3
malleolar,3
diaphysis,3
mites,3
berkshire,3
attentive,3
oabs,3
sbcc,3
sofas,3
bakers,3
abluminal,3
spitting,3
imagining,3
rbm,3
antisense,3
banning,3
skewed,3
administrating,3
auds,3
tunisia,3
cranio,3
bcis,3
servomatic,3
electrocortical,3
endings,3
proteomics,3
multifilament,3
tav,3
barrer,3
wwsc,3
egems,3
rrna,3
noncompleters,3
sif,3
myokine,3
standardisation,3
cpi,3
hypertonicity,3
nonstructured,3
balances,3
trialists,3
adjprr,3
pscb,3
lacprodan,3
aami,3
pabron,3
substantively,3
vaccariae,3
vbi,3
phenytoin,3
enterobacteria,3
focussed,3
dipak,3
orotate,3
reanalysed,3
gkgmin,3
cocci,3
igvoa,3
librarians,3
homocyteine,3
discard,3
opus,3
iah,3
kyna,3
siw,3
yxsc,3
crossings,3
hobart,3
rollover,3
saturable,3
logrank,3
depletes,3
assh,3
tenax,3
ouya,3
kebas,3
illuminate,3
explorer,3
anomalous,3
laws,3
templates,3
oarsi,3
lytic,3
winnipeg,3
baba,3
mbmc,3
sender,3
operatory,3
cobrapla,3
biogen,3
say,3
pertained,3
glucosaminidase,3
surplus,3
dfd,3
onq,3
dispersive,3
shousanli,3
suboptimum,3
plateletpheresis,3
prnfl,3
postcardiac,3
kcl,3
unicentric,3
diverged,3
worried,3
transfluthrin,3
jianzhen,3
chemoembolisation,3
wow,3
meticillin,3
smarter,3
polysaccharides,3
semiannually,3
bhsd,3
sphygmomanometer,3
tibetans,3
chaplan,3
mobilizers,3
phoneme,3
carcinoid,3
csdmard,3
uadl,3
anorganic,3
obp,3
angiogram,3
femnps,3
presenters,3
intraov,3
sudo,3
zimbabwean,3
dccg,3
nlfu,3
colloidal,3
topas,3
pest,3
gall,3
fic,3
heterovariant,3
synopsis,3
tram,3
iliopsoas,3
yunnan,3
conduits,3
interpositional,3
beirut,3
adept,3
pericardiocentesis,3
rub,3
bodybalance,3
mrecist,3
nasba,3
caprisa,3
miracl,3
ppos,3
gexia,3
demonstrator,3
eluted,3
quitlines,3
tilting,3
paw,3
gardnerella,3
synechia,3
metavir,3
agenda,3
noncalcified,3
wtmax,3
vrna,3
wcst,3
perazine,3
mater,3
aurora,3
distending,3
nonurgent,3
pcjia,3
photogrammetric,3
carpometacarpal,3
dermamatrix,3
acthar,3
postimplantation,3
poractant,3
phols,3
qpm,3
sbms,3
postpericardiotomy,3
jinja,3
grampian,3
bicon,3
committing,3
radicality,3
corra,3
eosin,3
hematoxylin,3
paediatrician,3
safeguarding,3
urgo,3
brains,3
orosensory,3
athens,3
chondrocyte,3
trypan,3
pseudorandom,3
disseminating,3
nirschl,3
mmcpie,3
sisters,3
rrrs,3
avti,3
homogenates,3
nhg,3
trst,3
prizecm,3
ptn,3
triatomine,3
plastering,3
dzxyp,3
laboratoires,3
tunneled,3
softening,3
eskd,3
gametocytes,3
cher,3
corneometer,3
mbsct,3
bbcet,3
harmonizing,3
acidification,3
infusing,3
zelen,3
angii,3
figitumumab,3
yunshou,3
aphab,3
hint,3
transaortic,3
painkillers,3
kocher,3
malfunctions,3
vatiiv,3
tiiv,3
qtcd,3
hydatid,3
jiaogan,3
larvicidal,3
ohp,3
nonlesional,3
acove,3
hemostat,3
beans,3
cscbt,3
prospects,3
typified,3
vedera,3
cadera,3
pssi,3
merlin,3
ptvs,3
ttrcc,3
endodontics,3
dissipated,3
crossectomy,3
lnp,3
thulium,3
nblm,3
cooperate,3
hematochezia,3
cset,3
bandages,3
civil,3
pertrochanteric,3
phnr,3
tenesmus,3
abmscs,3
prejudice,3
mare,3
antiglycemic,3
septicaemia,3
coagulating,3
hspn,3
lphp,3
exudation,3
pse,3
auec,3
multilayer,3
palpitation,3
dizzy,3
vitrified,3
etiologic,3
validates,3
mali,3
midupper,3
poisoned,3
dysrhythmias,3
individualize,3
overdenture,3
pfb,3
toi,3
shunts,3
refeeding,3
philosophy,3
calcified,3
ungated,3
psoralen,3
endopeptidase,3
videoconference,3
competitor,3
fmpi,3
csom,3
axie,3
blautia,3
zhangmen,3
childrens,3
tlus,3
wane,3
gardasil,3
vesikari,3
aural,3
consolidating,3
ssns,3
nsteacs,3
misola,3
entrenched,3
recency,3
meshed,3
mesothelin,3
rehypertrophy,3
engorgement,3
genus,3
macrolides,3
aerm,3
stably,3
rpm,3
fiml,3
ventilating,3
mathematically,3
uveoscleral,3
eia,3
rmal,3
lordotic,3
chronotherapy,3
newest,3
previa,3
savor,3
whafs,3
afflicted,3
sulphurous,3
unclipped,3
cytoprotection,3
oao,3
neuroanatomical,3
corticoids,3
gardens,3
mallampati,3
allyl,3
dispatched,3
purgative,3
flushed,3
hyperactive,3
handoffs,3
isotopic,3
biss,3
mactel,3
cascades,3
psychosexual,3
bakri,3
xsydirwfs,3
immersivetouch,3
msse,3
inferential,3
nmkg,2
cockroach,2
apen,2
nccp,2
hyperuricaemia,2
nonreactivity,2
reinterpretation,2
psycinfo,2
kinesthetic,2
pharyngeus,2
addict,2
sulphidoleukotriene,2
rpru,2
nhis,2
physiatry,2
emi,2
luoghi,2
prevenzione,2
zeros,2
nblh,2
zinb,2
radiostereometry,2
amoxicilline,2
hunan,2
fixture,2
deoxyhaemoglobin,2
chronotherapeutics,2
pawp,2
hypermethylation,2
padjusted,2
reap,2
auvlc,2
traversing,2
wheels,2
marczinski,2
womet,2
denoting,2
tasting,2
chromametry,2
corneometry,2
disproportionally,2
prl,2
lai,2
oxyhaemoglobin,2
rehospitalized,2
minutely,2
antimuscarinics,2
multisinus,2
iapa,2
revisit,2
reused,2
aoslo,2
mosaics,2
subxiphoid,2
chromatograph,2
mosm,2
cohortsmalfunction,2
myoclonic,2
prisons,2
parole,2
twinrix,2
photodocumentation,2
discolouration,2
mesorectum,2
calvary,2
cabm,2
reconfirmed,2
originator,2
rectoceles,2
ibta,2
embodies,2
impress,2
risers,2
cystoceles,2
satiated,2
ivu,2
renography,2
corrects,2
ucdva,2
ucnva,2
odma,2
regurgitant,2
seapi,2
hyderabad,2
judging,2
hepatocaval,2
insurer,2
cronus,2
cmtns,2
onls,2
testimonies,2
presenilin,2
merr,2
concussions,2
fdip,2
fdis,2
vents,2
boolean,2
fgfs,2
egl,2
aetiologies,2
paroxysm,2
volunteering,2
vow,2
equalized,2
leveled,2
palmer,2
dantrolene,2
morphodensitometric,2
toileting,2
polytomous,2
curtin,2
cafap,2
nerebot,2
engineers,2
verathon,2
bothell,2
tpct,2
bls,2
botulin,2
alanyl,2
ctwpr,2
pepr,2
csfr,2
troughs,2
informations,2
sellers,2
retailers,2
hydroxynortriptyline,2
rcfs,2
prongs,2
postinduction,2
profiled,2
globe,2
patrix,2
endolymphatic,2
spells,2
factt,2
vram,2
transatac,2
fibrosing,2
extractive,2
supp,2
richness,2
election,2
baropodometry,2
nongastric,2
sergipe,2
kesho,2
bora,2
nonbreastfed,2
compensates,2
igy,2
oci,2
pangguang,2
initialization,2
antineutrophil,2
mfssgerd,2
rumbling,2
spinbrush,2
nonoxynol,2
aap,2
napsi,2
noncentral,2
aeronautics,2
cecg,2
hilly,2
spurious,2
nonexperts,2
argued,2
gttinger,2
amendments,2
wijma,2
postnatally,2
psychoeducative,2
axl,2
tonometers,2
thermoplegia,2
unevenly,2
fared,2
gendicine,2
shenzhen,2
implicating,2
halifax,2
copied,2
noncolonized,2
gts,2
succession,2
slovakia,2
nondelirious,2
iov,2
dispositional,2
visiometer,2
elevationgrade,2
resourceful,2
ivis,2
bemfola,2
gonal,2
puregon,2
infrahilar,2
hydroxycamptothecin,2
micronucleus,2
rush,2
superamma,2
cite,2
stnfr,2
adance,2
inconspicuousness,2
hdtv,2
pharyngobasilar,2
unquantified,2
polysorbate,2
biexponential,2
tglp,2
iglp,2
langenbeck,2
insulinemic,2
reirradiation,2
interclass,2
totaling,2
adaps,2
mor,2
trigonitis,2
endovesical,2
servants,2
hki,2
cuestionario,2
desgaste,2
gametocytocidal,2
prioritisation,2
intraaortic,2
profesional,2
dilator,2
scorers,2
uneasiness,2
saphenofemoral,2
casualty,2
mcis,2
uao,2
dub,2
verbalizations,2
crclm,2
romana,2
anamorelin,2
papua,2
parasitologic,2
acprs,2
baboons,2
enlightn,2
debates,2
fourfold,2
hdd,2
tripeptide,2
clears,2
caix,2
anticitrullinated,2
empire,2
rolls,2
hwbi,2
toxicoses,2
clonal,2
mbcs,2
lochi,2
nova,2
scotia,2
mora,2
regularities,2
interadventitial,2
recapture,2
poliglecaprone,2
polydioxanone,2
sialkot,2
topcon,2
extrafoveal,2
vasoconstrictive,2
nexa,2
decortication,2
nsaa,2
zaizaoshengxue,2
flights,2
rapidity,2
analytically,2
cementless,2
eac,2
segd,2
utne,2
downfracture,2
decementations,2
chipping,2
chaperone,2
iacs,2
suprapatellar,2
harvey,2
imrie,2
serine,2
nonemergent,2
steatorrhea,2
subocclusive,2
subocclusion,2
auscan,2
daoi,2
personalize,2
monofollicular,2
microchip,2
cudate,2
inflate,2
proposition,2
announcement,2
grouptimesex,2
jianqian,2
perilaryngeal,2
aftereffects,2
ciis,2
coiled,2
reza,2
prostafit,2
jelgersma,2
rno,2
rhtsh,2
ketogenesis,2
methylhistidine,2
scat,2
costings,2
candidacy,2
walkers,2
uncategorizable,2
multiphase,2
impared,2
imam,2
slan,2
avoren,2
nonsuicide,2
khyber,2
cranially,2
electrocorticographic,2
preimplant,2
staghorn,2
evaluability,2
biomatrices,2
nds,2
impurity,2
inbox,2
browning,2
uncompetitive,2
glucontrol,2
accruing,2
hka,2
claiming,2
vasculuminator,2
spearmans,2
vacation,2
armin,2
buttocks,2
histocompatibility,2
msdf,2
esophagojejunostomy,2
recognise,2
glv,2
schoolwide,2
glycolipid,2
stilbenes,2
hypervitaminosis,2
ppromexil,2
marriages,2
academically,2
arrows,2
veps,2
chp,2
nvg,2
pertains,2
melaxen,2
finneson,2
inaction,2
corpuscular,2
hiho,2
itgv,2
clinimetric,2
stony,2
brook,2
kynurenic,2
psychostimulants,2
wiat,2
postchallenge,2
naes,2
urocanic,2
asynchronously,2
hallmarks,2
inhalatory,2
lumbopelvic,2
vhiss,2
recalculated,2
rhexis,2
postload,2
herniations,2
melting,2
reoccurrence,2
sociability,2
superpotent,2
concluding,2
ttlp,2
fsc,2
toyonensis,2
postweaning,2
glycitein,2
glycitin,2
uninterpretability,2
hvl,2
portraying,2
sanford,2
nitride,2
noninsulin,2
commune,2
premarital,2
anchors,2
cdfs,2
tmdd,2
flamingo,2
heals,2
florence,2
saccharine,2
ewa,2
tpost,2
digitat,2
hypitat,2
womb,2
imagination,2
vestibulopathy,2
flickering,2
daidzin,2
genistin,2
dea,2
organise,2
hats,2
pivens,2
efferent,2
bot,2
sota,2
touted,2
cmra,2
attenders,2
lacto,2
ovo,2
lov,2
noofen,2
bots,2
mistaken,2
disregard,2
initialized,2
dise,2
nonfibrotic,2
nagelkerke,2
coincide,2
shrm,2
thbd,2
acloas,2
tibio,2
ffd,2
anhidrotic,2
lvfs,2
posse,2
cholecystolithiasis,2
anodynia,2
xomed,2
jacksonville,2
impediment,2
eubacterium,2
alenephro,2
calmness,2
secs,2
advocacy,2
misonidazole,2
psychopathologies,2
personalizing,2
approximating,2
subperiods,2
nonanesthesiologist,2
subsection,2
funniest,2
regularization,2
hyperaminotransferasemia,2
rhabdomyolysis,2
antiatherosclerotic,2
seriousness,2
endosonography,2
erythra,2
biennial,2
sludge,2
tivantinib,2
arthrogenic,2
mirthful,2
laughter,2
lgc,2
visitor,2
qtcp,2
comedy,2
circumstance,2
inguinodynia,2
monosegmental,2
dynes,2
downregulating,2
histones,2
ethylenediaminetetraacetic,2
htt,2
pye,2
unsuppressed,2
morphologies,2
immunosenescence,2
wsd,2
healthi,2
irrespectively,2
occipito,2
ancient,2
inaccuracy,2
guilty,2
innocent,2
videodisc,2
sinusoidal,2
psychobiological,2
adenosquamous,2
amenorrhoea,2
interrelationships,2
underestimates,2
kap,2
gmtz,2
peripartum,2
overproduction,2
revaccinated,2
lumax,2
tzds,2
postrecovery,2
cowat,2
immunochromatographic,2
hepatoprotective,2
oncolytic,2
scleroembolisation,2
vestibuloplasty,2
cnrvalsalva,2
cnraorta,2
proviso,2
periimplant,2
organising,2
aecopds,2
henry,2
kodiac,2
napadisilate,2
salvia,2
miltiorrhiza,2
analytics,2
cepstral,2
csid,2
adks,2
hydroxyeicosatetraenoic,2
eicosanoid,2
leukoplakia,2
wemwbs,2
qutenza,2
postinterventional,2
ltb,2
honduras,2
farmworkers,2
breathy,2
chemerin,2
mocart,2
isovaleric,2
dairies,2
peabody,2
mpsbeeg,2
mpdbeeg,2
ghp,2
interrogated,2
decompressed,2
pcpt,2
vomitus,2
nonsusceptible,2
headedness,2
hyperhomocysteinemic,2
embryoscope,2
ncss,2
nanohydroxyapatite,2
outweighed,2
balding,2
lsrs,2
prolo,2
untying,2
gluco,2
prandially,2
terminals,2
acceptably,2
thermoablation,2
postablation,2
aerolizer,2
miloa,2
neuraxial,2
cryoanalgesia,2
pmean,2
fluox,2
legume,2
pepfar,2
socioeconomics,2
moran,2
mabgel,2
exponentially,2
nbrs,2
madcs,2
taipei,2
attracting,2
mpumalanga,2
webpage,2
differentials,2
atraumatically,2
aminolaevulinic,2
minimat,2
liaquat,2
coaxial,2
cde,2
homologue,2
saeyan,2
vidams,2
kinesiologic,2
midface,2
merz,2
postauricular,2
tsgs,2
parsimonious,2
transportability,2
nesting,2
neocollagenesis,2
cardioembolic,2
regimented,2
connector,2
sillness,2
coherently,2
jieduhuayu,2
diffraction,2
coworker,2
radiesse,2
nti,2
sfp,2
gpe,2
mao,2
medialization,2
photosensitivity,2
gif,2
catalyn,2
fussy,2
dyskinesias,2
thermistors,2
cultivate,2
severance,2
connectors,2
uch,2
annoying,2
infinium,2
licochalcone,2
deliberative,2
unconsciously,2
logb,2
cfrd,2
swls,2
ggtp,2
pulmonology,2
hepatotoxic,2
inspectorate,2
deadline,2
mullen,2
hpvs,2
crowdsourced,2
headway,2
shizuoka,2
mtbimva,2
chunking,2
egesor,2
undermines,2
implementers,2
gmfcs,2
sdisos,2
dhos,2
gazing,2
additions,2
ferriman,2
gallwey,2
mfg,2
quic,2
epicondyle,2
hypercalcaemia,2
logreg,2
orchidopexy,2
intersects,2
uhmwpe,2
orbits,2
rhs,2
nutrirea,2
xuezhikang,2
ghanaian,2
macroglobulin,2
acanthosis,2
nigricans,2
skillful,2
akinaesia,2
kanon,2
kaizen,2
workability,2
commensal,2
dysthymic,2
unsatisfied,2
permanence,2
aliso,2
viejo,2
multifocals,2
gina,2
freedman,2
prebronchodilator,2
anus,2
polysensitized,2
stereophotographs,2
backscatter,2
mdsc,2
notx,2
pmps,2
rmps,2
rmp,2
lullaby,2
stst,2
stso,2
nmba,2
rhine,2
westphalia,2
eigenstndig,2
werden,2
internalising,2
externalising,2
hexacetonide,2
spatially,2
grossly,2
neuroretinal,2
facilitative,2
beth,2
debq,2
contentious,2
bioelectrical,2
sonographer,2
lifters,2
bremen,2
conceptional,2
characterizes,2
reconstituted,2
qigui,2
qyd,2
pdbcs,2
euroquol,2
auvergne,2
kmc,2
lth,2
neurotoxin,2
cfgs,2
orals,2
gauss,2
elbows,2
oif,2
traveled,2
circles,2
postprogram,2
fmma,2
hinders,2
proteolytic,2
dmps,2
dilatations,2
podophyllin,2
fischer,2
viscoelastic,2
dihydroxy,2
bkca,2
chemistries,2
diva,2
categoric,2
playgroups,2
restful,2
hymen,2
petco,2
quasiexperimental,2
osseo,2
dentsply,2
porcelain,2
bacitracin,2
vials,2
hmr,2
pfi,2
ciii,2
signicant,2
titax,2
sponsors,2
obliquely,2
ebservation,2
unflavored,2
agachan,2
subcapsular,2
decoupled,2
commonplace,2
intrapulmonary,2
ils,2
ssz,2
nett,2
distractibility,2
hiding,2
toys,2
densely,2
synflorix,2
covariances,2
oto,2
ototoxicity,2
bccs,2
registrational,2
bhiv,2
ucsd,2
postcontrast,2
nonhepatitis,2
acoustical,2
ketoglutarate,2
binges,2
bloom,2
lactalbumin,2
nonvertebral,2
pumping,2
magnetoencephalography,2
wavelet,2
cisc,2
nthi,2
refixating,2
polyglactin,2
reattachment,2
inlet,2
stating,2
salutogenic,2
adiposities,2
nonchronic,2
logcec,2
plga,2
misses,2
intercepts,2
adenine,2
changzheng,2
cartilaginous,2
antifebrile,2
scls,2
newton,2
neurofibrillary,2
icterometer,2
acidaemia,2
adipokine,2
ageflow,2
karger,2
cirs,2
cardioplegic,2
crossclamp,2
agefmid,2
dreaded,2
harder,2
routing,2
microphones,2
cros,2
folding,2
epidermis,2
shafts,2
echocardiographers,2
hyperopic,2
hollow,2
rapidarc,2
immunoregulatory,2
rvd,2
hypotrophy,2
intergenerational,2
soman,2
nondipper,2
proband,2
forecasting,2
dcnva,2
qols,2
airpot,2
agrmin,2
recovers,2
monozygotic,2
dizygotic,2
electrostimulated,2
som,2
guests,2
uld,2
tuohy,2
alto,2
unaids,2
acepp,2
superoinferior,2
dcct,2
edic,2
suleyman,2
demirel,2
obesogenicity,2
unnatural,2
pedobarographic,2
hypoperfused,2
significances,2
oft,2
che,2
rasht,2
remeasured,2
decu,2
nolatrexed,2
deltamethrin,2
accoast,2
mgfemnp,2
zodiac,2
gastroenteric,2
reconvalescents,2
sbbcs,2
optimises,2
overburdened,2
sociological,2
ligue,2
mcmonnies,2
htlv,2
coal,2
oleate,2
microangiopathy,2
lymphodepleting,2
til,2
aldesleukin,2
borderzones,2
relayed,2
contre,2
varicosities,2
kilifi,2
nonpermanent,2
sporozoites,2
restimulation,2
sages,2
qudexy,2
bmsc,2
osteosarcoma,2
trieger,2
approve,2
mattis,2
agreeable,2
unattainable,2
beep,2
walkway,2
sniffin,2
dsmb,2
bottled,2
qmvc,2
mtcsa,2
iswd,2
neurotech,2
quietly,2
pais,2
dqol,2
postmedication,2
countering,2
eicosapentanoic,2
amdrd,2
arcd,2
plicar,2
glomerulopathies,2
tumorigenesis,2
zingiber,2
officinale,2
papule,2
acronym,2
kruskall,2
anaerobes,2
neurolysis,2
hydrodistention,2
ilizarov,2
dysmorphism,2
bakeries,2
provokes,2
mersilene,2
cots,2
preblock,2
postblock,2
rtsd,2
piper,2
necstage,2
downsides,2
imposing,2
vlr,2
nessca,2
slowdown,2
exploitation,2
necrotising,2
alfred,2
enrolments,2
waixiyan,2
rounding,2
partake,2
preputial,2
neoangiogenesis,2
neomyogenesis,2
akinetic,2
nontreated,2
haemolytica,2
euthanized,2
necropsy,2
dwight,2
claustrophobic,2
lightness,2
fbm,2
reassessments,2
tensions,2
carepartner,2
velindex,2
fvii,2
purethal,2
oncol,2
uclh,2
heelstrike,2
fore,2
unplugged,2
intercollegiate,2
expiration,2
bbat,2
oppi,2
optimistic,2
daikenchuto,2
eject,2
happier,2
entirety,2
adherences,2
toulouse,2
determinate,2
safetac,2
pseudocellulitic,2
carboxyterminal,2
qst,2
regionalize,2
interhospital,2
risras,2
perimenopause,2
nht,2
hypocalcaemia,2
tui,2
bulkamid,2
favorite,2
nihl,2
mogi,2
cruzes,2
enterica,2
serovar,2
nonsupplemented,2
atec,2
hca,2
kcs,2
taster,2
resusci,2
anne,2
lifeguards,2
bwlt,2
thk,2
sanandaj,2
multisomatoform,2
spiking,2
deqas,2
pcort,2
ucort,2
septicemia,2
hpas,2
capillarization,2
housekeepers,2
quaternary,2
permissiveness,2
overdrive,2
sieving,2
networked,2
infantry,2
pko,2
neurapraxia,2
periampullary,2
myotubes,2
nonresolving,2
flaws,2
errorful,2
cgb,2
cardiorenal,2
converts,2
normalises,2
paldo,2
ualdo,2
hyperinsulinaemia,2
acetyltransferase,2
acetylators,2
sensibly,2
dissimilar,2
mitogenic,2
jun,2
financed,2
mcano,2
workout,2
sbmbds,2
disinfectant,2
ninm,2
disulfide,2
pefsal,2
pefmon,2
hei,2
childless,2
obelyn,2
lettuce,2
manometric,2
ege,2
izmir,2
fingertips,2
normetanephrine,2
gluconeogenesis,2
carbonic,2
anhydrase,2
sdw,2
behet,2
hradec,2
krlov,2
acipimox,2
drenching,2
bft,2
osmolal,2
sensitively,2
footprint,2
lhs,2
pid,2
dentate,2
surrogacy,2
hastening,2
angiographies,2
practicalities,2
jsn,2
bronchus,2
pneumonectomies,2
lipidemic,2
lonely,2
adductus,2
sincere,2
sym,2
sbts,2
polycythaemia,2
vamcs,2
ivls,2
holladay,2
cravy,2
koch,2
culturing,2
subsampling,2
rtflx,2
thera,2
cardia,2
cephalosporins,2
llg,2
evaporation,2
lebanese,2
pals,2
hypofibrinogenemia,2
acroparalysis,2
pseudintermedius,2
extenuating,2
tamulus,2
cipra,2
soweto,2
locks,2
nurturing,2
chiropractors,2
rsbi,2
postanoxic,2
hedgehog,2
nonimpregnated,2
pbmcss,2
aircrew,2
ltflx,2
naomi,2
protean,2
cloze,2
sensibility,2
ster,2
suppressant,2
tritiated,2
fictitious,2
perinatology,2
manpower,2
intracutaneous,2
colleges,2
sophomores,2
soliciting,2
expressible,2
endostapler,2
withstand,2
plants,2
cpla,2
spines,2
devon,2
euphrates,2
theragnostic,2
antiandrogen,2
administrator,2
buffalo,2
deviants,2
transcutaneously,2
amplifies,2
forgotten,2
ffe,2
carcass,2
osaka,2
turgor,2
domp,2
thiazides,2
tsv,2
stria,2
terminalis,2
nonpsoriatic,2
blameworthy,2
labrum,2
labral,2
slaughter,2
scrubbing,2
diluting,2
mecillinam,2
exosomes,2
sprout,2
bergamot,2
eudractnr,2
augib,2
pericoital,2
fostered,2
viq,2
pkd,2
glide,2
thoraco,2
ixa,2
anivamersen,2
trichometer,2
intercondylar,2
egwg,2
onkologie,2
discriminations,2
hemorrhaging,2
sewing,2
tcb,2
benzoylecgonine,2
nonabstinent,2
polymorphonuclear,2
presitting,2
kumasi,2
midway,2
tfas,2
peq,2
nonradicular,2
gemtuzumab,2
ozogamicin,2
temephos,2
maradona,2
unavoidable,2
ambulating,2
desufflation,2
sachs,2
teratogenicity,2
postremission,2
evasion,2
cleaved,2
clhk,2
regionally,2
tower,2
realizing,2
afference,2
sleeppro,2
apcs,2
jackknife,2
managua,2
vomitting,2
mechanochemical,2
guerrero,2
captivity,2
rhodiola,2
wakeful,2
subhypnotic,2
mroi,2
npif,2
invaginated,2
beginners,2
laden,2
subcortex,2
moodcare,2
dingzhongxian,2
dingnieqianxiexian,2
dingniehouxiexian,2
flotrac,2
videolaparoscopic,2
gpis,2
tongli,2
rehaemorrhagia,2
edlos,2
coss,2
gynekologicko,2
porodnick,2
klinika,2
devided,2
meshwork,2
pseudoexfoliation,2
reflections,2
insufflator,2
anesthesiological,2
announced,2
sympathovagal,2
costed,2
saves,2
deambulation,2
cyclosporin,2
coast,2
trophoblast,2
exceptionally,2
microdermabrasion,2
topicals,2
spectrophotometer,2
endotheliitis,2
scpt,2
aberrometric,2
corollary,2
sbses,2
igfi,2
franchising,2
antagonizes,2
unobtrusively,2
ccrs,2
coarseness,2
magda,2
postvoiding,2
dsct,2
attenuations,2
hives,2
phenotypically,2
aneuploidy,2
neurx,2
dmec,2
hfn,2
retrain,2
vbac,2
trimesters,2
hypothyroxinemic,2
crucifix,2
stomachs,2
simbiotic,2
sarcoplasmic,2
pems,2
vaporizer,2
fides,2
rvg,2
regenesis,2
thrombo,2
jensen,2
heartsaver,2
seamless,2
asta,2
orifices,2
ohdg,2
lipodystrophy,2
mcdermid,2
cameroonian,2
jena,2
contralaterally,2
tmssub,2
tmssham,2
prolotherapy,2
envatinib,2
depresses,2
colored,2
zygote,2
dunedin,2
vasoregulators,2
characters,2
evans,2
lume,2
capnograph,2
polynucleotides,2
kalium,2
mercurius,2
poststenting,2
wsa,2
adherents,2
tmssyn,2
bmmcs,2
areolar,2
carboxylate,2
valvuloplasty,2
powerless,2
bmtctn,2
pstms,2
makwanpur,2
dhanusha,2
opu,2
chronification,2
occurance,2
mfcv,2
reintensification,2
ictrp,2
cordioprev,2
underprescribed,2
overprescribed,2
discovering,2
bowels,2
methylnicotinamide,2
diverticulosis,2
ultrafest,2
graduation,2
pmas,2
fridays,2
dysesthesia,2
artscan,2
isomer,2
misago,2
vegan,2
dailies,2
zilver,2
enriching,2
osirix,2
fitts,2
enforce,2
hydroxydeoxy,2
glycometabolism,2
restraining,2
prohibiting,2
erythrocytapheresis,2
lipovenoes,2
adana,2
bronchoscopist,2
camel,2
alloimmune,2
alloreactive,2
pseudarthrosis,2
intrafascial,2
enfilcon,2
calices,2
alkali,2
tomographies,2
enrichments,2
thioguanine,2
lymphoblastoid,2
thiopurines,2
lmth,2
wintertime,2
wmg,2
groupii,2
nonocular,2
velocimetry,2
calculable,2
lita,2
popart,2
diodes,2
arterialized,2
choroid,2
msg,2
halls,2
polyherbal,2
terrible,2
cycloergometer,2
jda,2
vfi,2
subendometrium,2
apac,2
ethic,2
hierarchy,2
endopredict,2
conceal,2
forget,2
ballet,2
ksd,2
granda,2
ospedale,2
maggiore,2
apms,2
thalamocortical,2
wernicke,2
anomic,2
abdicate,2
downsized,2
stevens,2
nhlbi,2
nccl,2
ambar,2
ios,2
sedoanalgesia,2
immed,2
isat,2
tipss,2
folates,2
biotransformed,2
hibcv,2
tibet,2
scrape,2
imd,2
pancreaticobiliary,2
unsatisfying,2
scintigraphies,2
uncircumcised,2
tocotrienol,2
semisynthetic,2
bfs,2
soiling,2
qmri,2
jsw,2
ansi,2
convince,2
nucleotides,2
totality,2
annexin,2
plasmid,2
pancreaticogastrostomy,2
barker,2
iquitos,2
amazon,2
categorize,2
deformations,2
aminolevulinate,2
suprachiasmatic,2
fxa,2
ecarin,2
benchmarked,2
lga,2
nongenomic,2
puncturing,2
blues,2
astragalus,2
proctectomy,2
facts,2
fluoro,2
ivrs,2
estates,2
scanty,2
photopolymerized,2
folliculitis,2
erythematotelangiectatic,2
nidek,2
carpel,2
bctq,2
nicks,2
fragme,2
antiaging,2
vaporisation,2
fopps,2
msquit,2
buying,2
sweep,2
rescheduled,2
permutations,2
subforms,2
auspices,2
nonpsychiatric,2
counterintuitive,2
imperial,2
quinnell,2
inoculations,2
lmm,2
calibrate,2
cartridge,2
scenes,2
performer,2
hydroalcohol,2
bpfs,2
islt,2
antimuscarinic,2
pranayama,2
centralization,2
columnar,2
interna,2
proact,2
bileaflet,2
encephalofluctuograph,2
rightdlpfc,2
leftdlpfc,2
probrain,2
periodontist,2
tomograph,2
frederick,2
mikelberg,2
optivol,2
cer,2
acetone,2
marp,2
reoptimized,2
lloq,2
ultrasensitive,2
glycomacropeptide,2
iothalamate,2
mmdt,2
ffst,2
circ,2
interv,2
khorramabad,2
tind,2
nakhon,2
reps,2
dormitories,2
redemption,2
gavage,2
algal,2
danhong,2
biomembranes,2
captains,2
swapped,2
pras,2
amds,2
tenolysis,2
antineoplastic,2
inpact,2
mailings,2
sphericity,2
clicking,2
whc,2
amonafide,2
polytetrafluorethylene,2
captain,2
tlvs,2
phytotherapeutic,2
ehbd,2
travelled,2
pint,2
mason,2
ignoring,2
enthesis,2
amphirion,2
khulna,2
hamis,2
poet,2
alu,2
arthrosis,2
unimportant,2
plausibility,2
tlco,2
bawei,2
xilei,2
ehp,2
cationorm,2
ghosting,2
sgrs,2
cgrs,2
clonus,2
burke,2
fahn,2
exterior,2
residences,2
bijsterveld,2
addiqol,2
khayelitsha,2
verbalized,2
eucaloric,2
spices,2
reopened,2
ebw,2
oozing,2
tesd,2
meibopatch,2
interferometry,2
hypervolemia,2
bans,2
prizes,2
tongluo,2
multiplicative,2
radiotracers,2
shi,2
fumigation,2
propagated,2
exemestan,2
ysr,2
astrogliosis,2
prestroke,2
atleast,2
lesbian,2
aria,2
persistency,2
laparoscopists,2
neurogenetic,2
deafened,2
clopper,2
extrapolate,2
multitalker,2
babble,2
convex,2
dewormed,2
punicalagin,2
qtof,2
isourolithin,2
spsq,2
misused,2
grahf,2
hrpeak,2
vepeak,2
keratometer,2
smokes,2
multiplexed,2
footbath,2
catalonia,2
sishen,2
tvem,2
postquit,2
comfilcon,2
qickd,2
stereoisomer,2
johor,2
intermixed,2
bzr,2
jiangxi,2
continual,2
acustimulation,2
camps,2
strawberry,2
ipw,2
seer,2
deviance,2
dic,2
markably,2
mpdss,2
ntdt,2
thalassa,2
qave,2
mirrors,2
deter,2
pathlength,2
solidify,2
meningococcus,2
auraonce,2
suprme,2
monocentre,2
scavenge,2
substantivity,2
dra,2
anticoccidial,2
templating,2
urbanization,2
foeniculum,2
tenella,2
effectivity,2
chol,2
starter,2
acumed,2
hyperprolactinemia,2
kunlun,2
aconiti,2
sdha,2
unva,2
panam,2
abrs,2
hypofrontality,2
sclerocorneal,2
consumables,2
methylthf,2
xinafoate,2
helpline,2
funny,2
tnsms,2
pimds,2
steeply,2
transcendence,2
retinoic,2
rort,2
microv,2
sna,2
findrisc,2
glicemia,2
profibrotic,2
actionable,2
wesley,2
leaning,2
remoxtb,2
hardening,2
attentiveness,2
durotomy,2
blunting,2
transmyocardial,2
robotically,2
flanks,2
ienfd,2
macroeconomic,2
whistler,2
literally,2
incontinency,2
intercalated,2
sorensen,2
pneumoperitioneum,2
deception,2
migrate,2
endosseous,2
isrs,2
nlom,2
charted,2
panasonic,2
interdialytic,2
notify,2
postherniorrhaphy,2
aggregating,2
endproducts,2
pmecs,2
preoperation,2
thermodynamic,2
antebrachium,2
npwt,2
defensin,2
seyle,2
redesigning,2
complementation,2
listeria,2
underdeveloped,2
torino,2
pleurectomy,2
qpr,2
gatekeeper,2
profscreen,2
rali,2
dhf,2
lvedp,2
publish,2
ezono,2
gamblers,2
readouts,2
ppara,2
pucker,2
unlocked,2
fading,2
clicks,2
tgls,2
lithographic,2
tacks,2
infirmity,2
resisted,2
doogh,2
prekindergarten,2
postbiotic,2
cancrologie,2
hcs,2
stewardship,2
kanamycin,2
rev,2
multifarious,2
compilation,2
deliberately,2
qps,2
uncover,2
vaporization,2
unidimensionality,2
monotonicity,2
tomo,2
honesty,2
exopolysaccharides,2
unicancer,2
histochemical,2
francophone,2
rendering,2
extraordinary,2
depletingglucose,2
mcd,2
centrifuged,2
hypercalcuria,2
nephrocalcinosis,2
campbell,2
representativeness,2
gulf,2
resectional,2
coalition,2
renarrowing,2
carbachol,2
dros,2
preschooler,2
nutrisen,2
nonremission,2
subcategories,2
supraphysiologic,2
netupitant,2
measureable,2
mcv,2
malperfusion,2
mphbv,2
folinate,2
axonotmesis,2
neurotmesis,2
landings,2
agrimonia,2
lipopolysaccharides,2
cdrd,2
intrafamilial,2
mactar,2
hybridisation,2
sinai,2
retracted,2
cysteinyl,2
harnesses,2
premanifest,2
croatia,2
predilution,2
punjab,2
cyclean,2
antiphospholipid,2
zostavax,2
preteen,2
incapacitated,2
subfertility,2
steered,2
transglutaminase,2
sessile,2
yago,2
multicountry,2
autogel,2
ttlus,2
undercorrected,2
overcorrected,2
geparquinto,2
strly,2
pastes,2
backfill,2
eimd,2
khon,2
kaen,2
arteriograms,2
accompanies,2
spindles,2
ddis,2
ascribed,2
arranging,2
posturographic,2
enacted,2
weeping,2
motive,2
ethylchenodeoxycholic,2
breakpoints,2
aggressiveness,2
superinfections,2
kabul,2
polyacrylate,2
indifferent,2
streamline,2
peduncles,2
lithuania,2
hjortswang,2
galacto,2
cheetah,2
antidementia,2
dtrps,2
prelude,2
postsession,2
themean,2
fractal,2
sinoatrial,2
firing,2
antimony,2
ndma,2
enterocyte,2
charitable,2
digestibility,2
hypnotizability,2
csdd,2
neb,2
pustulosis,2
publishing,2
ekg,2
stricter,2
reinfarctions,2
aemps,2
neurochemical,2
thorascopic,2
nonsweet,2
pulsing,2
hyperplasias,2
metabolizing,2
dehydroascorbate,2
rhani,2
gametocytaemic,2
translations,2
nike,2
edits,2
isu,2
transforms,2
pharmacoresponse,2
gapg,2
unsupplemented,2
dihydro,2
supraciliary,2
transcend,2
hemophilus,2
nondialysis,2
incapable,2
cssri,2
theorized,2
chordomas,2
cleopatra,2
multitude,2
urotherapist,2
laundry,2
medianiqr,2
lpo,2
osteolyses,2
gardner,2
destructed,2
pdgf,2
rumex,2
occidentalis,2
polysomnographically,2
pratenonline,2
nephron,2
cdn,2
filtrate,2
hyperphosphataemia,2
shhs,2
dialbest,2
invaluable,2
nonventilated,2
phenols,2
orac,2
blanchard,2
mrcs,2
entrapment,2
admitting,2
recuperation,2
hypoalbuminemic,2
tpg,2
expectative,2
flc,2
myokines,2
precondition,2
bowls,2
hippocampi,2
topo,2
workable,2
ulna,2
pelleted,2
totals,2
lateralization,2
nontargeted,2
oai,2
bilberries,2
pcorr,2
scaffolding,2
regressors,2
analgetic,2
mhgpin,2
pcu,2
ncslc,2
feast,2
genuine,2
lwb,2
dysglycemic,2
hyperglycaemic,2
coagulans,2
colinox,2
autogen,2
homogenized,2
tnfr,2
historic,2
overstimulation,2
irgl,2
overseen,2
liveliness,2
lcp,2
pseudoarthrosis,2
pedigree,2
distensions,2
pfwe,2
pedigrees,2
zanzibar,2
eckardt,2
dually,2
adopts,2
hyangaa,2
pyeongwi,2
steen,2
likeable,2
uncontrollability,2
prognosticate,2
oocyst,2
oocysts,2
conferencing,2
aucpp,2
antiinterleukin,2
reagents,2
risking,2
bruton,2
bauchi,2
postseptoplasty,2
trichogram,2
rechallenged,2
tsf,2
acyltransferase,2
periosteal,2
semilunar,2
dan,2
dimensionality,2
extant,2
shangqu,2
macrosomic,2
rmenb,2
yongquan,2
yamen,2
vpd,2
undamaged,2
prifle,2
wcm,2
viremias,2
typification,2
hemopneumothorax,2
cof,2
gmf,2
vibrio,2
emulsified,2
phga,2
postinflammatory,2
pigmentary,2
ellipse,2
quitter,2
hyperosmotic,2
concussive,2
shooting,2
pacman,2
laryngology,2
subgrouped,2
stuffy,2
hemogram,2
preenrollment,2
complimentary,2
isovolemic,2
tmpg,2
androstane,2
diol,2
bioavailabilities,2
vped,2
ultramarathons,2
unidentified,2
monochorionicity,2
lymphotoxin,2
materially,2
contusion,2
wrs,2
dermatomes,2
fcu,2
ultravision,2
paused,2
dworak,2
combinatorial,2
cies,2
harefield,2
vitamink,2
fade,2
elderlies,2
flavus,2
motifs,2
hiring,2
avascular,2
nonathletes,2
septated,2
acupuncturing,2
underwater,2
dementias,2
ranova,2
transversely,2
gld,2
ndsi,2
qiao,2
nuevo,2
amanecer,2
spotting,2
logbooks,2
overwhelmed,2
proteinkg,2
hippophae,2
rhamnoides,2
badriphal,2
oliguria,2
conct,2
paracervical,2
keloid,2
primus,2
drger,2
exchanger,2
pall,2
phosphotidylinositol,2
glues,2
distalization,2
denuded,2
nonpurging,2
resembled,2
gcps,2
seguro,2
mistrust,2
litigation,2
strings,2
convents,2
edi,2
tremendously,2
thyrotropin,2
hypercholesterolaemic,2
lithoclast,2
magnifies,2
bravo,2
mechanistically,2
renoprotection,2
isotime,2
deprenyl,2
datatop,2
dow,2
nonhospice,2
antialbuminuric,2
shellfish,2
navarra,2
bipedicle,2
acanthamoeba,2
descemetocele,2
hanover,2
connor,2
thyromimetic,2
jiexi,2
baropodometric,2
prestress,2
hyperpnea,2
utr,2
halting,2
ptaf,2
filipino,2
condyles,2
gelfoam,2
hypotrichosis,2
gea,2
persephin,2
statcope,2
payers,2
gloved,2
spasmolytic,2
jefferson,2
jse,2
miami,2
transformative,2
nesgas,2
foundations,2
femoro,2
diuresed,2
prostitis,2
ventilations,2
cnsr,2
idm,2
ssqol,2
dyskinetic,2
ostectomy,2
toughness,2
aggravates,2
mmvd,2
siesta,2
colonoscopists,2
cleansings,2
nonarteritic,2
nam,2
diminishment,2
jaundiced,2
latently,2
ltbi,2
statens,2
mau,2
ganglions,2
eot,2
estrone,2
popularized,2
intramyocellular,2
extramyocellular,2
fujie,2
carboxyglutamate,2
astronomer,2
mineralization,2
ambitious,2
flashing,2
endangers,2
nystagmic,2
briefest,2
dispersing,2
mws,2
crosslaps,2
prop,2
ibn,2
mbmi,2
preanalytical,2
isotopically,2
methanol,2
threes,2
outweighs,2
ciwa,2
sadoughi,2
blends,2
ipod,2
myomatous,2
killip,2
postconsent,2
metaphyseal,2
wessel,2
carcinogen,2
unprompted,2
geo,2
dribbling,2
preminent,2
verses,2
mammosphere,2
nursemaid,2
johns,2
deodorants,2
outperforms,2
prohibitive,2
wsp,2
haemorrhoidopexy,2
proctocolectomy,2
delbrueckii,2
bifidus,2
deg,2
peiu,2
gansu,2
crtcetuximab,2
toby,2
asphyxial,2
fleshy,2
unidimensional,2
genitalia,2
girl,2
plica,2
thrombopoietin,2
pcicu,2
lingquan,2
reiterating,2
metastasized,2
empowered,2
sentenced,2
tacni,2
buildups,2
maine,2
protections,2
abolishes,2
downsizing,2
century,2
liposomes,2
midprogram,2
procurement,2
interferons,2
ullensaker,2
fatalities,2
lactamase,2
lactamases,2
ingress,2
asca,2
hypernatremia,2
thrombomodulin,2
rtipe,2
avh,2
directness,2
pancytopenia,2
transoesophageal,2
starches,2
apam,2
cavotricuspid,2
autorefractor,2
ablating,2
assures,2
reparative,2
pink,2
retinoids,2
fftf,2
krebshilfe,2
bicentric,2
forums,2
patents,2
reykjavik,2
talked,2
understandings,2
formalised,2
troubleshoot,2
aortopopliteal,2
outsert,2
subdistrict,2
vhvs,2
kilometers,2
collision,2
picnic,2
technologist,2
reproducibly,2
bzds,2
vellore,2
manikins,2
hangeshashinto,2
kampo,2
iolmaster,2
hypoferremic,2
tivad,2
purpuric,2
mdg,2
hir,2
sysdiet,2
supraorbital,2
temperament,2
grove,2
sealer,2
drastic,2
iadls,2
morse,2
antirotavirus,2
interactively,2
bucharest,2
mtnbc,2
dihydrate,2
dical,2
judges,2
myofibroblasts,2
coordinately,2
polymerization,2
buccinators,2
nasalis,2
riley,2
ote,2
defines,2
oralis,2
singlet,2
relaxivity,2
cvemp,2
ovemps,2
aicuris,2
alexandroupolis,2
turbt,2
wra,2
cancerization,2
lecturing,2
flattest,2
ktag,2
neozotac,2
clavulanic,2
ume,2
bso,2
multiday,2
cairns,2
opens,2
immunoblotting,2
pyoderma,2
gangrenosum,2
sensodyne,2
pronamel,2
fars,2
diverting,2
preconditions,2
splenocytes,2
esthesiometer,2
vero,2
obturated,2
condensation,2
grammar,2
verbs,2
hamper,2
hepatocytes,2
immunocytes,2
remineralisation,2
schmitt,2
hyperlipasemia,2
prevertebral,2
bazaz,2
adamaoua,2
intratidal,2
vthit,2
microkeratome,2
goods,2
grammatical,2
indubation,2
occulocardiac,2
centrifugation,2
kalon,2
negatives,2
dmd,2
phloretin,2
szczecin,2
mekong,2
eurtac,2
microdissection,2
customizing,2
mousse,2
retransplant,2
adhesional,2
packaged,2
unimpaired,2
puva,2
reaeration,2
vtnondep,2
vtdep,2
krk,2
glycerophosphate,2
ttscc,2
ttctc,2
tabulated,2
hedges,2
cannulated,2
photothera,2
zkpq,2
exhalation,2
varicocelectomy,2
textural,2
napkin,2
spotty,2
tim,2
posttesting,2
distorting,2
rcth,2
retransfused,2
nonacademic,2
cxcl,2
ybocs,2
babs,2
biqli,2
fortasyn,2
wpt,2
ftt,2
dakota,2
spatio,2
existential,2
slighter,2
octane,2
walla,2
pretesting,2
threw,2
beanbag,2
golden,2
vsomax,2
eelv,2
simplifying,2
catching,2
candela,2
visualisation,2
malm,2
parturient,2
kayunga,2
emitter,2
gestures,2
extraneous,2
lln,2
egfrcys,2
stratis,2
pharmajet,2
photons,2
tablespoons,2
synthesise,2
lan,2
vallecula,2
deflection,2
keratocytes,2
polymegathism,2
hexagonality,2
aligning,2
processors,2
hypotonia,2
seds,2
gaalas,2
ure,2
colicky,2
wira,2
dipstick,2
dampens,2
swallowed,2
apnoeic,2
ivas,2
pfmtgroup,2
onions,2
lvdp,2
odorless,2
hbsab,2
vasorum,2
fpst,2
ifirs,2
gags,2
khaq,2
ercps,2
bna,2
dyskaryosis,2
reassured,2
roma,2
colorimetry,2
dzd,2
surefil,2
aenial,2
guf,2
kinder,2
tipit,2
tractography,2
rgb,2
nonphysician,2
photoprovocation,2
labouring,2
labours,2
imidazopyridines,2
stalking,2
atpiii,2
kkw,2
nonprogressing,2
multispecialty,2
notifying,2
sadq,2
avaperl,2
verse,2
precautionary,2
tourniquets,2
tangential,2
psrc,2
ssds,2
fructo,2
ripcprop,2
controlprop,2
aortoiliac,2
photodermatosis,2
photoprotection,2
arsenide,2
ltcmo,2
install,2
hila,2
lute,2
oligometastatic,2
playgroup,2
nonbifurcation,2
aires,2
booi,2
cheeks,2
umbilicus,2
xiphoid,2
anorexic,2
imperfecta,2
nfd,2
remembering,2
mmass,2
sige,2
trialed,2
lipophilin,2
neurobehavioural,2
nfi,2
hbr,2
fleeting,2
adeno,2
sympathoadrenal,2
syndecan,2
hyperfibrinolysis,2
buenos,2
desensitizer,2
imip,2
dacryostenosis,2
postprocess,2
webinars,2
burs,2
lipogenesis,2
erythropoietic,2
protoporphyria,2
unworn,2
multistranded,2
cvlt,2
overwhelmingly,2
orthodontists,2
establishments,2
periodontium,2
faox,2
polyglycolide,2
vicryle,2
barratt,2
daiichi,2
sankyo,2
purportedly,2
curcuminoids,2
cellulosic,2
gasserian,2
diplegic,2
geranylgeranylacetone,2
bibf,2
transdiaphragmatic,2
thermocoagulation,2
hyperphenylalaninemia,2
cath,2
silbroncho,2
scent,2
transcanalicular,2
epiphora,2
lumbrokinase,2
tainui,2
portec,2
palpability,2
stipulated,2
strs,2
fermentative,2
lipidomic,2
gallic,2
rocs,2
coincidentally,2
uav,2
rapport,2
rapeseed,2
crossbred,2
sizable,2
chromogranin,2
him,2
tlymphocyte,2
ldfg,2
opeak,2
vecd,2
deswelling,2
registrar,2
elmex,2
interpolation,2
phantoms,2
password,2
reacting,2
entheses,2
placentation,2
replay,2
ishlt,2
calcemic,2
ether,2
synchronizer,2
normocalcemic,2
surport,2
aggregant,2
jig,2
uncompromised,2
nominations,2
octet,2
compulsion,2
polyclinic,2
istanbul,2
npe,2
lcx,2
bpar,2
dwk,2
eeex,2
waldmann,2
precipitate,2
heterosubtypic,2
fsu,2
defervescence,2
tricyclic,2
fruitful,2
sixteenth,2
pterygopalatine,2
mdiff,2
coinfusion,2
brevity,2
doubtful,2
abrasive,2
foodborne,2
distalized,2
nonexclusive,2
safeguard,2
bulbus,2
worldness,2
stichting,2
hinge,2
migrated,2
hitherto,2
presupplementation,2
withdrawed,2
subdomains,2
ghsh,2
variably,2
oddi,2
postconceptional,2
pension,2
jingwanhong,2
scald,2
gagp,2
brokers,2
appraising,2
ascertaining,2
predilatation,2
cqolc,2
aortas,2
tile,2
clabsis,2
cautis,2
clabsi,2
leukoaraiosis,2
priment,2
polyradiculoneuropathy,2
incat,2
dif,2
thrombocytopenic,2
carbohdyrate,2
distinctiveness,2
glitazones,2
steinberg,2
thermosensitive,2
mecklenburg,2
pomerania,2
defibrillate,2
defibrillated,2
unaffordable,2
assertion,2
dimeticone,2
disappearing,2
fonds,2
fate,2
sbr,2
nucleophosmin,2
unincorporated,2
stratus,2
hfmbs,2
commented,2
airg,2
chemolytic,2
recontact,2
interpregnancy,2
antiperistaltic,2
doors,2
opportunistically,2
elpenhaler,2
succedent,2
extralymphatic,2
abrogates,2
nonwords,2
vintage,2
anuria,2
dilate,2
glossectomy,2
mhfa,2
droperidolum,2
smfis,2
oesophago,2
fujinon,2
anxiolytics,2
pakt,2
pplat,2
gagging,2
thiocitrulline,2
qct,2
twigs,2
sdmt,2
methemoglobin,2
plasmaderm,2
visitrak,2
orphans,2
willis,2
echocg,2
nonparticipating,2
lcla,2
nawmv,2
gmv,2
neg,2
moralisation,2
carotenes,2
metabolize,2
tackling,2
shakes,2
interscale,2
hmms,2
csccm,2
antifungals,2
accessory,2
carboxylase,2
bisnorbiotin,2
acquaintances,2
retears,2
immoral,2
outfield,2
dingchuan,2
bailao,2
portland,2
immunocompromized,2
davinci,2
interocular,2
vicious,2
glss,2
underreporting,2
concha,2
graphs,2
amc,2
fqhc,2
coopdech,2
haptotherapy,2
leaked,2
primi,2
foregut,2
strep,2
palmitoyltransferase,2
sicker,2
metritis,2
cbo,2
nueva,2
finance,2
respite,2
corbrin,2
obstructed,2
vass,2
madigan,2
idec,2
bioimpedence,2
microfibrillar,2
overestimates,2
fibrining,2
lpbs,2
proglide,2
devise,2
corrosive,2
interlimb,2
detections,2
retards,2
rapidpoint,2
organoleptic,2
romanian,2
uhr,2
iono,2
gssg,2
qijie,2
dermatophytosis,2
festoon,2
fwb,2
nhmrc,2
dlv,2
springfield,2
multisector,2
trabeculoplasty,2
nonthickened,2
phytosterols,2
colostrum,2
interlobar,2
behalf,2
midstance,2
geared,2
xenografted,2
valencia,2
predosing,2
prayer,2
extrarenal,2
documentary,2
wallet,2
names,2
nitrosative,2
ballottement,2
nonperforated,2
assigns,2
parasomnias,2
qingdao,2
pegs,2
bit,2
cymba,2
cavum,2
conchae,2
cawthorne,2
cooksey,2
bosats,2
bern,2
dma,2
info,2
agriculture,2
misdiagnosis,2
vasonit,2
fsq,2
signifies,2
lunchtimes,2
multifactorially,2
fertile,2
anhidrosis,2
dlec,2
myosin,2
etts,2
borrelia,2
burgdorferi,2
migrans,2
posttonsillectomy,2
defer,2
madres,2
dsw,2
bradford,2
cephalexin,2
scintigraphically,2
gilbert,2
kbq,2
algeta,2
removals,2
nonrubric,2
digluconate,2
ppus,2
apais,2
plagiocephaly,2
brachycephaly,2
supplier,2
oacs,2
spence,2
erections,2
leukotrienes,2
neuroinflammation,2
splenium,2
medullary,2
dichloride,2
precentral,2
excitotoxicity,2
handovers,2
eviedence,2
clms,2
farman,2
weill,2
proteasome,2
confused,2
dextran,2
pachymeter,2
bimaxillary,2
vasectomy,2
nestorone,2
lecs,2
gms,2
nonstandard,2
indigestion,2
diogenes,2
nonfood,2
heightening,2
aruba,2
arteriole,2
hydroperoxides,2
petcryl,2
korogwe,2
monoinfection,2
venture,2
ssst,2
basally,2
dysrhythmia,2
gargle,2
entertainment,2
clm,2
supranuclear,2
rhinorrhoea,2
cyprinus,2
carpio,2
linoleate,2
sddv,2
opercular,2
inductively,2
ziploop,2
crosspin,2
unclassifiable,2
violet,2
telemark,2
thoroughbred,2
espoused,2
stigmatisation,2
loi,2
diminution,2
fukuoka,2
standardbred,2
natriuresis,2
methyladenosine,2
wired,2
shuaigu,2
qiuxu,2
prostanoid,2
hypocortisolism,2
abruptly,2
troubles,2
tppps,2
checkers,2
noac,2
signficantly,2
flavoring,2
undelivered,2
nomesco,2
intraparenchymal,2
crocus,2
sativus,2
bisected,2
costride,2
flomoxef,2
viva,2
rails,2
surfacing,2
endothoracic,2
supposition,2
prppt,2
cshs,2
ally,2
glenospheres,2
chromosomes,2
radiosensitising,2
tocolytic,2
glutaraldehyde,2
hema,2
yearlings,2
diagram,2
tympanites,2
medawachchiya,2
subsidies,2
occupants,2
subgenotypes,2
subgenotype,2
fgm,2
pyriform,2
unity,2
mahalo,2
unifocal,2
lights,2
hcw,2
quidel,2
adaptor,2
certificate,2
abandonment,2
cardiologic,2
fueled,2
pbvc,2
asherman,2
eurolive,2
retroviral,2
ludwig,2
baldness,2
hairs,2
humidifier,2
nonradiographic,2
carbamide,2
immunocompetent,2
relines,2
rider,2
bidding,2
tre,2
lfnorm,2
germinal,2
naip,2
cambodian,2
rations,2
untargeted,2
aravind,2
asparagine,2
binaxnow,2
mrts,2
nutritionist,2
pabak,2
perpetuate,2
mlminkg,2
overestimating,2
bolivian,2
humectants,2
harpoon,2
bht,2
pdn,2
primate,2
pegaspargase,2
succinimidyl,2
alignments,2
rtvue,2
tmds,2
wfts,2
curcuminoid,2
intrinsically,2
trichomonas,2
cbh,2
epma,2
qidong,2
unsealed,2
goat,2
cytometric,2
pathobiology,2
twelfth,2
tvus,2
optimex,2
pouder,2
appreciate,2
sighted,2
pony,2
blantyre,2
hypochondriasis,2
dlmo,2
onsets,2
scas,2
dehydro,2
abdomens,2
zuhlke,2
holders,2
intolerability,2
nanomoles,2
rheumatologic,2
pentastarch,2
suburbs,2
cole,2
holy,2
eprp,2
dase,2
extrasystoles,2
synergize,2
derogation,2
antidopaminergic,2
amisulpride,2
associating,2
rigshospitalet,2
encroaching,2
triangularis,2
ptr,2
loud,2
otoacoustic,2
nonhematological,2
trapped,2
univariately,2
interwoven,2
ecologies,2
annuloplasty,2
hypersecretion,2
mucopurulent,2
osteomeatal,2
hyposmia,2
trisomy,2
pcna,2
admire,2
interesterified,2
baer,2
concur,2
seq,2
intensifying,2
brody,2
educ,2
nutrison,2
shandong,2
lnhoma,2
notoriously,2
constitutive,2
hum,2
norfolk,2
vaspt,2
vasplast,2
endosteal,2
radiolucency,2
loculation,2
tubulation,2
stds,2
pillow,2
viami,2
remodel,2
autotransplant,2
linx,2
eguc,2
hephaistos,2
plastered,2
nonstructural,2
neiting,2
impetigo,2
retapamulin,2
remethylation,2
covalent,2
incipient,2
fosaprepitant,2
tatort,2
resonate,2
overcompensation,2
asbp,2
crete,2
leveraged,2
muul,2
climen,2
retreat,2
nonjudgmental,2
insular,2
untreatable,2
insupad,2
pear,2
mobilizing,2
npuap,2
epuap,2
hydrodistension,2
igdt,2
niosomal,2
ppdps,2
jeg,2
ogd,2
cytotrophoblasts,2
syrups,2
lst,2
repurposed,2
clofazimine,2
jianjing,2
antifolate,2
llitns,2
klinischer,2
studien,2
kth,2
rotem,2
aors,2
cipla,2
navicular,2
superovulation,2
syds,2
bfsh,2
mullerian,2
deutsches,2
loa,2
steeple,2
fondation,2
avex,2
oculography,2
tremulous,2
photoaged,2
atherothrombosis,2
mcf,2
acadesine,2
policaptil,2
shaking,2
swan,2
ganz,2
neuroradiological,2
islanders,2
rbr,2
depots,2
eir,2
insurers,2
iatrogenically,2
quadruped,2
missionary,2
fibrinolytics,2
aprotinin,2
sporogens,2
arbutin,2
penetrate,2
jadas,2
microcalcifications,2
vccr,2
operationalized,2
lscm,2
redress,2
osmidrosis,2
bins,2
bmss,2
postdilated,2
otalgia,2
sequent,2
minstop,2
explant,2
hyperphagic,2
nold,2
awm,2
scholars,2
ventriculitis,2
vereniging,2
metachronous,2
outlast,2
metaplasticity,2
constituting,2
cardiocirculatory,2
kyoto,2
enterobacter,2
echopac,2
gown,2
terisa,2
hotv,2
ethanolic,2
cytobrush,2
refluxate,2
ucfs,2
sugarcane,2
grooved,2
prostatae,2
poorest,2
vendor,2
abell,2
swellings,2
focussing,2
organizing,2
steroidogenesis,2
pepsinogen,2
flagella,2
arresting,2
synergetic,2
atony,2
bifactor,2
consistencies,2
agps,2
obliged,2
stiftung,2
ecologically,2
dorsally,2
coxa,2
revolutionize,2
stakes,2
rpabaseline,2
quantifiably,2
nedocromil,2
tunica,2
psy,2
maximising,2
cfps,2
roast,2
mannan,2
ldi,2
obstetrician,2
respecively,2
heptadecanoic,2
overlays,2
negate,2
ijvvol,2
crmr,2
reactogenic,2
advocates,2
perilesional,2
softgels,2
neoangiogenetic,2
ovariohysterectomized,2
mines,2
pha,2
anaphylactoid,2
predesigned,2
corridor,2
tga,2
realism,2
kipppi,2
alipoprotein,2
expresses,2
fructans,2
metlos,2
regurgitations,2
msws,2
tummy,2
propping,2
confront,2
bubivacaine,2
hydroxylation,2
unsteadiness,2
neurocom,2
otago,2
retromuscular,2
beforehand,2
psychopathologic,2
agh,2
deaminase,2
minh,2
desacetyl,2
acaricide,2
pillows,2
covertly,2
revive,2
fibroscan,2
uamaz,2
brac,2
recieved,2
submucosa,2
caseness,2
hrsholm,2
slctr,2
sits,2
faos,2
formulating,2
metronomic,2
elixa,2
fitter,2
antiosteoclast,2
samplings,2
premaneuver,2
postmaneuver,2
peritumoural,2
nres,2
hnrq,2
underperformed,2
interluekin,2
apoplectic,2
crescent,2
shipped,2
solubles,2
bonami,2
reperfused,2
buckle,2
igfrs,2
cylinders,2
fortaleza,2
hypertriglyceridemic,2
lovaza,2
videostroboscopy,2
guess,2
hunches,2
mnd,2
vopeak,2
diaceturate,2
mhcs,2
incisionally,2
polymerized,2
moorfields,2
hisds,2
cocinar,2
tortuous,2
palpate,2
palpated,2
tbd,2
pyrethroid,2
ttbd,2
ambulations,2
diprivan,2
propovan,2
jcog,2
absorbers,2
tec,2
zambian,2
intestines,2
sinensis,2
perfectly,2
impedes,2
divides,2
psychotherapists,2
credit,2
milling,2
sola,2
postassessments,2
rival,2
inrt,2
environmentally,2
microsimulation,2
chih,2
generalisation,2
ukcrn,2
fundacin,2
belching,2
cgasd,2
adrenocorticotropin,2
cordyceps,2
qom,2
occlusivity,2
hang,2
transected,2
dur,2
concentrator,2
specular,2
intratesticular,2
bkx,2
interscreening,2
unsuccessfully,2
cncer,2
galvanic,2
jos,2
arsenal,2
gaitrite,2
normogastria,2
supersede,2
nonintegrated,2
nonprocedural,2
equilibrative,2
gmean,2
douche,2
inflatable,2
dallas,2
interchangeable,2
arteriotomy,2
arma,2
dvhs,2
purevision,2
bought,2
trusopt,2
rtis,2
odynophagia,2
venotrain,2
nonaerated,2
whipping,2
gonadotropins,2
lentigines,2
investgated,2
recurarization,2
curarization,2
metaboreflex,2
perimembranous,2
rotor,2
saphenopopliteal,2
pud,2
paraumbilical,2
radioisotopes,2
lslns,2
lsln,2
zubrod,2
allp,2
ridaforolimus,2
maculopapular,2
trim,2
septa,2
chronotype,2
inquiring,2
proj,2
maxillomandibular,2
cytogenetically,2
vigilant,2
polyol,2
cariogenic,2
homoeostatic,2
concentricity,2
recollection,2
undercorrection,2
hind,2
bimalleolar,2
kitaoka,2
postthrombotic,2
angiology,2
reevaluation,2
dvts,2
bloemfontein,2
effectual,2
damocles,2
realm,2
aprr,2
admit,2
inhalator,2
catie,2
wallwork,2
excited,2
pwa,2
interatrial,2
particulated,2
tecnoss,2
sulfonamide,2
cures,2
pgad,2
stanols,2
cet,2
pgc,2
pfk,2
aminolevulonic,2
snus,2
myogenous,2
slowness,2
depressant,2
discectomies,2
pgnf,2
endstage,2
tempting,2
iyengar,2
reformats,2
maximised,2
hydroxyphenylglycol,2
overprotection,2
concurred,2
preperimetric,2
cirrus,2
draes,2
epoxide,2
indometacin,2
methoxy,2
augusta,2
icuaw,2
proxi,2
nonconsecutive,2
biotinylated,2
superelastic,2
hue,2
qrt,2
alkylphosphatidylcholine,2
alkenylphosphatidylcholine,2
comprehensiveness,2
micrometastases,2
iic,2
anzmtg,2
myelomeningocele,2
dlpp,2
multipoint,2
quadra,2
ncafs,2
ibfat,2
sammpris,2
expectoration,2
haphazard,2
jiao,2
gottlieb,2
maier,2
crpwv,2
heinrichs,2
acculturation,2
antifibrinolytic,2
yangyin,2
cdpwv,2
glia,2
branching,2
offending,2
ccus,2
wzc,2
tirap,2
speeded,2
gspect,2
paec,2
contaminants,2
ovariectomized,2
prorecovery,2
edited,2
weakens,2
dipe,2
mfis,2
deteriorations,2
binational,2
catharsis,2
postinfusional,2
aalborg,2
bestest,2
nontunneled,2
prepotent,2
biomaterial,2
curcuma,2
standardise,2
npcr,2
nuf,2
andover,2
polymicrobial,2
arteriography,2
dilates,2
accumulative,2
nonresolved,2
nazca,2
ifng,2
gata,2
avenues,2
nonblacks,2
extents,2
nonionic,2
lyon,2
dtsqs,2
coseasonal,2
cellsearch,2
warren,2
swpbis,2
csdpd,2
dbil,2
slough,2
confederates,2
laryngologists,2
opd,2
hepta,2
hexamenc,2
hypervariable,2
cvcs,2
hdpe,2
inheritance,2
colombian,2
mucopolysaccharidosis,2
filmed,2
bsis,2
postcourse,2
glycosaminoglycan,2
laei,2
actors,2
noradrenalin,2
fsds,2
escc,2
counterregulation,2
tang,2
sabp,2
micronised,2
invigoration,2
asymmetries,2
olmsted,2
intercountry,2
atlanto,2
adjor,2
errant,2
victory,2
mixes,2
yacon,2
odometer,2
preinvasive,2
iac,2
nonbiologic,2
nvs,2
exfoliation,2
mont,2
scotopic,2
undiscounted,2
nbp,2
bioprosthetic,2
visa,2
printing,2
carrageenan,2
dentocult,2
achromatopsia,2
asynchrony,2
pdimax,2
wtci,2
sybr,2
rhytide,2
enablement,2
engender,2
pineapple,2
ketonuria,2
ibclcs,2
fluoroscopically,2
zuckerman,2
paralesional,2
proarrhythmic,2
regiment,2
margaria,2
pvwmc,2
bioptic,2
reproduce,2
ctq,2
cytokeratin,2
montanide,2
blossoms,2
nioht,2
skincare,2
sls,2
rhipicephalus,2
cdna,2
glucuronosyltransferases,2
catalyzed,2
noses,2
correctable,2
microeeg,2
bristles,2
smartguide,2
notoginseng,2
metabolisms,2
chordal,2
qiju,2
bills,2
denoted,2
generalizing,2
autografts,2
uridine,2
immunocompromised,2
myoring,2
executing,2
desphosphorylated,2
uncarboxylated,2
phylloquinone,2
extraskeletal,2
adjuvantation,2
heartbeats,2
replicas,2
energetics,2
fhbs,2
pentax,2
rbans,2
monoexponential,2
intracellularly,2
hikari,2
oppositely,2
inconveniences,2
negates,2
biosynthetic,2
toilets,2
taiho,2
mimetics,2
nonanesthetized,2
efic,2
postmyocardial,2
hyporesponsive,2
engerix,2
videogame,2
retrospect,2
skpts,2
myops,2
polysulphone,2
dialyser,2
generalise,2
bulgaria,2
pulpectomized,2
pulpectomy,2
coarctation,2
recoarctation,2
chuanxiong,2
ligusticum,2
reincremented,2
pradesh,2
ihls,2
revisited,2
protozoan,2
deacmp,2
endocrinological,2
pathomechanisms,2
retail,2
methylenedioxymethamphetamine,2
iressa,2
chemonave,2
inconsequential,2
imitation,2
deteriorates,2
thyrotroph,2
gonadotroph,2
mym,2
parkgait,2
dopa,2
unconventional,2
aglycone,2
nonrapid,2
normokalemia,2
gtvnx,2
hammertoe,2
ducb,2
haplo,2
dichotomy,2
lobene,2
mlsi,2
rmb,2
simon,2
ctrough,2
nfe,2
moyamoya,2
rebubbling,2
oscillometry,2
reactance,2
turbo,2
legally,2
authorized,2
suitably,2
mitchell,2
prepartum,2
thrives,2
myofasical,2
shss,2
metatarsalgia,2
tivaps,2
portas,2
sympathicotomy,2
catalytic,2
neoaltto,2
curvatures,2
parabolic,2
islamabad,2
depicts,2
adenosyl,2
collaborated,2
neutrophilia,2
pagers,2
nobori,2
avn,2
catheterizations,2
sure,2
gymnasium,2
clomipramine,2
subparalyzing,2
udt,2
unprescribed,2
udts,2
lvs,2
rhce,2
tunisian,2
gun,2
mucp,2
missouri,2
impt,2
sanctioned,2
alloimmunisation,2
haemorrhoids,2
furasidine,2
faecalis,2
gra,2
neutered,2
spayed,2
nhopi,2
inhalant,2
toxicological,2
overtly,2
unlicensed,2
nonsterile,2
niddk,2
freeing,2
mtbs,2
cavopulmonary,2
fenestration,2
heater,2
katz,2
pretabalumab,2
uie,2
phonomicrosurgery,2
hauser,2
ket,2
locality,2
barmer,2
intrapersonal,2
religion,2
clostridia,2
polystyrene,2
sulphonate,2
vermont,2
photodamaged,2
qsnich,2
intolerances,2
sublayers,2
emv,2
vti,2
favors,2
ppabs,2
dura,2
neuroleptics,2
laterals,2
deepen,2
collapsing,2
awaited,2
cavitation,2
cornered,2
virulence,2
repa,2
watertight,2
ddi,2
respects,2
separates,2
unaffiliated,2
benignity,2
downwards,2
hockey,2
sebt,2
toat,2
inevitably,2
nonheme,2
realization,2
rantes,2
paod,2
scast,2
noncompetitive,2
igct,2
autolytic,2
shortages,2
reattendance,2
dean,2
shengxue,2
nondense,2
reframing,2
pallidal,2
ofc,2
sterling,2
kah,2
histoacryl,2
ganirelix,2
prejudicial,2
audiobooks,2
audiobook,2
tzs,2
campylobacter,2
pride,2
truncular,2
pdmi,2
impractical,2
minipigs,2
kitchen,2
individualise,2
jinnah,2
fluorosed,2
tewameter,2
overestimation,2
bocf,2
fom,2
bloodiness,2
metrology,2
lkb,2
saphenectomy,2
hcwvs,2
nonsuicidal,2
indefinitely,2
qiph,2
complements,2
hypertonia,2
averagely,2
scleroderma,2
murdoch,2
physiopathology,2
hpt,2
citrullinated,2
subdivide,2
dextrorphan,2
hydroxyomeprazole,2
palace,2
wheezers,2
internus,2
hypomania,2
goa,2
retractions,2
rgv,2
quantifier,2
umdt,2
rmdt,2
aeroallergen,2
veneering,2
medicor,2
allschwil,2
flolan,2
closeness,2
vasalertness,2
gabaa,2
renders,2
alternifolia,2
propan,2
quantifies,2
wirral,2
amphetamines,2
veletri,2
actelion,2
forrest,2
reamberin,2
laogong,2
isopropyl,2
neurogenesis,2
rift,2
sunglasses,2
anthelmintic,2
qls,2
sternomental,2
interincisor,2
ningxia,2
selenomethionine,2
vlpfc,2
miglitol,2
dsg,2
redemptions,2
paramedian,2
celiotomies,2
renalguard,2
lqolp,2
respectivley,2
ecosystem,2
zung,2
archives,2
octogenarian,2
reproduces,2
malt,2
phytomedicine,2
saccharin,2
coprococcus,2
bahawalpur,2
rawalpindi,2
taibai,2
anaerostipes,2
virginian,2
booked,2
organophosphorus,2
anticholinesterase,2
hiat,2
prednos,2
reformatted,2
vicco,2
unbuffered,2
roller,2
designation,2
charities,2
cervitec,2
recanalized,2
rgcs,2
ergs,2
cyathostomin,2
vcr,2
lanza,2
lent,2
soma,2
biosensors,2
unlabelled,2
evaporated,2
mutagenesis,2
normouricemic,2
raphe,2
radiocephalic,2
lyral,2
anise,2
dmc,2
rearrest,2
unequivocally,2
dicom,2
hamedan,2
uncovering,2
tiled,2
roofs,2
hee,2
organizes,2
pressurized,2
eyesi,2
sociocentric,2
coexistence,2
polymers,2
yfs,2
sixmonths,2
beractant,2
diallyl,2
sulfide,2
histochemistry,2
reintubations,2
postsurveys,2
postimplementation,2
blackberry,2
steamed,2
tunneling,2
polypodium,2
leucotomos,2
bald,2
kyung,2
hedonics,2
cpsp,2
witheosinophilic,2
timps,2
cloward,2
dowels,2
hiatoplasty,2
shangyingxiang,2
dazhu,2
wap,2
lilongwe,2
purity,2
neutropenic,2
oxyhb,2
suxamethonium,2
postov,2
postoa,2
intrao,2
posto,2
selects,2
registrants,2
intensely,2
henceforth,2
lined,2
clearfil,2
polyethoxylated,2
keratotic,2
intraoa,2
perpetrators,2
paronychia,2
hvns,2
prolapsing,2
shenyang,2
subtropical,2
api,2
predicators,2
seronegativity,2
aquaphor,2
agi,2
chennai,2
jackson,2
rees,2
java,2
belongs,2
cabgs,2
swiftwater,2
adaptively,2
cfc,2
invr,2
gompertz,2
postendodontic,2
balikesir,2
equalize,2
monophosphoryl,2
startling,2
phoenix,2
approximations,2
siaq,2
dies,2
alternation,2
turquoise,2
medimmune,2
tumoral,2
podsi,2
exeter,2
repository,2
glycoconjugate,2
cumulated,2
acwy,2
arthoplasty,2
propelled,2
handrim,2
gday,2
cucamonga,2
dolorimeter,2
licensing,2
teenaged,2
slurp,2
dominantly,2
ghent,2
vasr,2
dispensaries,2
beneath,2
viremic,2
rods,2
clefts,2
lube,2
champs,2
youden,2
impediments,2
ukctocs,2
trigylcerides,2
myosure,2
activa,2
wetbond,2
introducer,2
scarcity,2
bengaluru,2
resistivity,2
affixed,2
capnometry,2
thrown,2
checking,2
kabs,2
amci,2
hypothalamo,2
aralia,2
cruk,2
ficantly,2
ufs,2
prelicensed,2
roads,2
unconcentrated,2
antituberculous,2
abolition,2
radiocarpal,2
factoring,2
microdose,2
glycineb,2
montpellier,2
costal,2
eras,2
bioanalytical,2
contracting,2
nondietary,2
nongastrointestinal,2
retreatments,2
mized,2
dinners,2
maddrey,2
tlimit,2
fmvc,2
ftwitch,2
legitimate,2
actigraphic,2
angiox,2
epco,2
distribute,2
tie,2
phrt,2
voting,2
pyramid,2
reputation,2
talks,2
hutt,2
lao,2
qca,2
horse,2
flavivirus,2
hygienist,2
pomaglumetad,2
methionil,2
metabotropic,2
diazoxide,2
lipidemia,2
antipneumococcal,2
enestnd,2
dasision,2
postbiopsy,2
himself,2
hbbm,2
phonology,2
mfiq,2
nonlinearity,2
semolina,2
biting,2
vasyli,2
vesnarinone,2
adsorbent,2
preleukapheresis,2
cytostatic,2
pickup,2
fav,2
lysa,2
lyase,2
expt,2
hydroxymethylfurfural,2
carboxymethyl,2
amadori,2
oiliness,2
subgeus,2
variates,2
superabsorbent,2
ptca,2
stryker,2
truth,2
bicytopenia,2
ageless,2
pfms,2
ttns,2
reproliferation,2
hvtn,2
phambili,2
nef,2
intensivist,2
laparoendoscopic,2
keeps,2
unrealized,2
defences,2
defence,2
posttransfusion,2
everting,2
parapatellar,2
salvati,2
perpetuated,2
misperception,2
erodible,2
picking,2
transmissibility,2
oridion,2
granulomas,2
coordinates,2
ndckd,2
bazedoxifene,2
christian,2
etat,2
detained,2
ofa,2
silicate,2
sgw,2
stifle,2
polypoid,2
tranquilizer,2
brows,2
radiosensitizing,2
lanchman,2
tranquilizers,2
hypophosphatemia,2
homolog,2
iyptp,2
teaches,2
extention,2
gdmt,2
hypolipidic,2
chiesi,2
farmaceutici,2
myotomes,2
trophicity,2
unwashed,2
makali,2
cannabidiol,2
oromucosal,2
sgic,2
trapezium,2
pixels,2
dtt,2
inaccuracies,2
polyether,2
haematuria,2
silybum,2
marianum,2
gaertn,2
dclhb,2
primigravida,2
iquitt,2
ayurveda,2
disaccharides,2
fimbriae,2
radiculomyelopathy,2
designers,2
phyto,2
maqui,2
delphinidins,2
streptozotocin,2
idva,2
hemispace,2
tailors,2
fork,2
researching,2
touches,2
reticulation,2
transcricoid,2
weeknight,2
chss,2
medullar,2
vasculitides,2
granulomatosis,2
ama,2
subungual,2
colpectomy,2
monosaccharides,2
ruminococcus,2
unscreened,2
kda,2
convexity,2
prescriber,2
mils,2
interpolated,2
dialyzate,2
descend,2
agitg,2
corticostriatal,2
handedness,2
crumple,2
clivus,2
magnum,2
disintegrating,2
accommodative,2
exciting,2
sdmc,2
posttetanic,2
acsa,2
anesthsie,2
dft,2
briefing,2
decoding,2
cra,2
spca,2
afyit,2
subdomain,2
nonacutely,2
misunderstanding,2
answering,2
concert,2
princess,2
qual,2
famcare,2
medicament,2
occured,2
subileus,2
ureter,2
musculus,2
myasthenia,2
styletted,2
gravis,2
immunoadsorption,2
danami,2
antihistaminics,2
unanimously,2
equitable,2
gendered,2
stutter,2
topographically,2
improvised,2
nonhydrochlorothiazide,2
ectopy,2
bougie,2
bacteremic,2
zhiyang,2
disincentives,2
forns,2
centration,2
srk,2
sunnyvale,2
fondazione,2
steepening,2
siewert,2
neurofibromatosis,2
pollutants,2
preadolescents,2
vmin,2
pseudomembranous,2
bhoma,2
gon,2
wsg,2
qualeffo,2
baumannii,2
plog,2
congregants,2
tossing,2
transpancreatic,2
vldls,2
heterochromatic,2
fossae,2
mehran,2
forever,2
drowsy,2
miscommunication,2
tonus,2
swabbed,2
dicetel,2
lgs,2
slum,2
lobby,2
nonparticulate,2
genomes,2
votalin,2
scrs,2
fairs,2
refusals,2
trusting,2
catastrophising,2
sehcat,2
tied,2
patterning,2
bacteriologically,2
peritonsillary,2
sqm,2
commingled,2
circulate,2
welsh,2
kcald,2
aacr,2
anhydrous,2
makeover,2
nonaffected,2
disgusting,2
imager,2
gaborone,2
ambiguous,2
knoop,2
polarised,2
trofile,2
replenishment,2
enumerated,2
fieldwork,2
edqol,2
preswing,2
transgenic,2
notions,2
john,2
spad,2
tropic,2
disagreements,2
neuroophthalmological,2
kerr,2
atkins,2
exera,2
newspapers,2
softmist,2
doqi,2
facie,2
ccva,2
vegfs,2
hawaii,2
pleasurable,2
oxytocinergic,2
vmss,2
retake,2
cypress,2
tall,2
graeb,2
focality,2
umpire,2
gambia,2
spurt,2
zhongliao,2
necat,2
plated,2
luxated,2
tal,2
azelastine,2
medicamental,2
rubles,2
optilene,2
arterioles,2
olcr,2
lpfi,2
pannewitz,2
nonmesh,2
pfiq,2
retroglandular,2
ilcor,2
abstractions,2
antitrypsin,2
nonperfused,2
basecase,2
porphyrin,2
tetrahydrocurcumin,2
aniracetam,2
calling,2
saccharolytic,2
multiagent,2
monomer,2
serm,2
chang,2
figueroa,2
chugai,2
scandinavia,2
gsa,2
zlotnick,2
execute,2
visiontree,2
eczematous,2
primipara,2
wwb,2
urethrovesical,2
polyvascular,2
normalising,2
xiangya,2
obligate,2
meriting,2
normoglycaemia,2
glucometabolic,2
monophasic,2
progestogen,2
multislice,2
headteachers,2
psqis,2
piercing,2
lentis,2
resurfacing,2
woos,2
transfuse,2
paracelsus,2
salzburg,2
asqol,2
herpesvirus,2
herba,2
constraining,2
hammering,2
splinted,2
preferring,2
ervr,2
kiv,2
kep,2
signify,2
amotivation,2
propionibacterium,2
hyperkeratosis,2
perpetuating,2
upbeat,2
tbingen,2
alerting,2
sorin,2
sizing,2
studio,2
biocare,2
dora,2
veltin,2
fitzgibbon,2
tong,2
aberrantly,2
mfq,2
erroneously,2
dysphoric,2
drsp,2
intermenstrual,2
localize,2
thyroidal,2
masturbation,2
exendin,2
continuers,2
lysosomal,2
tipping,2
prosthodontics,2
immaturity,2
pactg,2
vaxgen,2
alvac,2
aidsvax,2
cresyl,2
candies,2
ionophore,2
abroad,2
doras,2
antiparasitic,2
carbondioxide,2
plasmin,2
liability,2
transferable,2
myofibres,2
myofibre,2
sarasota,2
estonia,2
postero,2
decreasers,2
icst,2
swiftness,2
finishes,2
diamind,2
quantiferon,2
phototoxicity,2
chromogenic,2
ligase,2
rainy,2
gynaecologists,2
untx,2
laziness,2
catalyst,2
papacrie,2
excavation,2
cardene,2
clue,2
thinkingfit,2
maternally,2
exemplified,2
ropi,2
dismal,2
reopening,2
pediasim,2
fcae,2
neurotoxicities,2
nearest,2
wherever,2
waiver,2
cytosol,2
cytosolic,2
pharmacia,2
zimmer,2
femurs,2
supracondylar,2
kuopio,2
nichd,2
zygapophyseal,2
srl,2
dominates,2
lipofuscin,2
metall,2
spacing,2
sspg,2
sglt,2
empa,2
inefficiency,2
retrainings,2
heritage,2
oxyhemoglobin,2
mtct,2
gcst,2
glinides,2
haematomas,2
pant,2
cyanosis,2
hydroxylated,2
uruguay,2
gefa,2
kill,2
mauktikyukta,2
erbeixin,2
abls,2
mkd,2
haemogram,2
redrainage,2
vardenafil,2
nullified,2
bandim,2
taxan,2
malign,2
iuml,2
gauteng,2
webril,2
bisexual,2
endocrinologists,2
generalist,2
cryptosporidium,2
fingerstick,2
naga,2
reinforcements,2
phosphosilicate,2
putty,2
twitter,2
crews,2
millimoles,2
blogs,2
bronchodilatory,2
immunoprecipitation,2
inno,2
aurem,2
marshall,2
dickkopf,2
teleconferences,2
armband,2
endodontically,2
lipa,2
sumsm,2
underactive,2
wchf,2
subcomponents,2
histo,2
lathosterol,2
possessing,2
zipangu,2
handy,2
cary,2
yearlong,2
parat,2
canceling,2
hypoleptinemia,2
yoda,2
nonvaccinated,2
lmp,2
skiing,2
trivial,2
lanss,2
wsrs,2
sekoia,2
endoanchor,2
await,2
inventive,2
proadrenomedullin,2
togo,2
parnaparin,2
radioguided,2
ramped,2
meanings,2
tradeoffs,2
terminologies,2
lazy,2
esterase,2
acknowledgment,2
integrins,2
questionaire,2
mvac,2
sparcl,2
ctenocephalides,2
felis,2
lrfn,2
gastroenterologist,2
unattended,2
tuebingen,2
tsss,2
arises,2
informs,2
tridimensional,2
paop,2
meca,2
pozzi,2
chedoke,2
guillain,2
sedations,2
chandigarh,2
mdq,2
ours,2
droperidol,2
troubled,2
fruity,2
floral,2
metagenomic,2
tosss,2
seamlessly,2
hobbies,2
trimeperidine,2
antistigma,2
bronchopneumonia,2
unshaved,2
shaved,2
chemiluminescent,2
rec,2
rhinoscopy,2
yishen,2
discrepant,2
azad,2
toyserkan,2
midfoot,2
claimants,2
incoming,2
reaming,2
brussels,2
hues,2
imes,2
microarchitecture,2
metaphysis,2
kbt,2
shortcuts,2
scab,2
invoked,2
cubist,2
intertester,2
rosters,2
guangdong,2
boiling,2
refreshed,2
towel,2
unduly,2
acyclovir,2
reagin,2
abrasions,2
treponema,2
pallidum,2
ducreyi,2
lymphogranuloma,2
venereum,2
raleigh,2
preinjury,2
ebts,2
underexpansion,2
electromyostimulation,2
sorted,2
unskilled,2
anx,2
illustrative,2
meniere,2
bridgewater,2
tedious,2
pppm,2
nsss,2
wbd,2
plado,2
pretransfusion,2
predictably,2
conforms,2
heartmate,2
deductive,2
underneath,2
lbc,2
siiq,2
gutss,2
afshar,2
exceedingly,2
mrms,2
calisthenics,2
pipeline,2
unaddressed,2
resampling,2
itap,2
analogical,2
multimode,2
glycoproteins,2
santiago,2
mannose,2
mmxf,2
amputee,2
survanta,2
curosurf,2
cyanocobalamin,2
pxg,2
transference,2
babesiosis,2
extracapsular,2
extravasation,2
voiced,2
barbara,2
hyperparasitemic,2
gabon,2
mgvandetanib,2
atrio,2
lengthens,2
clr,2
nitrosense,2
derma,2
levene,2
artiss,2
ftnd,2
videographic,2
groupc,2
veneer,2
alerted,2
belob,2
nederland,2
kwf,2
reformulated,2
iapt,2
suprasternal,2
ldde,2
offsetting,2
fiscal,2
upgrades,2
cfrtte,2
trachlight,2
smqs,2
lnlf,2
lnhf,2
heptest,2
prothrombinase,2
viia,2
craniomandibular,2
groundwork,2
assignation,2
isosulfan,2
meningitidis,2
intratunnel,2
chondral,2
vendors,2
extratunnel,2
zhongfu,2
iou,2
acetated,2
intravasation,2
clearer,2
biostatistics,2
wristbands,2
labs,2
frankl,2
houpt,2
tkis,2
subregions,2
subregion,2
triplet,2
neuroadaptations,2
pcreb,2
ccfis,2
recombination,2
laps,2
intraesophageal,2
narla,2
periogard,2
phototypes,2
idiotypic,2
sno,2
jam,2
alkalinized,2
carinal,2
bronchoscopes,2
mycophenolic,2
uninformed,2
enemas,2
unhealthier,2
intercurrent,2
ample,2
sandoz,2
neurontin,2
pinard,2
judgements,2
biobank,2
messina,2
tpr,2
pathogenicity,2
gose,2
smoothly,2
unpaid,2
mesentery,2
oligodendroglial,2
gliomas,2
sores,2
asepsis,2
contention,2
icars,2
mhra,2
stereo,2
rtn,2
pwvtng,2
procarbazine,2
trapezoidal,2
lagos,2
cws,2
aches,2
mutational,2
interclinician,2
subcapital,2
tampere,2
sapheon,2
nephrogenic,2
nsf,2
italia,2
ducts,2
lcus,2
thermocycled,2
entrains,2
cryocrit,2
cemra,2
immunostimulant,2
gliptins,2
acupint,2
keen,2
lkess,2
uncoupling,2
alimentary,2
csiro,2
suspects,2
ediary,2
microecologic,2
shigella,2
dinitrosyl,2
indicted,2
bwc,2
astrocyte,2
tutorials,2
transatlantic,2
interchange,2
splenius,2
activators,2
neovita,2
fontanelle,2
leiomyomas,2
bmmncs,2
conditionally,2
genotoxicity,2
rarity,2
tenet,2
charity,2
pharmacokinetically,2
spiegel,2
fibrovascular,2
fois,2
gang,2
hypothetically,2
samata,2
marry,2
debut,2
hindrance,2
sinusoidally,2
cfb,2
unhappy,2
chapel,2
paracrine,2
etsevo,2
massey,2
peeled,2
fabrication,2
diagnostically,2
notice,2
disproven,2
ppcos,2
lids,2
stoves,2
poised,2
conjunctivae,2
midtest,2
multiecho,2
melancholia,2
unobserved,2
sensu,2
lato,2
ostensibly,2
neovaginal,2
mentorship,2
prevadh,2
intramural,2
moulded,2
nonmalnourished,2
cerebrum,2
ebm,2
folfoxiri,2
cytoreduction,2
reaccting,2
kassena,2
nankana,2
behring,2
marburg,2
dars,2
unborn,2
bihar,2
tolas,2
polyantigenic,2
anaesthesiological,2
incubated,2
supernatant,2
noncompliant,2
diverters,2
millennium,2
disapproval,2
microbicidal,2
uned,2
asymmetrical,2
inclinations,2
roth,2
classically,2
distinctions,2
fluidic,2
eyed,2
antiedematous,2
mindfully,2
lemongrass,2
odourigenic,2
atiii,2
vibrated,2
sidro,2
barnidipine,2
remediable,2
firefighters,2
prebreakfast,2
deconstruction,2
obligated,2
spcg,2
podiatrists,2
hemo,2
alongwith,2
medrol,2
orthonasal,2
retronasal,2
rnt,2
tcmeps,2
seroconverting,2
primigravidas,2
fluctuators,2
eow,2
synergism,2
adventitia,2
systole,2
suspensions,2
heartbeat,2
orthopaedics,2
guessed,2
immunoglobulins,2
fieldworkers,2
formations,2
campinas,2
htert,2
hypomethylation,2
blach,2
xpedition,2
pivc,2
constructions,2
earthquakes,2
squirrel,2
undoubtedly,2
biobehavioral,2
klh,2
gynecare,2
somerville,2
xenograft,2
kharian,2
malir,2
bannu,2
rearing,2
ribose,2
insi,2
sparkling,2
minn,2
cmct,2
elicitation,2
eschar,2
spms,2
propionic,2
penang,2
avatars,2
lit,2
clermont,2
ferrand,2
gonioscopy,2
synechial,2
simons,2
bioscience,2
pacts,2
dispo,2
qmed,2
zenith,2
bloomington,2
dhaeq,2
intrabuccal,2
sprinting,2
repellents,2
sedating,2
esophagogastric,2
ttt,2
hydroxyphenoxy,2
nnrtis,2
normalcy,2
omas,2
heterosexuals,2
subparticles,2
pvamc,2
hup,2
zirconium,2
detached,2
islanded,2
naa,2
ampa,2
surroundings,2
genotypepartner,2
subsystems,2
obvr,2
bqr,2
embryonated,2
ingestions,2
disagreement,2
autopsied,2
lackland,2
pmct,2
consents,2
pcpp,2
anticholinergics,2
monogamous,2
newcomers,2
ppn,2
jingjin,2
citp,2
radboud,2
nijmegen,2
colonised,2
confusing,2
sprey,2
hypertrophied,2
hyperosmolar,2
hydrolase,2
magl,2
leishmaniosis,2
prolate,2
eor,2
voe,2
admixture,2
mde,2
hypoactivity,2
gill,2
artifactual,2
heparinized,2
mnchen,2
dissipation,2
involvements,2
vima,2
cgycm,2
multisensory,2
dysmorphology,2
pfas,2
vanilloid,2
postdosing,2
prembc,2
intermuscular,2
groc,2
mimetic,2
intramucosal,2
soviet,2
spline,2
taller,2
carving,2
qobt,2
pty,2
etco,2
seniority,2
uull,2
armonk,2
ypn,2
syncopes,2
ttfb,2
capped,2
treatmenttime,2
tyms,2
adipsin,2
elizabeth,2
transmurality,2
transmural,2
vascularisation,2
ilrs,2
stigmatization,2
triphosphatase,2
pyrimidine,2
competently,2
andhra,1
syringing,1
dacryocystography,1
antilipaemic,1
sims,1
occupy,1
zhangwan,1
sterase,1
msts,1
videoteleconferencing,1
pza,1
diagnosable,1
elastothane,1
physiatrists,1
unsanitary,1
antiparasite,1
zaire,1
punished,1
rmald,1
nonparents,1
assent,1
disallowance,1
subtest,1
dietplus,1
pound,1
overbearing,1
ttests,1
clown,1
tularemia,1
recorders,1
biofortification,1
provitamin,1
bioefficacious,1
raes,1
subtoxicity,1
degrade,1
subcontracted,1
prefixed,1
multiplexing,1
immunobead,1
arabs,1
deadlift,1
oligophrenopedagogy,1
plichta,1
excrete,1
preattentive,1
snoopi,1
amis,1
nonocclusal,1
australasia,1
botany,1
nonpeg,1
expectable,1
crows,1
reexperience,1
presurvey,1
postsurvey,1
cardiological,1
asbestos,1
fittest,1
fluoropirimidine,1
itaca,1
gramont,1
arepanrix,1
maintainedwith,1
subareolar,1
landrace,1
krishna,1
intraconal,1
glutamiltranspeptidase,1
mlfor,1
bloodpressure,1
ashberg,1
pyzalski,1
ldz,1
lodi,1
uroselective,1
schiphol,1
rijk,1
baulkham,1
imco,1
voivodeship,1
beraprost,1
cassiopeir,1
nephrosclerosis,1
signification,1
instrumentations,1
volon,1
crst,1
oversample,1
arnd,1
monologue,1
quo,1
noncaloric,1
eec,1
cetero,1
redundancy,1
sofit,1
nutritionists,1
phlyctenules,1
tongziliao,1
listless,1
rppa,1
exclusionary,1
tasted,1
ruling,1
hfhs,1
imidacloprid,1
flumethrin,1
lyrica,1
lamellae,1
picrorhiza,1
kurroa,1
technische,1
universitt,1
byparent,1
studyparticipants,1
gcig,1
demethylating,1
csbs,1
cclg,1
intrachromosomal,1
loses,1
mnster,1
corpses,1
collum,1
trabeculae,1
reversedpattern,1
uniject,1
injectables,1
chadsvasc,1
thereabouts,1
sufficed,1
perioerative,1
seresto,1
sicily,1
ifat,1
collars,1
contrastingly,1
perturbed,1
cortisols,1
usedfor,1
oblate,1
nonequivalence,1
voes,1
afrandomised,1
neuronavigation,1
deoxycytodine,1
deliverability,1
dune,1
eigenvalue,1
temptation,1
candidal,1
viewpoints,1
intersections,1
fearing,1
winnie,1
interspaced,1
mannheim,1
caesarea,1
arachidonoylglycerol,1
dagl,1
faah,1
monoacylglycerol,1
mrnas,1
underdevelopment,1
vsg,1
adjudicator,1
circumvents,1
nbot,1
standart,1
tianhuang,1
fuxue,1
shenguan,1
renhuang,1
undesirably,1
spondylarthritis,1
pcpps,1
anandamide,1
baxie,1
corelated,1
individualising,1
diene,1
ketodienes,1
trienes,1
smokingpharmacotherapy,1
synergized,1
sayana,1
colonoscopist,1
postcolonoscopy,1
ginsenoside,1
customising,1
nearvision,1
ciss,1
vsat,1
infraspinatus,1
compete,1
infectiousness,1
serodifferent,1
seropositioning,1
microtablet,1
redosing,1
circumventing,1
idl,1
actiwatches,1
asn,1
postingestion,1
isokientic,1
ski,1
metacarpus,1
forelimb,1
rectifying,1
introvenal,1
nanometer,1
thrasher,1
schachter,1
nasoduodenal,1
peroperatively,1
widowed,1
orphaned,1
genocide,1
postconflict,1
itemized,1
mallet,1
neuropsychologically,1
bowling,1
microtablets,1
ssms,1
ofrisk,1
postbunionectomy,1
partialled,1
eater,1
digitially,1
lability,1
rhythmicity,1
melatonergic,1
yznc,1
bewilderment,1
normoalbuminuria,1
manipulativeness,1
primings,1
systematised,1
leukoencephalopathy,1
salem,1
deet,1
urn,1
desacetylrifabutin,1
thrombolyzed,1
externality,1
spur,1
joshi,1
talipes,1
python,1
vamc,1
angiectasia,1
droplets,1
desethylamodiaquine,1
qtinterval,1
neutropaenia,1
serosal,1
gastrichip,1
calvert,1
atomization,1
atomizes,1
baes,1
watcher,1
excluder,1
flagstaff,1
ariz,1
aneurx,1
sunsmart,1
streamlining,1
ivst,1
lvpwt,1
lvwpt,1
peroxynitrite,1
animale,1
procinticos,1
methords,1
biospecimens,1
keyhole,1
limpet,1
hemocyanin,1
murray,1
remorse,1
winston,1
adfi,1
sucrase,1
dipeptidase,1
digesta,1
exfoliative,1
cinch,1
antilymphoma,1
vent,1
countrywide,1
bfluts,1
specic,1
mul,1
orsiro,1
kneels,1
knelt,1
stepstool,1
preadolescence,1
promulgation,1
healer,1
christchurch,1
saimiri,1
sciureus,1
monkey,1
icon,1
affiliations,1
infecction,1
vem,1
vda,1
poststratified,1
exinibone,1
speciality,1
idiotypes,1
wholesale,1
metoclopramida,1
piont,1
noncritical,1
motionlogger,1
flaw,1
integrally,1
dtf,1
fitflop,1
aspcr,1
lymphedematous,1
postdatism,1
airpods,1
wearer,1
reimbursable,1
lidcorapid,1
lidco,1
intratracheally,1
hypocapnic,1
hypocapnia,1
disappointed,1
undervalued,1
prestimulation,1
sulphur,1
halimeter,1
spiciness,1
obligation,1
underinsured,1
sake,1
segmentally,1
ofdexmedetomidine,1
epiduralfentanyl,1
liberals,1
independents,1
bonus,1
intertwined,1
ligamentous,1
rhinocort,1
aohbox,1
reponse,1
activpals,1
fibromathosis,1
phytoestrogens,1
teh,1
beginnings,1
infantis,1
demineralisation,1
indwell,1
intermolar,1
buccally,1
picturerx,1
cetrorelix,1
multicompartmental,1
riddargatan,1
microdilution,1
cdb,1
sphygmogram,1
interdependent,1
universidad,1
educacin,1
distancia,1
circumscribed,1
edgewise,1
neurovegetative,1
icat,1
coolant,1
orotragus,1
mentotragus,1
indebtedness,1
mixedkv,1
depict,1
clalit,1
aviv,1
livelihood,1
microcredit,1
ilins,1
anyone,1
motivates,1
signage,1
larcid,1
loperamide,1
downregulator,1
constructively,1
cyclo,1
flunixin,1
strangulating,1
signalment,1
vaxigrip,1
favours,1
metastasectomy,1
proclined,1
intercanine,1
interpremolar,1
kcentra,1
confidex,1
cosupplementation,1
postanodal,1
pyramidal,1
hildren,1
eurodevelopmental,1
unmanageable,1
caesareans,1
predelivery,1
dichlorodiphenyltrichloroethane,1
initiations,1
textbooks,1
siadh,1
enteropathies,1
declamped,1
becouse,1
possitive,1
thedifference,1
appended,1
misconduct,1
misreporting,1
publishable,1
subserous,1
predistension,1
intanza,1
ipas,1
endtidal,1
midpoints,1
detective,1
falsification,1
underimmunized,1
rungs,1
gasifier,1
bolivia,1
fibrescopic,1
acps,1
sigma,1
absorbs,1
micromotion,1
nonnave,1
gambian,1
unforgiveness,1
dasb,1
microliter,1
percutanous,1
antiplated,1
etvr,1
neuroexcitation,1
legionella,1
pneumophila,1
argues,1
overrule,1
osmoregulatory,1
autocrine,1
ostradiol,1
hydrosalpinges,1
rechecked,1
tantrums,1
powl,1
andapplication,1
superonasal,1
subconjunctivally,1
benchmarking,1
bijapur,1
bagalkot,1
marginalised,1
ridian,1
beriplex,1
rectangularly,1
dissecting,1
frailest,1
breastmilk,1
selectable,1
leiomyoma,1
equates,1
thoracotomies,1
reac,1
imnmediate,1
duced,1
anorectic,1
adverts,1
gametes,1
femalesexualquotient,1
internationalconsultation,1
onincontinencequestionnaire,1
factive,1
hengshui,1
schroeder,1
suanzaoren,1
acryl,1
corroborates,1
karol,1
marcinkowski,1
pozna,1
endotrachea,1
lgeneral,1
pcod,1
serums,1
dysfunctionand,1
multihance,1
bracco,1
imputing,1
industrially,1
wst,1
pruned,1
sappovirus,1
mascot,1
iow,1
protrusions,1
dissections,1
isds,1
eastward,1
atomizing,1
emgmax,1
brong,1
ahafo,1
pioneering,1
rejuvenating,1
juventas,1
nee,1
tris,1
ware,1
antrostomy,1
ethmoidectomy,1
academicians,1
venaseal,1
pharmacoendocrinological,1
neuroradiologists,1
gutters,1
phenoxodiol,1
biomodulator,1
chemoresistance,1
homogenously,1
allocted,1
uragogue,1
guoup,1
higer,1
iprobe,1
carmustine,1
cytosine,1
arabinoside,1
paly,1
operationalization,1
cresol,1
adsd,1
glucosuric,1
glucotoxic,1
blockwise,1
sclavo,1
regione,1
toscana,1
sideband,1
belch,1
entrain,1
rhythmically,1
entrained,1
topographies,1
morrisville,1
closurefast,1
crl,1
como,1
visualanalogue,1
ofmotion,1
gainedflexion,1
misinterpreting,1
halogen,1
rotaxus,1
davfs,1
immunostimulating,1
wellington,1
oligodendrogliomas,1
fupi,1
dsq,1
amplifying,1
kernicterus,1
canopies,1
sunny,1
overcast,1
tropics,1
circumcise,1
son,1
strange,1
pancreatico,1
ebmil,1
utmost,1
capitated,1
pierre,1
fabre,1
dermatologie,1
authorisation,1
hinted,1
selangor,1
instigate,1
methoxyisobutylisonitrile,1
preinfection,1
ctrj,1
kota,1
tinggi,1
prohibition,1
trinitroglycerin,1
regiments,1
witebsky,1
predefine,1
kroglu,1
blanc,1
thyotropin,1
cousineau,1
arni,1
novaflex,1
varc,1
nect,1
napt,1
dynamometric,1
admistration,1
thienoypridine,1
handyman,1
waivers,1
anastomose,1
cryostat,1
purifier,1
purifiers,1
liveborn,1
stamp,1
overinhibits,1
overinhibit,1
cnto,1
plore,1
lessens,1
genicular,1
alacart,1
judgemental,1
saying,1
neurolesi,1
antimouse,1
polluted,1
nitrosyl,1
nitrosothiols,1
orthostasis,1
nonmasked,1
bilberry,1
lingonberry,1
phlebectomies,1
chlorhydrate,1
phlebologic,1
preventability,1
hbaa,1
coustan,1
cephalopelvic,1
disproportion,1
tolerogenic,1
quantic,1
ebastine,1
otorhinolaryngologic,1
rhinoendoscopy,1
aminomethylnicotine,1
pseudomonasaeruginosa,1
exoprotein,1
plax,1
hyolaryngeal,1
medocaril,1
feather,1
nonpurine,1
rationalize,1
patencies,1
timeli,1
exonucleolytic,1
blueberries,1
tallahassee,1
viz,1
resigned,1
siu,1
siicp,1
lotus,1
nitrendipine,1
syst,1
distressful,1
stalks,1
endoloops,1
stalk,1
snare,1
polypectomies,1
disalicylate,1
centromedial,1
repolishing,1
luminosity,1
anthem,1
arp,1
litters,1
pnds,1
corticosterone,1
neuroadaptation,1
rationalizes,1
sialil,1
lewis,1
neorectum,1
outborn,1
nucleoproteins,1
lemli,1
opitz,1
attracts,1
opera,1
bioterror,1
twoway,1
gauk,1
megacolon,1
chize,1
ximen,1
standby,1
aertic,1
partograph,1
dsmc,1
hospitalizetion,1
rataf,1
refusers,1
tournique,1
reevaluate,1
yinlian,1
ied,1
postconversation,1
hopeful,1
inactived,1
maharaj,1
nakorn,1
convection,1
uraemia,1
orientate,1
rivur,1
cutie,1
fiql,1
biointrafix,1
dictionary,1
smq,1
nonepilepsy,1
underactivity,1
stubborn,1
bedefinitely,1
artefill,1
suneva,1
sparked,1
monolateral,1
hemin,1
arginate,1
groupa,1
groupb,1
histomorphometrically,1
yokukansan,1
mylagia,1
ququan,1
nause,1
underdetected,1
imperatives,1
collate,1
mealtimes,1
scoping,1
usernames,1
diepss,1
epos,1
gav,1
excoriation,1
rigidfix,1
endobutton,1
moods,1
fuller,1
sampler,1
musculoskeketal,1
tiring,1
sternoclavicular,1
passwords,1
ventures,1
amiprom,1
kub,1
forma,1
succinylnorcocaine,1
solicitous,1
solicitousness,1
chemosensory,1
enacarbil,1
fagerstrom,1
miscarry,1
jivita,1
tetanic,1
mplus,1
sweetness,1
deterred,1
glycerinated,1
autocontrolled,1
quinn,1
giii,1
cisplastin,1
kankerbestrijding,1
scrutinized,1
ubiquity,1
worriers,1
terminations,1
nonimmune,1
lambarn,1
gmpd,1
lntp,1
healthvalues,1
etiotropic,1
cholangiography,1
nankai,1
diatrizoate,1
brevacta,1
lickert,1
pcq,1
florbetapir,1
insp,1
arthraligia,1
avidin,1
reinforcer,1
bivariately,1
karen,1
qnns,1
crct,1
mentored,1
secundary,1
imidocarb,1
attach,1
teary,1
pseudoexfoliative,1
nonoperated,1
oculocardiac,1
resolves,1
radiated,1
carcino,1
ceawatch,1
wenzhou,1
momentum,1
glycans,1
fucose,1
antennae,1
rectify,1
granulocytopenia,1
bach,1
binaural,1
cystoscopies,1
oxybuprocaine,1
extrude,1
nicotiana,1
benthamiana,1
wholesalers,1
carryout,1
swirling,1
aloka,1
typology,1
dyskinesis,1
preveneered,1
nusmile,1
krowns,1
burmese,1
imprisonment,1
torture,1
wlcs,1
dhamarajan,1
transaxillary,1
pollutant,1
gezondheidszorg,1
unease,1
gastroprotection,1
mesocolon,1
pigments,1
genito,1
questionnaries,1
infact,1
mody,1
opener,1
struggled,1
dante,1
unmediated,1
clowning,1
tribhuvan,1
reinserted,1
entorhinal,1
multiplicatively,1
fasten,1
mgml,1
midden,1
hypoproliferative,1
totalizing,1
hemithyroidectomy,1
uka,1
careers,1
mensendieck,1
cesar,1
thoratec,1
interagency,1
oost,1
achmea,1
undermatric,1
maximises,1
amalgams,1
horns,1
bluish,1
injure,1
nonaminoglycoside,1
keynote,1
invatec,1
neuroradiologist,1
healozone,1
reobstruction,1
intraarterially,1
opnrp,1
segregation,1
microinfarcts,1
epicondylopathia,1
glucuronolactone,1
neuroimages,1
afni,1
synchronizations,1
onrc,1
vivid,1
certainly,1
icosapent,1
finfer,1
bellomo,1
sudarshan,1
kriya,1
armchair,1
prisoner,1
bpad,1
pogo,1
multipredictor,1
iphiwwe,1
telos,1
kocaeli,1
underappreciated,1
vrc,1
itchiness,1
sigmoideal,1
onerous,1
aeroform,1
redesigned,1
hypoenhancement,1
cuti,1
blueprint,1
troublingly,1
spurts,1
hypocalcemic,1
hyperparathyroid,1
glycodesoxycholic,1
sacrification,1
inhomogeneous,1
antimoniate,1
herpeselect,1
bristle,1
undiluted,1
powerplay,1
drafted,1
polyi,1
efficatious,1
jawaharlal,1
nehru,1
wright,1
lavandula,1
defaulted,1
obq,1
docs,1
wsao,1
reml,1
painted,1
microtome,1
polarized,1
eroded,1
relentless,1
dormitory,1
tgmd,1
soroka,1
ronald,1
farmedial,1
transportal,1
tranportal,1
laparoscopes,1
ofserum,1
postparathyroidectomy,1
anverage,1
jade,1
dynasty,1
monadic,1
dominnt,1
glucosinolates,1
glucosinolate,1
stepper,1
pbscs,1
telementoring,1
sphingomyelins,1
islamic,1
aponeurotic,1
venoflex,1
thuasne,1
levallois,1
perret,1
indole,1
carbinol,1
diindolylmethane,1
unlocks,1
suppopulation,1
claimant,1
sbls,1
radiosensitive,1
fasciotomy,1
easyone,1
decepepty,1
sof,1
electromygraphy,1
menorrheal,1
algorithmically,1
omacor,1
thixotropic,1
jiejing,1
confirmative,1
tnsss,1
allergenexposure,1
uruguayan,1
lamb,1
carcinogens,1
lysophosphatidylcholines,1
ankyrin,1
darpin,1
demonstrably,1
tulsi,1
bigelow,1
hyvee,1
tazo,1
yogi,1
cystis,1
phylum,1
proteobacterial,1
unrepaired,1
economists,1
clorox,1
hypertensions,1
activism,1
blaming,1
ndd,1
spirograms,1
ers,1
peft,1
eotv,1
endocrinopathies,1
abdulaziz,1
hapatitis,1
visus,1
multistrain,1
dysmenorrhoeic,1
endocervically,1
bimalleloar,1
summarise,1
invalidate,1
polyomavirus,1
clnical,1
nidation,1
exocervically,1
exocervical,1
quench,1
sequalae,1
partsii,1
parasagittal,1
bisection,1
minimentalstate,1
finalization,1
cohabitated,1
replenishments,1
conecsi,1
signifiers,1
salaries,1
postaural,1
diminutive,1
pancolonic,1
deceitful,1
apathetic,1
spotlighted,1
masculinities,1
homosocial,1
conversed,1
denying,1
sync,1
matta,1
merle,1
aubigne,1
postel,1
roup,1
mht,1
hedonistically,1
streamed,1
oddballs,1
deviating,1
professor,1
buess,1
realist,1
metaphor,1
illuminates,1
bradyarrhythmias,1
evaluationii,1
wgoc,1
glimpse,1
tnis,1
lease,1
dezima,1
indigo,1
carmine,1
estadual,1
phosphoglycerate,1
uncalibrated,1
hyperdynamic,1
spiked,1
hatchability,1
unfed,1
thriving,1
ovicidal,1
ilis,1
afebrile,1
leucocytes,1
steflux,1
fluxum,1
stdhome,1
randomizely,1
louisiana,1
igtns,1
myelodepression,1
larval,1
reassuringly,1
jurisdictions,1
jurisdiction,1
placeb,1
laborious,1
leucorrhoea,1
mistiming,1
bored,1
jog,1
cappella,1
sideguard,1
qiagen,1
howover,1
endosystems,1
homepage,1
headmasters,1
nonmarried,1
selenoprecise,1
thypro,1
intraneural,1
perimuscular,1
refreshing,1
intrapatient,1
regenerated,1
murmurs,1
crackles,1
tumoricidal,1
cytolysis,1
hysterectomies,1
deaconess,1
fractioned,1
qilu,1
hfnu,1
lfnu,1
circulated,1
stomachache,1
grina,1
prkaca,1
jingmen,1
xiaochangshu,1
baptist,1
vericiguat,1
tranversus,1
ketased,1
erythrinamu,1
lungu,1
mulungumatusa,1
ofanxiety,1
andoxygen,1
quarisma,1
underperfusion,1
preselected,1
noncholesterol,1
thirdmolars,1
niemann,1
murmur,1
misadventure,1
fuchsine,1
fuchsin,1
ballistic,1
jordanians,1
nontrauma,1
umass,1
fricton,1
suspends,1
ravitch,1
haller,1
commodities,1
waupaca,1
unstudied,1
kopelman,1
squire,1
unpaced,1
jordanian,1
muliplex,1
sunnybrook,1
prkci,1
prochaska,1
diclemente,1
goitre,1
hypoleptinemic,1
henberg,1
vertexed,1
msh,1
cses,1
unload,1
reputed,1
aleppo,1
corean,1
psychobehavioral,1
afzali,1
mgdl,1
lifeflight,1
faction,1
amplatzer,1
tamponades,1
trios,1
formaldehyde,1
faire,1
beas,1
jurkat,1
gsdmb,1
desaturase,1
honosca,1
danzhi,1
pfdsg,1
menotropins,1
hypochondrium,1
bitter,1
oligomenorrhea,1
administred,1
morocco,1
sysadoa,1
galactosaminidase,1
xiii,1
alloplast,1
postgrafting,1
multiregional,1
mrelle,1
choi,1
wrongly,1
maquet,1
wayne,1
finest,1
exxcel,1
syria,1
anhydro,1
glucitol,1
shack,1
aberrometer,1
refractionists,1
acbs,1
mnn,1
canaloplasty,1
coinfections,1
knockout,1
fenotipo,1
ambiente,1
hipertensin,1
agog,1
multitablet,1
luoyang,1
hashimoto,1
aplio,1
toshiba,1
otawara,1
sonoelastography,1
birthweights,1
filmy,1
safty,1
sebp,1
addis,1
praval,1
panchamruta,1
suvarnabhasmadi,1
sbd,1
herbo,1
ulaanbaatar,1
mongolia,1
ababa,1
butajira,1
opcrit,1
transudates,1
transudate,1
orocecal,1
fludarabine,1
trali,1
genotipo,1
postspacer,1
kamdudha,1
radiative,1
shantytown,1
shanty,1
catalan,1
sedestactiv,1
otorrhoea,1
tympano,1
canfield,1
vectra,1
flagged,1
swung,1
chan,1
skelton,1
calmly,1
etami,1
multihospital,1
tza,1
ofradial,1
rswet,1
daxing,1
awaken,1
acculturated,1
dachengqi,1
decocted,1
euroscores,1
zhongyaoxiaoyan,1
irreversibly,1
mainstays,1
flucytosine,1
ixodes,1
trulign,1
oxtrec,1
postperiod,1
clines,1
peginterfer,1
antivirals,1
iterations,1
inbiopsy,1
spaceoar,1
fiducial,1
toto,1
densewave,1
anzhen,1
angers,1
pribiotic,1
jeopardising,1
hamdan,1
nahyan,1
seinjoki,1
jochnick,1
deinstitutionalization,1
weidens,1
dextrobupivacaine,1
bupi,1
lovett,1
surmount,1
gastrotuss,1
torrance,1
ttct,1
krona,1
dmg,1
pomezia,1
guanidinoacetic,1
rale,1
periloc,1
femora,1
servohydraulic,1
pepose,1
buckhurst,1
whitman,1
feinerman,1
hovanesian,1
davies,1
carter,1
hayashida,1
vainio,1
salama,1
bint,1
colvard,1
mittleman,1
tykerb,1
sita,1
noor,1
hypomenorrhea,1
prelacteal,1
tympanogram,1
selenoprotein,1
capizzi,1
pamora,1
rulers,1
thrombophilias,1
delegates,1
upjohn,1
adenosylmethionine,1
perivertebral,1
sponsorship,1
buzz,1
instill,1
caridex,1
carisolv,1
nitrogly,1
cerin,1
nrl,1
premeasurement,1
petroleum,1
elaidic,1
caide,1
carita,1
juho,1
khodai,1
mudpacks,1
upstate,1
sanctions,1
barbells,1
disharmony,1
photoallergenicity,1
adhe,1
econom,1
acusar,1
ubiquitin,1
myofibrillary,1
phosphoinositide,1
specialization,1
diploma,1
nifurtimox,1
chorus,1
ncds,1
lcds,1
yamanashi,1
antitrypanosomal,1
chagasazol,1
firth,1
penalized,1
resuppression,1
resuppressed,1
electrocauter,1
saltin,1
grimby,1
antirestenotic,1
immunometabolic,1
antwerp,1
apra,1
lindgren,1
sfo,1
clpoidogrel,1
avocado,1
pfa,1
deterrents,1
judicial,1
offense,1
taxifolin,1
onyx,1
glohozoospermia,1
collagene,1
secasp,1
cqoli,1
intimamedia,1
cepi,1
plains,1
stressbusters,1
nonepithelial,1
charting,1
lombok,1
prefectural,1
kita,1
agestandard,1
internalized,1
baqiyatallah,1
antipain,1
discontinuers,1
globotriaosylceramide,1
globotriaosylsphingosine,1
autophagosome,1
astrid,1
gteborg,1
hexagon,1
implantabutment,1
megstrol,1
antiestrogenic,1
blastular,1
tekscan,1
padss,1
padds,1
semiquantative,1
shun,1
fushe,1
complies,1
methylator,1
iflshowed,1
withresponse,1
postneoplasm,1
thermographic,1
hallingdal,1
postmarket,1
nusa,1
tenggara,1
assimilate,1
saluggia,1
carpentier,1
sylhet,1
ambition,1
pejorative,1
listwise,1
proteinase,1
chagasi,1
teresina,1
electing,1
friedewald,1
pangenotypic,1
rerandomised,1
ndmdar,1
servier,1
reproducibilities,1
adipokynes,1
combatants,1
piau,1
mongrel,1
onychogryphosis,1
seroprotected,1
ilib,1
semiconductor,1
necrobiosis,1
dipsacus,1
asper,1
throw,1
overhand,1
baseball,1
clubbing,1
claritin,1
pisf,1
quantikine,1
multianalyte,1
osteprotegerin,1
implantitis,1
chamaecyparis,1
obtusa,1
dihydroxybenzoic,1
feia,1
beetle,1
celery,1
notopterygium,1
incisium,1
naval,1
pensacola,1
preassigned,1
persisnent,1
virulent,1
junctive,1
sddcs,1
epimedii,1
antler,1
cibotium,1
barometz,1
eucommia,1
ventilogic,1
vladivostok,1
motoneurons,1
merano,1
interneuronal,1
toothed,1
achyranthes,1
drynaria,1
taxillus,1
chinensis,1
urgencies,1
synchronously,1
paxgene,1
sequencer,1
cbw,1
philani,1
dienogest,1
nonsleep,1
prepolysomnography,1
postpolysomnography,1
addendum,1
crista,1
supraventricularis,1
cardiomyocytes,1
endocardium,1
thrombopenia,1
severeabdominal,1
twisthaler,1
pared,1
biomet,1
depuy,1
daycycles,1
deigned,1
cystography,1
icass,1
dyschezia,1
dlco,1
mbe,1
axotomy,1
epineurial,1
reinnervation,1
nomegestrol,1
laryngoscopies,1
tunis,1
wang,1
rearrangements,1
isctrn,1
remediate,1
nonstroke,1
nonstrokes,1
coepak,1
biometrics,1
polyfunctional,1
nonrevised,1
adipocytokine,1
vtoc,1
hanifin,1
rajka,1
kua,1
supportan,1
spreadsheet,1
coccoides,1
capacitors,1
microcoil,1
conversing,1
ghsg,1
puerperal,1
flower,1
ribbond,1
ormeloxifene,1
easing,1
gung,1
sill,1
bosworth,1
hamlin,1
skokie,1
vivadent,1
liechtenstein,1
egis,1
locomtrix,1
antenna,1
dips,1
binomials,1
aaq,1
decapeptyl,1
dostinex,1
pipetting,1
radpad,1
subspecialists,1
activitiesofdaily,1
lvrcs,1
lvrc,1
pneumrx,1
abbreviation,1
gure,1
wenxin,1
venules,1
venular,1
retractable,1
cardiotocogram,1
glyndiet,1
dyssynergia,1
fibroglandular,1
florian,1
merge,1
cadres,1
alagille,1
extrinsically,1
echinocyte,1
galactorrhoea,1
adjunctively,1
parieral,1
cincinnati,1
contractually,1
reallocated,1
eyelet,1
wbb,1
medianbmi,1
meanage,1
qianding,1
intraspinal,1
epidermoid,1
mandrel,1
tmqhpi,1
nonrandomly,1
cataplexy,1
parietex,1
sbss,1
nonadjusted,1
bisf,1
nonexudative,1
imposition,1
headquarter,1
dhq,1
hilal,1
ahmar,1
alizeb,1
splenectomized,1
tcho,1
gestagens,1
lynestrenol,1
misinterpretation,1
flawed,1
sahlgrenska,1
cholecyctectomy,1
clobazam,1
ribonucleic,1
aromatization,1
progrip,1
oahu,1
krakow,1
rheum,1
halsted,1
subsegmental,1
fliticasone,1
submuscular,1
hdpal,1
acuson,1
nontender,1
exquisite,1
dimensioned,1
unsolvable,1
medicate,1
clinimacs,1
stratawere,1
categorisation,1
billboards,1
approving,1
tinuing,1
gradei,1
arthrosim,1
sorter,1
hyperproliferation,1
memorygel,1
memoryshape,1
pusan,1
evalutaed,1
fleischner,1
impermeable,1
pericoronitis,1
sandwiched,1
micturate,1
malondial,1
dehyde,1
ctnl,1
ericca,1
recommand,1
tenures,1
hungrier,1
biometeorological,1
nimorazole,1
gperm,1
epidemiol,1
inclused,1
cariscreen,1
rlu,1
likes,1
dislikes,1
deskilled,1
hypoestrogenic,1
niaaa,1
sideroblastic,1
thalassaemics,1
discriminators,1
nhird,1
basing,1
endometriomas,1
rasrm,1
patich,1
rehemorrhage,1
downsize,1
cirpcos,1
circpos,1
spacelabs,1
heschl,1
strukturierte,1
lateralized,1
copyright,1
mediums,1
bounds,1
chongqing,1
overexpress,1
colonprev,1
sulfatoxymelatonin,1
integratively,1
recurrently,1
understaffing,1
tropism,1
encapsulating,1
avl,1
revitahip,1
gaitvelocity,1
privatehomes,1
heralded,1
redirect,1
assumingly,1
touwei,1
vetchange,1
threo,1
dihydroxyphenylserine,1
venesection,1
transferases,1
orienting,1
vasomotion,1
prev,1
tokishigyakukagoshuyushokyoto,1
tympanometry,1
tasty,1
oxidizing,1
alsoone,1
remineralize,1
mucogingival,1
nonexpanded,1
immunophenotypes,1
yamagata,1
qivs,1
groostheim,1
methylxanthines,1
dyspigmentation,1
telangiectasias,1
hypodermal,1
crosslinks,1
occipitotemporal,1
dysfunctionally,1
glucogenic,1
tricarboxylic,1
oxoglutarate,1
flooring,1
tivs,1
eisai,1
postmortem,1
ultrasonographically,1
austin,1
questionaries,1
zephyr,1
reinvestment,1
foraminal,1
mfsi,1
ckiwducapzc,1
greeks,1
heaal,1
immunogen,1
photocatalyzed,1
bec,1
neutralises,1
interchanging,1
fliers,1
waterloo,1
pentasa,1
standpoint,1
postsuspension,1
roy,1
gagne,1
briggs,1
korogocho,1
viwandani,1
happens,1
associao,1
brasileira,1
colite,1
ulcerativa,1
doena,1
birds,1
remineralizing,1
ketocholesterol,1
electroglottgraphy,1
comparism,1
intralaryngeal,1
acticoat,1
repatriation,1
malodorous,1
nanocrystaline,1
battlefield,1
breakingtheice,1
endnote,1
regroup,1
guatemalan,1
bandiagara,1
aminosalicylates,1
mesalazina,1
vpsg,1
parse,1
affirmative,1
twirling,1
watt,1
cardiometablic,1
torches,1
chaiqin,1
balthazar,1
triangulating,1
busheng,1
castest,1
messengers,1
vses,1
veil,1
superposed,1
atoms,1
pesticide,1
youngwomen,1
agranulocytosis,1
tunel,1
unseen,1
devick,1
andbipolar,1
ofadrainage,1
supraglotic,1
ila,1
nonstigmatizing,1
kato,1
heo,1
interlinked,1
retrieving,1
neoadjunctive,1
loeys,1
dietz,1
zif,1
zcf,1
oxicam,1
modecule,1
predicitive,1
neurofibromas,1
companionate,1
polychlorinated,1
biphenyls,1
dioxin,1
pivus,1
hrgc,1
hrms,1
homefit,1
abdominals,1
pscate,1
mitogenetic,1
mitogenesis,1
rcos,1
disengaged,1
neuver,1
retzlaff,1
kraff,1
ebps,1
islgs,1
guanoscine,1
bietti,1
knives,1
placido,1
perfalgan,1
eighteenth,1
farnesylation,1
pyridinoline,1
unsw,1
tijuana,1
hombre,1
clariti,1
trueye,1
localities,1
obh,1
gainful,1
recipiency,1
hydrocarbons,1
lmics,1
cognitivoemotional,1
venereology,1
levocetrizine,1
hood,1
dpb,1
perceptually,1
lemma,1
operates,1
pldh,1
holters,1
bougienage,1
clevedipine,1
personalization,1
cefoxitin,1
shenzhu,1
arte,1
theraputic,1
arousable,1
phytosterol,1
monopoly,1
promillekoll,1
partyplanner,1
estimators,1
margaret,1
individualy,1
douglas,1
nuliparous,1
tauramin,1
subparticle,1
impinged,1
plasmapheresis,1
tissure,1
urticarias,1
idarubicin,1
leukemias,1
bmts,1
unachieved,1
sympyomatic,1
contradicts,1
generalists,1
forgoing,1
contradictions,1
forword,1
cilliary,1
pourcelot,1
nonsurviving,1
uil,1
hchanges,1
intercal,1
noninjectable,1
sulfentanil,1
affirmations,1
downloads,1
importation,1
purinergic,1
adenosinergic,1
sturge,1
weber,1
premedx,1
nimes,1
vcu,1
generale,1
ticd,1
logic,1
transportable,1
obliterated,1
petrous,1
behaves,1
hypocretin,1
phallus,1
ppds,1
pokdiksus,1
rscm,1
dharmais,1
remuneration,1
dois,1
plhd,1
polyvalent,1
rebel,1
inodilator,1
activiting,1
spilberger,1
exchanges,1
plagued,1
lazio,1
midbelly,1
parallelepipedon,1
orodispersible,1
traces,1
tert,1
travalert,1
tda,1
natally,1
reengineering,1
sanad,1
obf,1
dysconnectivity,1
elucidation,1
audiogram,1
assuredly,1
santhera,1
oversampling,1
yellowing,1
upheld,1
weaken,1
tilted,1
export,1
dimpling,1
individualization,1
myelogenous,1
houghton,1
neurobehavior,1
hypochondriac,1
lumbosciatica,1
fse,1
mainritsan,1
cryogen,1
escherichiacoli,1
antiallergy,1
lenght,1
transsexualism,1
caryotype,1
virgins,1
bulovce,1
adnexectomy,1
infraumbilical,1
akkermansia,1
muciniphila,1
fodmaps,1
mesocorticolimbic,1
boonstra,1
rehabil,1
smeets,1
hoboken,1
slaughterhouses,1
collectin,1
trifma,1
ficolins,1
lansing,1
detroit,1
antifibrinolysis,1
compressively,1
synovium,1
stanched,1
discal,1
bami,1
fibroproliferative,1
mmax,1
optometry,1
neuropilin,1
excepted,1
chikungunya,1
sholapur,1
trialregister,1
crotalidae,1
pathognomonic,1
radiculomyeloischemia,1
tonics,1
antiedemics,1
spondylic,1
cima,1
panchakarma,1
virechana,1
purgation,1
shirodhara,1
singaporeans,1
mvk,1
dystrophic,1
deranged,1
aristotelia,1
chilensis,1
symport,1
jejenum,1
dependant,1
intraforaminal,1
finalising,1
stemis,1
compendial,1
delphinidin,1
owed,1
repositories,1
hydroyproline,1
headings,1
nonstimulating,1
diverging,1
sawcut,1
gypsum,1
divergences,1
nonthyroidal,1
azarbayjan,1
diaspirin,1
texrad,1
snakebitten,1
maximization,1
mucoadhesive,1
strictness,1
guggulsterones,1
sylimarin,1
lend,1
conductor,1
nonautologous,1
cock,1
shoulderq,1
drilled,1
headless,1
pneumatically,1
plunger,1
easyhaler,1
pifs,1
kettering,1
indifference,1
orthostatism,1
browse,1
recptno,1
supernumerary,1
quantec,1
anxietyspectrum,1
kirsten,1
roughened,1
machined,1
conically,1
holgers,1
recognizable,1
leihong,1
eriksen,1
cesi,1
stablecoronary,1
slurries,1
stirring,1
deionized,1
bhi,1
congenitally,1
wollongong,1
cupertino,1
telling,1
nondisclosure,1
envisioned,1
sanatorio,1
gemes,1
articularly,1
sloan,1
aintree,1
enacwy,1
recf,1
multiphasic,1
breathid,1
asubstitute,1
bythe,1
inhibting,1
aldosteron,1
astigmats,1
immersive,1
insure,1
nfkbia,1
nonoscillating,1
hyperextended,1
hurt,1
idnt,1
innogenetics,1
alpharetta,1
veau,1
neophyte,1
pachometer,1
thromboangiitis,1
thenon,1
bpreduction,1
pillbox,1
hyperacuity,1
injuring,1
glyceryltrinitrate,1
recourse,1
korinna,1
solubilizer,1
inquiries,1
hesitation,1
expelled,1
hapgok,1
ldpi,1
questionare,1
diametrical,1
neovasculogenesis,1
rradj,1
trident,1
annealed,1
haematotoxic,1
pyrophosphate,1
polyarthritis,1
pertain,1
automate,1
circlage,1
incursions,1
imagerysm,1
igi,1
acylghrelin,1
unacylated,1
renaal,1
maillard,1
egss,1
shininess,1
poes,1
polysomnographs,1
hedge,1
hypervascular,1
adjustors,1
medellin,1
decosahexaneoic,1
ymcas,1
oses,1
burgeoning,1
reactt,1
abigail,1
intraairway,1
ofmyocardial,1
valiant,1
cvevents,1
matured,1
casomorphin,1
geisinger,1
carmenta,1
seminomatous,1
sternotomies,1
spoiled,1
craig,1
purslane,1
portulaca,1
poleracea,1
audiences,1
monosodium,1
gulu,1
subscribe,1
subscription,1
acholi,1
conformation,1
matwa,1
masai,1
cuenca,1
ciudad,1
staphylococcal,1
mssa,1
erik,1
customs,1
legsys,1
biosensics,1
pedar,1
ecl,1
cathejell,1
bearable,1
intraurethral,1
soreg,1
ugnb,1
gelatinous,1
ugnbs,1
plasmalyte,1
consonants,1
phonetic,1
prequit,1
dth,1
irrc,1
adni,1
necs,1
additonal,1
mesna,1
lenograstim,1
ppsv,1
milliplex,1
indium,1
ingaaip,1
radiotherapist,1
curious,1
scrapings,1
erect,1
sonohysterography,1
metroplasty,1
septate,1
prediagnostic,1
protumorigenic,1
antitumorigenic,1
xepon,1
savannakhet,1
laos,1
mmvs,1
parametes,1
xilazine,1
arboviral,1
cpeak,1
registrars,1
phds,1
nearing,1
talents,1
pulldown,1
cass,1
normocoagulable,1
hypercoagulation,1
hypocoagulation,1
coloanal,1
ileoanal,1
dasl,1
quantile,1
federated,1
axbxc,1
keystrokes,1
jingming,1
lgbi,1
overemphasis,1
tectomy,1
inspiring,1
talented,1
rratio,1
parsippany,1
nikolsky,1
fifths,1
dendrograms,1
misaligned,1
brucella,1
undercarboxylated,1
barbs,1
polyglyconate,1
edof,1
metamorphopsias,1
monkshood,1
phosphoramide,1
oxazolidonyl,1
valyl,1
polychemotherapy,1
histomorphometrics,1
biphase,1
ppsvs,1
eurasian,1
scrofa,1
baiting,1
baits,1
decimal,1
hardman,1
sheltered,1
medicis,1
dispensers,1
dispenser,1
kemu,1
gustative,1
contradicted,1
autoinhibition,1
behaviourally,1
aspartic,1
stereotypies,1
padova,1
sansum,1
xerostomic,1
paraben,1
qsp,1
specialities,1
mountainview,1
hypertext,1
downloading,1
signi,1
plas,1
foreseehome,1
highways,1
teenager,1
antiuberculosis,1
reactivated,1
radiolabeled,1
svs,1
intercostals,1
prerib,1
syncopal,1
exoseal,1
mvi,1
aesthetically,1
counterbalances,1
combating,1
inhospital,1
pericardiotomy,1
sirturo,1
diarylquinoline,1
relearning,1
demensional,1
midi,1
cuebase,1
malfunctioned,1
manovas,1
congrongyizhi,1
perifoveal,1
cabinet,1
metformine,1
peptid,1
pairings,1
semiparametric,1
ethnocultural,1
ifct,1
implements,1
msab,1
dizzyfix,1
quito,1
indrawing,1
ecuadorian,1
nonelective,1
folliculometry,1
brighton,1
brooklyn,1
pushrim,1
metatarsals,1
oligonucleotides,1
promalignant,1
basement,1
nominate,1
vertec,1
comics,1
mangram,1
iiii,1
ctrad,1
waffled,1
vaporizing,1
phacoemusification,1
latrine,1
fibrillin,1
asteatotic,1
palmitoylethanolamine,1
acetylethanolamine,1
washcloths,1
irbs,1
desktop,1
dispensary,1
kilimanjaro,1
mwanga,1
practicum,1
berne,1
jiejie,1
sibelium,1
ultrasonogram,1
constellations,1
earlycbt,1
birthlength,1
exdase,1
shadowing,1
escalate,1
postenrolment,1
subclassified,1
immunohistomorphometry,1
mammal,1
pgp,1
disbalance,1
vagotonia,1
anmian,1
mresults,1
sarlahi,1
denominator,1
maori,1
bioengineering,1
esprit,1
therapiesie,1
interventionseven,1
depo,1
semipermeable,1
sensitize,1
recap,1
reinfections,1
schizontocidal,1
epiphysis,1
chick,1
costless,1
propulsion,1
followback,1
invaded,1
lukas,1
dampening,1
chloro,1
mallory,1
mesoscale,1
authored,1
missions,1
hepatitisc,1
headspace,1
reappraisals,1
hrts,1
cuba,1
salk,1
resampled,1
fangchuan,1
lancelot,1
desacyl,1
mpl,1
asymptote,1
registrystudy,1
nesp,1
chamfer,1
copings,1
waxed,1
micromole,1
nitration,1
appendectomies,1
deacetylation,1
nonhistone,1
elen,1
comprehensible,1
comprehending,1
gasping,1
menveo,1
menactra,1
inflamtion,1
fluro,1
muticenter,1
trending,1
oxybate,1
axillo,1
hemorrhoidectomies,1
pendant,1
transenteral,1
undeiwent,1
sankt,1
antiresorptive,1
hologic,1
astami,1
precontoured,1
erc,1
founded,1
maneuvering,1
stretcher,1
multipeptide,1
melanocytic,1
nonresponding,1
pharmaceutically,1
slogan,1
tauopathies,1
parkinsonisms,1
immuphenotypic,1
spasmodio,1
huici,1
thel,1
werrecorded,1
phenothiazinium,1
micromorphology,1
macromorphology,1
intracanal,1
insofar,1
conceptus,1
reconfirm,1
shishu,1
ampullary,1
settlements,1
deescalation,1
rang,1
unimproved,1
extrapedicular,1
dissemond,1
perceau,1
configured,1
ngy,1
sievert,1
gycm,1
unpalatable,1
assaults,1
prosecution,1
pleurisy,1
tutors,1
tutored,1
coloproctology,1
stfold,1
needleing,1
enventional,1
conventionap,1
bohbot,1
tacca,1
meaume,1
gpas,1
nmds,1
amylin,1
courseware,1
mcqs,1
cerium,1
carbonylation,1
hydroxynonenal,1
upand,1
rectangle,1
celfuroxime,1
glucosylceramide,1
karyotype,1
entoptic,1
ldv,1
tanning,1
tiers,1
controllong,1
recrudescent,1
dextromethrophan,1
fenwal,1
ominous,1
hematopoiesis,1
adamts,1
addicted,1
functioni,1
erodable,1
paraesophageal,1
cardiophrenicopexy,1
demeester,1
gdi,1
methionyl,1
nonmyeloid,1
granulopoiesis,1
hemopoietic,1
physico,1
sonicated,1
zygomatic,1
dartmouth,1
epicardium,1
radioligand,1
vogue,1
mixers,1
lays,1
oneyear,1
nonsegmental,1
irritants,1
grintuss,1
fishy,1
vaginitis,1
agalactiae,1
lmg,1
definable,1
bacteriosis,1
thanks,1
lowtemperature,1
thawing,1
limus,1
freezedried,1
deferral,1
postwounding,1
minilaparotomy,1
unrestrained,1
nonphysicians,1
sterility,1
micronutriments,1
enfant,1
fern,1
phototype,1
bandeirantes,1
hegar,1
qingfei,1
peiyuan,1
menafricar,1
metabochip,1
finns,1
prognostically,1
hypophagic,1
rainbow,1
preductal,1
initiators,1
triatoma,1
dimidiata,1
explants,1
lamia,1
pupilary,1
rapd,1
berghei,1
anka,1
overdiagnoses,1
floors,1
nymph,1
genomestudio,1
gangdong,1
encyclopedia,1
socializing,1
paran,1
preablation,1
rite,1
budapest,1
outward,1
nonmain,1
uncle,1
lightfoot,1
selp,1
dislipidemia,1
postoxaliplatin,1
vcam,1
jiangyagou,1
alim,1
gateway,1
oxides,1
alecardio,1
stereotaxy,1
demerol,1
intricately,1
ergometre,1
observatory,1
workflows,1
lvns,1
tetrahydrobiopterin,1
chondrocytes,1
nanosomal,1
vpi,1
juxtaanastomotic,1
coffman,1
colonizes,1
warth,1
starry,1
performedon,1
substratum,1
unrecalled,1
denonvilliers,1
vesicourethral,1
dysreflexia,1
danes,1
rcavfs,1
rcavf,1
derry,1
londonderry,1
albustix,1
escherischia,1
regimenin,1
transrectalprostate,1
fluor,1
unitary,1
indocyaine,1
brilliant,1
phnrs,1
thymosin,1
fecs,1
adulticidal,1
cyathostomins,1
airplanes,1
parametres,1
csfet,1
flours,1
amyl,1
bodywork,1
parel,1
baddi,1
reli,1
pathumthani,1
postoperativeparecoxib,1
palpebromalar,1
midpupillary,1
infraorbital,1
tagsnp,1
henoch,1
schonlein,1
pseudobutyrivibrio,1
butyrivibrio,1
overdistension,1
unrefined,1
stagnated,1
aerochamber,1
paternalistic,1
pesticides,1
lankan,1
atropinisation,1
tuition,1
hypovolemia,1
atherovascular,1
concordia,1
antarctica,1
shiver,1
medazolam,1
remark,1
eventsof,1
constrictions,1
rut,1
shifa,1
flp,1
violates,1
euroaspire,1
imagines,1
synergies,1
prwe,1
mulk,1
nawaz,1
salik,1
hpsag,1
bacteroidales,1
melanocytes,1
vitiliginous,1
hague,1
tbis,1
previouslyindependent,1
opposes,1
camberwell,1
gaussian,1
biennially,1
arbitration,1
offsite,1
grassroots,1
drugstores,1
pupal,1
semielective,1
saliner,1
enucleative,1
basion,1
subspinale,1
nascent,1
countered,1
uninflated,1
lancashire,1
heinrich,1
malvastrum,1
coromandelianum,1
linn,1
garcke,1
ofmc,1
numeration,1
abundantly,1
grinded,1
bothmild,1
yellowness,1
wamd,1
tocopheryl,1
ventrolateral,1
gyri,1
amnioinfusions,1
barack,1
blankly,1
comrade,1
obsession,1
ovm,1
euthanatized,1
macrostructure,1
albuminr,1
pretreatments,1
reinforcers,1
usp,1
hemagglutin,1
antimullerian,1
densedisperse,1
tolarance,1
clippers,1
scape,1
shirt,1
nematode,1
nematodes,1
helminthiasis,1
inflexible,1
ofthekidneys,1
subthemes,1
glassy,1
finalizing,1
mesher,1
presumptively,1
explorations,1
anticoagulantactivity,1
redeeming,1
totalled,1
plotting,1
encephalography,1
anxio,1
agonism,1
drugstore,1
multibacillary,1
superfluous,1
placebocontrolled,1
hcst,1
groupv,1
ultrafast,1
chooses,1
prelabor,1
dialyse,1
dougados,1
dinnertime,1
swathe,1
suctioned,1
adjunction,1
melaleuca,1
sintered,1
yttriastabilized,1
tetragonal,1
polycrystal,1
diethylenetriamine,1
pentaaceticacid,1
vic,1
masseters,1
disinhibit,1
miniincision,1
vitalock,1
fenestrations,1
unexpanded,1
subgraft,1
unfenestrated,1
inflammary,1
oftehran,1
ethicist,1
consumable,1
astis,1
tracheo,1
masseteric,1
redefine,1
broadband,1
rothschild,1
ubos,1
transunsaturated,1
nonprototype,1
prototyped,1
arachidonate,1
lipoxygenase,1
bacteriology,1
leber,1
amaurosis,1
fixate,1
illuminance,1
sophomore,1
teleconsultation,1
telecommunications,1
controlledcardiovascular,1
kilovoltage,1
monocytogenes,1
worrisome,1
navigationid,1
lyman,1
kutcher,1
burman,1
computing,1
phlebology,1
gazes,1
unloveability,1
unbearability,1
goshajinkigan,1
debiopharm,1
ripheart,1
reviewif,1
glutenase,1
ack,1
nowledged,1
natura,1
maltodextrine,1
nelfinavir,1
univentricular,1
doll,1
geriatrics,1
sebumeter,1
precollege,1
matriculation,1
intertreatment,1
showcasing,1
brownies,1
tumournecrosis,1
osteomalacia,1
phex,1
kyowa,1
hakko,1
kirin,1
minpain,1
prepregnant,1
breaching,1
tjutcm,1
lbfc,1
monitorised,1
ruler,1
aminoindan,1
mcrs,1
changsha,1
counterpulsation,1
levofloxain,1
conformability,1
dsrb,1
lowback,1
nuggets,1
hash,1
browns,1
chemodenervation,1
preempt,1
dermabond,1
mammoplasty,1
panniculectomy,1
ofcytopenia,1
anshendingzhi,1
danzhixiaoyao,1
dbps,1
opps,1
objectionable,1
darkened,1
zhigou,1
shengrue,1
bruises,1
abuts,1
layman,1
marrakesh,1
apicales,1
echography,1
infloran,1
metalloprotease,1
ketchup,1
parma,1
succeeding,1
phasing,1
deathorhospitalization,1
caregroup,1
crbsis,1
rheologic,1
perfusionist,1
thromboelastogram,1
acumen,1
nric,1
bazzett,1
cytotoxin,1
auristatin,1
retransfusion,1
crbsi,1
rheology,1
testimonials,1
proximate,1
upwards,1
takla,1
donnell,1
sometime,1
hyperklemia,1
pgti,1
wife,1
calafiore,1
xantine,1
scrubbed,1
disintegrin,1
prosody,1
coexpressing,1
artemisinins,1
pdts,1
durbin,1
neotigason,1
actavis,1
riem,1
nonamyloidogenic,1
podocytes,1
podocyte,1
shiva,1
druggable,1
peripubertal,1
auxologic,1
albios,1
sorting,1
percepts,1
matchable,1
rxr,1
pharmacogenetically,1
coag,1
venham,1
hypro,1
mohammed,1
doulas,1
shortenings,1
ostwestry,1
comi,1
masstotal,1
masspain,1
solitude,1
ancona,1
fortify,1
alveolitis,1
noncolloid,1
radioiodinated,1
risa,1
torr,1
sedis,1
xiv,1
lachnospiraceae,1
sphygmocor,1
incertae,1
ppab,1
prototypical,1
beasat,1
cidi,1
dangxiong,1
sublayer,1
masssensation,1
extrapersonal,1
fludeoxyglucose,1
dreadful,1
redistribute,1
burlington,1
professors,1
waits,1
queuing,1
pseudomonal,1
antimetabolite,1
elastotic,1
noga,1
myostar,1
minnmol,1
angiotomography,1
angiotomographic,1
proposing,1
firearm,1
bandura,1
monoinfected,1
intraplantar,1
freund,1
midsole,1
uies,1
mayer,1
rokitansky,1
kster,1
neurosci,1
supporters,1
polled,1
lagophthalmos,1
schemas,1
beeswax,1
alcohols,1
anywhere,1
methodologists,1
brainstorming,1
vincent,1
virgil,1
nonlytic,1
locke,1
contextualise,1
mesencephalic,1
addenbrooke,1
csmes,1
jitter,1
shimmer,1
casr,1
somang,1
eumsung,1
actos,1
minpmoll,1
ivgtt,1
torisel,1
intorsect,1
unremitting,1
beaming,1
odts,1
lescol,1
bruggemann,1
fluorimetric,1
haemorrhoid,1
hydroxycarbonate,1
healthtalkonline,1
dietetics,1
discreetly,1
dissolves,1
yehuda,1
magerl,1
caudad,1
sawbone,1
engrafted,1
csx,1
hawaiians,1
nhopis,1
heartnetcare,1
hql,1
nonresolution,1
opticians,1
recto,1
logistics,1
apartments,1
saftee,1
dice,1
wilson,1
infiltrations,1
anhydrate,1
icycle,1
optimizer,1
planner,1
sousse,1
heterozygosity,1
tunisians,1
decoctions,1
implanter,1
handouts,1
monosymptomatic,1
sistertalk,1
counselee,1
staffordshire,1
rapider,1
violators,1
curls,1
microalbuminaria,1
nonfutility,1
macroplastique,1
deflux,1
guilan,1
lombardy,1
electrocorticography,1
thrombogenicity,1
thrombogenesis,1
imubind,1
suprahyoid,1
tissular,1
heartassociation,1
anorgasmia,1
withstood,1
postdesigned,1
farooq,1
rhil,1
humira,1
callbacks,1
medigram,1
interswallow,1
methylaminolaevulinate,1
chlorhexidene,1
hemoptysis,1
scagliotti,1
nonradioactive,1
dyes,1
essen,1
sympathctomy,1
transecting,1
seldinger,1
amsler,1
krumeich,1
nonectatic,1
basin,1
radiocolloid,1
subparalyzed,1
kosirai,1
underrepresentation,1
inattentive,1
butler,1
custodiol,1
drawers,1
hyperkaliemia,1
nonchagasic,1
cytokeratins,1
ubiquitination,1
kelch,1
adipogenesis,1
edoscopic,1
putamenal,1
thio,1
pocock,1
mpigi,1
hemocuer,1
transect,1
iterated,1
disfigured,1
ifma,1
aliquoted,1
rebubbled,1
sacin,1
abpi,1
qvar,1
autohaler,1
turbohaler,1
asperger,1
haut,1
anytime,1
ultrarapid,1
covance,1
gtvln,1
ctvln,1
calculators,1
retira,1
vitacog,1
biplane,1
ventriculographic,1
harran,1
polyetheretherketone,1
odom,1
linum,1
usitatissimum,1
solubilized,1
subpar,1
hwato,1
defecated,1
tian,1
shui,1
linearization,1
graduates,1
nonsoy,1
nonemotion,1
nonpriming,1
nonemotional,1
cyclosilicate,1
pangguangshu,1
accrue,1
nonmotorized,1
encased,1
apsep,1
podcasts,1
sdz,1
timone,1
flaxseeds,1
kinetica,1
aumc,1
photoperiod,1
shorthair,1
frizzled,1
enterohepatic,1
overruling,1
mlhf,1
videoconferences,1
smedemester,1
insipidus,1
coincidental,1
peitho,1
retroauricular,1
facelift,1
bifactorial,1
haemodialysed,1
coibined,1
madhya,1
latrines,1
storm,1
psuperiority,1
cuisine,1
econometrically,1
elasticities,1
vrlcs,1
molly,1
nonsocial,1
hypofluorescent,1
heparinemia,1
cccs,1
numed,1
hopkinton,1
betweengroups,1
statussignificantly,1
isasafe,1
liuzijue,1
parahippocampal,1
rhinal,1
niger,1
wallichii,1
wuzhuyu,1
evodiae,1
vinegar,1
gabbert,1
misinformation,1
dialysance,1
niels,1
hustru,1
johanne,1
frederiksens,1
legat,1
infusate,1
tncc,1
posttherapeutic,1
tibolne,1
uing,1
obturation,1
ophthalmoscope,1
stereoscopically,1
pudding,1
cracker,1
minmax,1
epileptologist,1
surveying,1
colchicinein,1
skpt,1
rehearsing,1
knock,1
bifurcations,1
eaas,1
aats,1
coloured,1
lrtis,1
hyperadrenergic,1
incongruity,1
distributable,1
nartial,1
eso,1
enlisted,1
exogenously,1
oncogenesis,1
laparoscopical,1
hovedstaden,1
osteoanabolic,1
hexosamine,1
drills,1
foradultpatients,1
proctocid,1
hemorroidectomy,1
surfaced,1
methylguanine,1
backflow,1
avita,1
pharmasset,1
sloreta,1
oscillated,1
linz,1
keratoconic,1
pachymetry,1
variolink,1
indexheart,1
ratesystolic,1
pressurekmono,1
kmono,1
hatching,1
nulliparity,1
singaporean,1
goers,1
levo,1
hubei,1
wujiagang,1
oxic,1
dioptex,1
temperate,1
precamp,1
granulated,1
facail,1
weary,1
norig,1
gpcrc,1
neurovive,1
pnau,1
infraction,1
sonicare,1
tongshu,1
atrioesophageal,1
debater,1
dwis,1
moxibistion,1
purkinje,1
errorless,1
epiribicine,1
readable,1
matricectomy,1
clx,1
hmrs,1
autografted,1
recell,1
dining,1
polyhistidine,1
glucuronosyltransferase,1
constrict,1
tetranor,1
acut,1
sanqi,1
sneeze,1
tired,1
totle,1
vesion,1
sleeep,1
nonconvulsive,1
cocain,1
diclophenac,1
theprimary,1
crossaction,1
mujib,1
lauryl,1
elonva,1
maebashi,1
yamaguchi,1
kanji,1
citizen,1
analogy,1
nonsupervised,1
boophilus,1
encode,1
aquaporins,1
engorged,1
bioinformatic,1
pichia,1
pastoris,1
futu,1
cetomacrogol,1
procrea,1
sarcolemma,1
luciferase,1
bayberries,1
ibclc,1
maxqda,1
terminus,1
campo,1
grande,1
hyposensitizing,1
coloscopy,1
gynius,1
bangabandhu,1
sheikh,1
groupe,1
franais,1
pneumo,1
gastronomically,1
cookbooks,1
sahel,1
diamondclean,1
gumline,1
guangming,1
ardabil,1
chloramphenicol,1
retractors,1
preopertively,1
wick,1
themidterm,1
oblongata,1
insertable,1
hyperketonemia,1
pollakiuria,1
oviposit,1
lactational,1
latch,1
crossfit,1
triamcinalone,1
chores,1
nazpyara,1
umepamuenas,1
theuse,1
ithout,1
diag,1
stic,1
defaecated,1
poseidon,1
honolulu,1
subnitrate,1
intramammary,1
ascular,1
intraopertive,1
eyedrop,1
inhibtors,1
oxybuprocain,1
biosimilars,1
counterintuitively,1
alexiades,1
hbe,1
shrimp,1
reactivities,1
cardiogram,1
paulista,1
blastemal,1
siop,1
theres,1
archiving,1
dissipates,1
crafts,1
paediatrics,1
rcpch,1
didactically,1
hopeless,1
mastic,1
xantham,1
winkel,1
tragacanth,1
locust,1
orchestra,1
morbi,1
aneurism,1
artper,1
ccd,1
digitization,1
microcapsules,1
achromat,1
hyporeflective,1
hrz,1
measurably,1
stranding,1
autoregulatory,1
refrigeration,1
peelings,1
finochietto,1
queaseease,1
scents,1
enterprise,1
fructooligosaccharides,1
gujarati,1
bothering,1
speculation,1
valie,1
polylactic,1
microgrips,1
bypassing,1
rollman,1
varimax,1
lipopeptide,1
prishtina,1
steinbrocker,1
arrestees,1
crimes,1
mandarin,1
lacerda,1
discouraging,1
scis,1
vestibules,1
ibond,1
extraorally,1
inspektor,1
venoplasty,1
rox,1
protruding,1
reimaged,1
cardiotoxic,1
acknowledgments,1
brice,1
nonamnestic,1
noninterruptive,1
anxieties,1
skim,1
cons,1
thko,1
shortwave,1
lublin,1
depics,1
ntotal,1
mbd,1
absorptiometer,1
veleti,1
pess,1
vertebraes,1
accross,1
pikasol,1
axellus,1
docohexaenoic,1
biobanking,1
ketprofen,1
nonproportional,1
nontypable,1
abusing,1
penitentiary,1
criminological,1
exploited,1
decouple,1
inextricably,1
neuromodulators,1
arbitrates,1
spondylolysis,1
bisect,1
sabbatsberg,1
golestan,1
chromoendoscopic,1
lugol,1
zanjan,1
viiv,1
shionogi,1
postbooster,1
frontally,1
occipitally,1
doser,1
ubvs,1
idle,1
elegant,1
predisposes,1
triangulate,1
repairation,1
propagating,1
disequilibrium,1
snpstats,1
argentine,1
panamanian,1
exchanging,1
acetylgalactosamine,1
grapevine,1
hubs,1
sulfatase,1
discirculatory,1
seri,1
engagements,1
infision,1
preingestion,1
chishaodanpi,1
diammonium,1
glycyrrhizinate,1
glucurolactone,1
primaryfilling,1
ostensible,1
otolaryngologist,1
methyliodophenyl,1
seeked,1
chlorophenylpiperazine,1
uem,1
hinges,1
bwht,1
nabs,1
pronator,1
teres,1
rerouting,1
waerden,1
jamaica,1
antigua,1
lucia,1
brachi,1
exhausting,1
eletromyographic,1
miettinen,1
nonpathogenic,1
veridex,1
immunocytochemistry,1
shriners,1
nurminen,1
exfoliations,1
supertonic,1
upto,1
periacetabular,1
holed,1
illustration,1
transvalvular,1
prognosticator,1
acurately,1
photobleach,1
chromatopsia,1
becker,1
sympatholysis,1
dystrophin,1
dystrophinopathy,1
sokolow,1
buhlmann,1
nulliparas,1
sufentanyl,1
dycal,1
taqscreen,1
mpx,1
minipool,1
proteinases,1
carica,1
sapphire,1
prepubic,1
adupilumab,1
taransaminase,1
foamy,1
coformulation,1
dentogen,1
dix,1
hallpike,1
haemolytic,1
finalised,1
quickens,1
histrionic,1
narcissistic,1
immpact,1
const,1
igulada,1
dinds,1
endogen,1
parotidectomies,1
ventera,1
draf,1
phical,1
iiir,1
assemble,1
circulex,1
geneis,1
ibw,1
humulin,1
humalog,1
mechlorethamine,1
mediastinum,1
dimeric,1
cogpack,1
sleeper,1
reestablish,1
cyto,1
macrodissected,1
susehri,1
palmolive,1
piscataway,1
laparotomies,1
wuzhi,1
csssi,1
tlrs,1
nod,1
incongruent,1
cluttered,1
cotreated,1
archetype,1
iaea,1
beprepared,1
cadmium,1
wzcs,1
adventures,1
lesterol,1
tongnao,1
disassemble,1
antileukotrienes,1
pricks,1
ramified,1
phagocytosis,1
fibrillary,1
neurotropic,1
synaptotagmin,1
synaptophysin,1
biracial,1
breached,1
gertzbein,1
robbins,1
ebis,1
shavano,1
carefusion,1
iniecition,1
fibrosure,1
acti,1
sost,1
concurrency,1
ulcerated,1
hypodermically,1
carboxyglutamic,1
hkc,1
postdistributive,1
strati,1
fied,1
xueshuan,1
xinmaining,1
avlt,1
intraosseous,1
waismed,1
vidacare,1
jeopardizing,1
forschungsgemeinschaft,1
destiny,1
inthe,1
evacuated,1
aminoglycoside,1
unmonitored,1
psc,1
slef,1
chlorides,1
polyene,1
bernhard,1
minnetonka,1
alphascreen,1
physicals,1
alkylphosphatidylethanolamine,1
alkenylphosphatidylethanolamine,1
phosphatidylglycerol,1
phosphatidylethanolamine,1
rpah,1
mel,1
ramsey,1
regrouped,1
unify,1
assura,1
quartet,1
sylmar,1
doublets,1
browser,1
easyto,1
samuel,1
perpetual,1
mesially,1
deactivated,1
pernicious,1
phenolphthalein,1
pantoprazol,1
postradioiodine,1
progeny,1
accorded,1
songklanagarind,1
comptroller,1
micronutient,1
epigenetics,1
qugu,1
huiyin,1
legislative,1
piecemeal,1
endoclipping,1
milwaukee,1
bamberg,1
schmidt,1
intraocularlinsen,1
augustin,1
miols,1
warfasa,1
loge,1
discopathy,1
tand,1
authorised,1
tonopen,1
mirroring,1
assembling,1
fgd,1
kuanxiong,1
confirmatively,1
attacked,1
periconceptional,1
buccolingually,1
glucagonotropic,1
playtimes,1
monohexosylceramide,1
dihexosylceramide,1
trihexosylceramide,1
gangliosides,1
nonirradiation,1
clumsiness,1
extroversion,1
krog,1
narcosis,1
iontophoreses,1
ecrs,1
sacramento,1
previsit,1
doseketamine,1
livers,1
nonfunction,1
breatheasy,1
easiness,1
dahl,1
intralymphatic,1
logarithmized,1
inertial,1
phosphofructokinase,1
hexokinase,1
unwarranted,1
astronaut,1
leishmanial,1
parasitologically,1
percha,1
compaction,1
dilutional,1
troubling,1
looming,1
nonencouraged,1
nonaccommodative,1
kgmin,1
gwtg,1
penthotal,1
maintainence,1
vakcc,1
nondermatologists,1
egfrcockcroft,1
histocytologically,1
aprop,1
provisionally,1
megagen,1
sulfonamides,1
lactams,1
colanta,1
shengjinrun,1
zaoyangxue,1
attikon,1
heterophoria,1
antidepressive,1
nanostructured,1
calciumincorporated,1
fogarty,1
rheumatisms,1
paddocks,1
analgaesic,1
immunofluorescent,1
bruog,1
relanium,1
trimeperidin,1
crossbar,1
crooks,1
aucall,1
emetogenicity,1
psychoanaleptics,1
arid,1
compareable,1
mlm,1
aurocs,1
inferotemporal,1
onh,1
subependymal,1
astrocytoma,1
segas,1
coalitions,1
rsdi,1
zare,1
bondo,1
pretoria,1
nondancer,1
scoliometer,1
monotonically,1
mide,1
consulters,1
gravel,1
crusher,1
forefeet,1
hiiamd,1
mnedica,1
epifisa,1
tubercular,1
trimalleolar,1
syndesmotic,1
receptiveness,1
retinoscopic,1
trembling,1
straightening,1
congresses,1
postinitial,1
spiculated,1
osterrieth,1
pina,1
leukemianet,1
beighton,1
protaper,1
gutta,1
romark,1
sobrinus,1
viscosus,1
acidogenicity,1
yaoshu,1
interproximally,1
formers,1
adenopathy,1
triennial,1
ureterorenoscope,1
hydrodilatation,1
qizhu,1
lamivudin,1
interrogate,1
giomer,1
visuo,1
dismissed,1
proclinicai,1
sudbury,1
haematotoxicity,1
synchronizes,1
telescope,1
postrandomisation,1
howlong,1
napn,1
lmu,1
igniting,1
assrs,1
kimberly,1
clark,1
duckbill,1
carpenters,1
assr,1
fusyo,1
inseminated,1
oestrous,1
nonviable,1
antianginal,1
samsung,1
internalisation,1
hyperadrenocorticism,1
undue,1
caatch,1
arytenoid,1
calcimimetics,1
directionality,1
thelarche,1
asthmanet,1
nirture,1
caseinate,1
worksheet,1
videorecordings,1
morningness,1
eveningness,1
pmvsds,1
macmaster,1
itrainer,1
biofinity,1
coopervision,1
sialometry,1
butanol,1
anticipations,1
anhedonia,1
fulfilment,1
microcapillary,1
pipettes,1
mlstandard,1
ulcertec,1
duplexsonography,1
oswere,1
edinburg,1
vitamind,1
corazon,1
promotoras,1
presbyopes,1
hyperinflammatory,1
encapsulates,1
gdansk,1
transplantology,1
myfortic,1
apotex,1
graftectomy,1
thiazolide,1
covary,1
knhanes,1
ultimatum,1
biodesix,1
variabilities,1
clef,1
miniaturization,1
cachet,1
simcl,1
rationally,1
dichotomize,1
mobini,1
sabzevar,1
medicamentosa,1
rqss,1
glnpn,1
unbearable,1
deintensification,1
enrolls,1
scarcely,1
paleolithic,1
jujuy,1
antivascular,1
threaded,1
normogastric,1
bradygastric,1
downhill,1
bicenter,1
liporotein,1
impactful,1
cogmed,1
cwmt,1
nonadaptive,1
cmwt,1
hydroxycortisol,1
hydroxycholesterol,1
electroretinogram,1
microperimeter,1
biometrician,1
supervise,1
plateaux,1
monopropionate,1
asymptomatically,1
pors,1
postabortion,1
saccade,1
hierarchically,1
registrywebsite,1
stops,1
testicles,1
prescrotal,1
multistate,1
eleutherococcus,1
senticosus,1
extramel,1
hyposphosphatemia,1
bradygastria,1
seimc,1
gesida,1
painonly,1
effected,1
gastrodia,1
codonopsis,1
pilosula,1
ophiopogon,1
japonicus,1
mycelium,1
rilmenidine,1
bloods,1
demonstates,1
floods,1
nuisances,1
prncipe,1
asturias,1
alcal,1
henares,1
alcala,1
decolonization,1
overdiagnosed,1
denerhtn,1
supradiaphragmatic,1
apet,1
monolithic,1
casozepine,1
humanistic,1
fvas,1
multiprofessional,1
elaborates,1
replying,1
envisage,1
trainable,1
postcementation,1
siloxane,1
reais,1
venticular,1
autovenous,1
siginificantly,1
implanatation,1
postbreakfast,1
xiangyang,1
predecessor,1
evoceram,1
ceram,1
unhealthily,1
mahak,1
mofid,1
peony,1
rhinocerotidae,1
oyster,1
earthworm,1
fromer,1
interscapular,1
theorised,1
cambridgeshire,1
proscribed,1
journeys,1
starchy,1
tmjs,1
ttbds,1
constrain,1
cannulations,1
flexibilities,1
epididymis,1
decortications,1
proteinuric,1
fifties,1
afflicts,1
potentiating,1
amnesic,1
csfs,1
cardiomems,1
microelectromechanical,1
anaesthesiologist,1
rtss,1
trms,1
konnection,1
subgluteal,1
favs,1
reinhard,1
burk,1
rionegro,1
antioquia,1
nasopharyngoscopy,1
adenoids,1
ningdong,1
perimeters,1
polarization,1
glisten,1
resorbing,1
cartridges,1
insecticides,1
belly,1
trypanosomiasis,1
crop,1
trypanosomes,1
vha,1
parihs,1
solicit,1
haemopericardium,1
undercut,1
retched,1
retch,1
diethylpropion,1
fenproporex,1
hyperbolic,1
attributions,1
barometric,1
sings,1
landline,1
hsps,1
ophthalmologia,1
chartes,1
aethesiometry,1
obtainable,1
biotelemetry,1
pcrs,1
nonphosphorylated,1
guesstimates,1
resorb,1
extraradicularly,1
rolo,1
subscapular,1
promyelocytic,1
attest,1
erythroid,1
dyslipidaemic,1
eff,1
crrcae,1
bdae,1
furthest,1
degenerations,1
uncooked,1
postprocessed,1
mazindol,1
divine,1
gfrs,1
puttalam,1
foxo,1
crosstalk,1
seligman,1
reverting,1
snac,1
endoret,1
nutricia,1
incidentally,1
oxtellar,1
supernus,1
prosper,1
hypodermic,1
mannar,1
fmuc,1
sportive,1
afterschool,1
squatting,1
penumbral,1
ecass,1
posttransfer,1
palette,1
brostrom,1
gould,1
envisaged,1
domicile,1
migrants,1
anticachectic,1
overridden,1
biosway,1
disconnect,1
sustainedrelease,1
spindle,1
advent,1
aesthesiometry,1
luneau,1
sorb,1
uafaz,1
schofield,1
kdigo,1
inborn,1
opioidergic,1
cfdi,1
cystectomies,1
rehabvad,1
evedience,1
hyperventilated,1
ingenuity,1
deproteinized,1
diabetogenic,1
ohcas,1
evolves,1
andin,1
hydroperoxide,1
earnest,1
taiyuan,1
provements,1
carress,1
betwecen,1
antitumoural,1
milkshake,1
lipaemia,1
hyperglucagonemia,1
emgvl,1
benecessary,1
flavour,1
ketoisocaproic,1
haematococcus,1
anabolism,1
meyes,1
diastasis,1
inset,1
vhpq,1
pluvialis,1
husky,1
duplications,1
sbps,1
ought,1
transcrestal,1
tsfe,1
histaminergic,1
penetrant,1
tomoderate,1
adascog,1
alphas,1
agb,1
evaluatethe,1
hyoxemia,1
rapamycine,1
mildto,1
flatulency,1
derivate,1
discotheques,1
cmaxss,1
propped,1
newyork,1
bioabsorption,1
collimation,1
mmhgmin,1
kibble,1
rdcs,1
whereupon,1
mattered,1
thibela,1
phytochemicals,1
mucolytic,1
ophthalmopathy,1
orthodox,1
eyetracker,1
chorion,1
liberalizing,1
deoxygenated,1
layout,1
congress,1
gynecologist,1
arachidic,1
behenic,1
transudation,1
subway,1
motorists,1
acupunc,1
ture,1
stern,1
hardships,1
polydeoxyribonucleotide,1
reepithelialization,1
inducements,1
physiologies,1
vldle,1
vldlh,1
simulataneous,1
bund,1
radiomucositis,1
upsetting,1
chipps,1
stabilisers,1
posthumus,1
thumbtack,1
sanjiao,1
neishengzhiqi,1
brew,1
caffeoylquinic,1
methylpyridinium,1
orient,1
vara,1
anteversion,1
nonexistent,1
goiania,1
tricosanoic,1
lignoceric,1
contracepting,1
hermit,1
contortion,1
thefinal,1
striving,1
bureaucratic,1
symphysal,1
hyperviscosity,1
conveniently,1
pittsburg,1
deoxynucleotidyl,1
dutp,1
nick,1
mucosae,1
precarious,1
apapi,1
epices,1
precariousness,1
gesellschaft,1
pub,1
gartland,1
werley,1
castaing,1
monotherapeutic,1
transsphenoidal,1
valga,1
inpoaf,1
replacer,1
kcalml,1
disordering,1
cursory,1
alizarin,1
attaches,1
unstuck,1
insistence,1
goias,1
homologues,1
grapes,1
vitis,1
vinifera,1
corinthian,1
glucated,1
debating,1
compliances,1
derangements,1
asylum,1
refugees,1
tripartite,1
ganglionic,1
overactivation,1
mbarara,1
strikethrough,1
dealt,1
envisaging,1
monosyllabic,1
etched,1
amine,1
plexi,1
recieve,1
replenishing,1
yukawa,1
sameness,1
symptomotolgy,1
maudsley,1
promisor,1
parkinsonnet,1
prinses,1
beatrix,1
benignly,1
antiobesity,1
webpages,1
extrasphincteric,1
scg,1
transplantion,1
qlab,1
khomeini,1
prevalidated,1
classed,1
inal,1
concurs,1
cytokinetic,1
centrifuge,1
micronuclei,1
cytome,1
localises,1
neutralisation,1
cyanoacrylates,1
fibrogenic,1
spierfonds,1
arteriothrombotic,1
accentuate,1
ventricles,1
haematogenous,1
upstaging,1
biopsying,1
brochoscopy,1
pronunciation,1
significan,1
rectovaginal,1
hertz,1
ooe,1
medals,1
prostatitits,1
videomicroscopy,1
recontacted,1
reconsented,1
urethrocutaneous,1
dysphonias,1
recurrency,1
nonmydriatic,1
khozestan,1
neuronavigated,1
neovascularizations,1
chq,1
ticino,1
gamified,1
elastomer,1
introtus,1
ceac,1
nonoxidative,1
pubovaginal,1
cryoablation,1
diamniotic,1
immunizing,1
sidelying,1
conformally,1
microemulsified,1
freiberger,1
dukes,1
hampers,1
meares,1
stamey,1
uropathogens,1
mcdb,1
leventhal,1
tilda,1
antipsoriatic,1
hydrodynamic,1
stallions,1
muzzle,1
intermedia,1
nonfamilial,1
nonhigh,1
ministop,1
bodpod,1
prefit,1
rvswi,1
rvedvi,1
reexaminations,1
resmed,1
punctum,1
inhibiter,1
govt,1
oncaspar,1
completions,1
loas,1
hellp,1
allies,1
sgam,1
orth,1
fside,1
microvolts,1
cosmeticity,1
mottled,1
innovator,1
grandmother,1
stagliptin,1
biorhythmic,1
periodicity,1
carcinoembryonic,1
abandon,1
procured,1
minitab,1
sprinkle,1
sevitension,1
mince,1
lipoid,1
occytes,1
locale,1
incentivizing,1
pullout,1
hydromassage,1
peloid,1
crenobalneotherapy,1
afis,1
xpd,1
choriocarcinoma,1
cytotrophoblast,1
yangchi,1
gstp,1
hemoconcentrator,1
lactacte,1
superion,1
zcq,1
seating,1
cauterization,1
mazar,1
disequilibria,1
vicon,1
hypofibrinogenaemia,1
lunchrooms,1
chefs,1
joas,1
abobotulinumtoxin,1
aachener,1
extralevator,1
oncologically,1
sapes,1
elapes,1
puborectalis,1
exenteration,1
rehydrated,1
lasi,1
niosomes,1
orthopdische,1
arbeitsgruppe,1
knie,1
daylong,1
sharif,1
stibogluconate,1
crme,1
prestretching,1
poststretching,1
shower,1
showers,1
nonpermeative,1
nongeographic,1
permeative,1
radiodense,1
multilocular,1
physeal,1
llitn,1
agrammatic,1
doseflex,1
pharmacyclics,1
timer,1
aphasie,1
parametrical,1
havior,1
tubulitis,1
heraklion,1
ahnui,1
refilling,1
lax,1
verbose,1
persevering,1
halos,1
cafalotin,1
indiscriminately,1
fluoropyrimidines,1
nonadjustable,1
exits,1
verdict,1
gongsun,1
centripetally,1
nonfluorinated,1
venoarterial,1
tabuk,1
hemoconcentrated,1
spirotiger,1
cranking,1
physis,1
thrombocyte,1
postplacebo,1
vasodepression,1
lymphocytosis,1
boyfriends,1
smfa,1
mef,1
invariably,1
uninephrectomy,1
licenced,1
coldblooded,1
trotting,1
racehorses,1
trotters,1
bilirubinemia,1
gemox,1
moisturisers,1
imperfections,1
cyroterone,1
bilayer,1
schoolgirls,1
siaya,1
ripe,1
teasing,1
immaterial,1
trabeculation,1
retreated,1
ameliorative,1
audiologic,1
psychopharmacol,1
nonstratified,1
deprescribing,1
subcommand,1
fleshiness,1
chafing,1
rags,1
paternally,1
imprinted,1
oncofetal,1
nonmuscle,1
forefficacy,1
destructive,1
requisitions,1
anomia,1
liaocheng,1
inhoma,1
fibroatheroma,1
tcfas,1
hoek,1
preventions,1
sams,1
asteraceae,1
playstation,1
antiaggressive,1
speaker,1
champaign,1
urbana,1
dimeff,1
kivlahan,1
marlatt,1
jueyin,1
rnas,1
fis,1
reorganising,1
encroach,1
forehands,1
backhands,1
backhand,1
extramuscular,1
hotplates,1
staircases,1
pcase,1
byresponse,1
kouyolu,1
intraoperational,1
tardive,1
microsomal,1
vivarin,1
mentee,1
semipersonalized,1
biodiversity,1
nonleukoreduced,1
xeloda,1
sony,1
asthenozoospermic,1
psychometrics,1
metro,1
acetylates,1
punctual,1
tetraspan,1
authorisations,1
premix,1
reiterated,1
denticola,1
counteractive,1
initiatory,1
ficoll,1
drowning,1
microcapsule,1
dexamethasones,1
albuginea,1
witnessing,1
hyperacusis,1
overexposure,1
otoprotective,1
seprafilm,1
biosurgery,1
misunderstandings,1
hospices,1
reinterviewed,1
shadow,1
nonintubated,1
nonintubation,1
ricoeur,1
hermeneutical,1
oligozoospermic,1
sympathoexcitation,1
ketobemidone,1
abler,1
varicocle,1
varicoceles,1
sheds,1
enjoying,1
harnessing,1
shareware,1
analogically,1
controversies,1
impute,1
sensed,1
flagyl,1
benzoate,1
multisystem,1
inexperience,1
teendrivingplan,1
groupsreceived,1
danbio,1
icebio,1
unregistered,1
sdoct,1
grail,1
girmax,1
antalgic,1
giuseppe,1
autokerato,1
refractometer,1
arigorous,1
diversify,1
patties,1
methylcellulose,1
predetermining,1
recognising,1
igfs,1
postbronchodilator,1
lifeguide,1
aucgg,1
aucgz,1
epoch,1
neuropathways,1
blu,1
bcaf,1
sixfold,1
abcdes,1
exerstrider,1
nonabdominal,1
angus,1
superficialization,1
cauliflower,1
moscati,1
avellino,1
madden,1
significative,1
glutamil,1
tangles,1
gliosis,1
aucgir,1
undergopercutaneous,1
apercent,1
coretemperature,1
metallothionein,1
europeans,1
curiosity,1
dull,1
aluminocalciumsilicate,1
nanoseal,1
microanalyzer,1
fluoroaluminocalciumsilicate,1
porosities,1
fulminant,1
gabapentinoids,1
optimizations,1
paralys,1
smithburn,1
farms,1
ultrastructure,1
eulerian,1
differentiability,1
termites,1
optovue,1
fremont,1
regularized,1
aox,1
myocard,1
glutathionperoxidase,1
vacuolated,1
neovitaa,1
adi,1
neuroprogression,1
odisha,1
bacteruria,1
recatheterization,1
ergotron,1
workfit,1
bourdas,1
tsakiris,1
pavlakis,1
triantafillou,1
geladas,1
acoustics,1
aerodynamics,1
deformational,1
osiris,1
nonimpact,1
telemedically,1
intercritical,1
talus,1
seeded,1
proteoglycan,1
outerbridge,1
polaprezinc,1
aminopropionyl,1
histidinato,1
jikei,1
matts,1
nonachievers,1
hurley,1
sartorius,1
meaningfulness,1
thes,1
herpevac,1
tenting,1
contracta,1
institutionalisation,1
haematopoietic,1
dullness,1
postmeningitis,1
pathophysiologies,1
paroxysms,1
nepha,1
normocholesterolemic,1
plasty,1
optotype,1
corectopia,1
stabbing,1
choise,1
unarmed,1
dryer,1
nicotinate,1
wmv,1
wmvs,1
oligodendrocytes,1
neuropathologies,1
anta,1
redisplacement,1
lucid,1
hometown,1
hydroxybiphenyl,1
madurai,1
calaspargase,1
salineand,1
undemanding,1
timescale,1
mrtvs,1
htvs,1
mrtv,1
tjc,1
pneumolysin,1
ratiocmax,1
hydrofiber,1
adrenomedullary,1
oversimplified,1
psychoneuroendocrine,1
innsbruck,1
eigenschaftswoerterliste,1
installers,1
compelling,1
ned,1
sacroiliitis,1
pelotas,1
relined,1
padents,1
modifiability,1
ply,1
taxpayer,1
oxidizability,1
dexmedetomedine,1
ratioauc,1
htv,1
coimbatore,1
pentamethoxyisoflavan,1
tetrapeptides,1
multimarker,1
foraminotomy,1
lcrsf,1
lfp,1
cfas,1
savin,1
tattooed,1
leds,1
catalyzes,1
krebs,1
den,1
lungen,1
industrialised,1
ixb,1
palfsg,1
dissectors,1
finer,1
ampiclox,1
baseplate,1
inboth,1
oriental,1
coxsackie,1
nontransformed,1
fistulogram,1
trac,1
categorise,1
accords,1
needlers,1
laid,1
ignited,1
areca,1
enumerate,1
amethyst,1
griffiths,1
taranaki,1
ccnia,1
foerst,1
alcoholized,1
lampalizumab,1
incandescent,1
yangxi,1
zuwuli,1
uthando,1
lwethu,1
irng,1
dotblot,1
haenzel,1
sulpadoxine,1
fulani,1
introvert,1
downstage,1
radioresistant,1
elecctroacupuncture,1
photosensitiser,1
weanlings,1
midmorning,1
coordinative,1
trialrecruited,1
audubon,1
regeneron,1
pinus,1
handrails,1
grab,1
bathrooms,1
edging,1
decks,1
porches,1
nfjxy,1
pgf,1
massoniana,1
pase,1
minim,1
aroma,1
kings,1
nfbxy,1
dongeui,1
theprobiotic,1
notedbetween,1
electrogoniometer,1
unobtrusive,1
pmbe,1
cyclically,1
moduli,1
biomechanically,1
nongrafted,1
mineralized,1
angiokeratomas,1
transdisciplinary,1
nodifferences,1
fastingplasma,1
totaland,1
hijrat,1
wital,1
nimh,1
calprotec,1
tin,1
ileocolonoscopy,1
shallaki,1
ugo,1
basile,1
mwpharm,1
studyfound,1
vwas,1
psychopharmacologic,1
augmentative,1
methylthioadenosine,1
conspicuously,1
hanyan,1
deploy,1
yishenjiangzhuo,1
inodoleacetic,1
hypoxathine,1
normoalbuminuric,1
multisliced,1
oversee,1
hypocortisolemic,1
gastroo,1
ditosylate,1
boldspilklub,1
aab,1
marshalling,1
carnitines,1
digiti,1
minimi,1
vestfold,1
hyperkinetic,1
confusional,1
blame,1
analgesymeter,1
randall,1
selitto,1
autospreader,1
rigour,1
accreta,1
exteriorisation,1
chromic,1
weightstandard,1
applesauce,1
cleaner,1
plague,1
scvo,1
kpas,1
scvowas,1
sarcoendoplasmic,1
phcc,1
unsaturation,1
triplicate,1
decompose,1
harmonious,1
shimstock,1
recirculating,1
pandas,1
abilhand,1
thrombocythemia,1
erythromelalgia,1
dactylis,1
glomerata,1
alveolo,1
construed,1
orthogonal,1
behaving,1
microanalytical,1
blistering,1
mucocutaneous,1
bedfor,1
ofthem,1
schwab,1
allon,1
latterly,1
oyo,1
isrtcn,1
cervices,1
tacysystole,1
amniotomy,1
covalently,1
dimethylaminopropyl,1
carbodiimide,1
clnic,1
staic,1
huxi,1
jining,1
midarm,1
accumetrics,1
otherhand,1
polyfilamentpolyglycolic,1
chitwan,1
berinert,1
meditate,1
spends,1
hospitalist,1
tanga,1
thromboelastographic,1
bends,1
rituximabplasma,1
aldosteronism,1
lateralizing,1
capillaroscopy,1
foment,1
stripes,1
significane,1
osteoarthrosis,1
gonarthritis,1
glycozaminoglycans,1
intraartricular,1
diaflex,1
rompharm,1
vasodilations,1
ifgf,1
owning,1
wishing,1
clinicodemographic,1
sahaj,1
samadhi,1
transcending,1
microhematuria,1
crystalluria,1
stratagem,1
epirubicincyclophosphamide,1
cmfepirubicin,1
moulton,1
sonothrombolysis,1
lymphopoietin,1
berkeley,1
rosetrees,1
pidgley,1
adheres,1
nonimaging,1
cbrs,1
dymista,1
aze,1
nonallergic,1
assert,1
sated,1
renata,1
hemostasia,1
nonnutritive,1
bri,1
infrequency,1
visualised,1
interdonation,1
thanking,1
endomysial,1
nonstatin,1
effaced,1
muap,1
preprocedurally,1
aerolized,1
aerolization,1
signicantly,1
cryopreserve,1
alloantibody,1
interindividually,1
demarcation,1
aloud,1
instilling,1
videokeratography,1
dveloppement,1
ird,1
saltire,1
lattice,1
borteject,1
nephrological,1
interexaminer,1
ingestive,1
preexistent,1
reintubated,1
postfilter,1
ultrafiltrate,1
underwenthydrothermal,1
psychoacoustic,1
pixian,1
nuances,1
qualifiers,1
reactant,1
orchiopexies,1
fqhcs,1
homogenization,1
heilongjiang,1
ayres,1
mapleson,1
gastroparetic,1
lvp,1
hydrothermoablation,1
electrotherapy,1
thetens,1
ortens,1
cheddar,1
cashews,1
prediet,1
buyang,1
huanwu,1
noah,1
fjtcm,1
hypertintensities,1
splenial,1
nesterone,1
inmost,1
cmrmyocardial,1
underthe,1
chimney,1
propane,1
cookstoves,1
lymphostasis,1
ataa,1
atga,1
protoconized,1
cavernosal,1
signalization,1
ondokuz,1
mayis,1
migrainous,1
ctrs,1
shohada,1
undescended,1
migrates,1
virbac,1
stait,1
deformed,1
skulls,1
plagiocephalometry,1
sqrq,1
cramped,1
vigour,1
withheart,1
causemortality,1
insecondary,1
margarines,1
biannual,1
auras,1
comfortis,1
elanco,1
amitraz,1
preventic,1
doctoral,1
muc,1
gadis,1
invalidating,1
rubrics,1
effcacy,1
trypticase,1
blumensaat,1
vernal,1
keratoconjunctivitis,1
intraprocedural,1
nonspine,1
mechano,1
tory,1
yishu,1
cranioproportional,1
hyperfractionation,1
stampede,1
enthusiastic,1
verterbal,1
orthopeadic,1
readjustments,1
centerline,1
scapula,1
lausanne,1
egton,1
emis,1
botna,1
anhydrotic,1
bontas,1
diffuses,1
dictate,1
intrascrotal,1
accomplishing,1
thermocool,1
smarttouch,1
aquila,1
negativism,1
bcss,1
symtomps,1
llm,1
sante,1
crdq,1
forks,1
performa,1
solver,1
wean,1
cholest,1
erol,1
tofr,1
postsynaptic,1
footpaths,1
pavement,1
ntcc,1
tripling,1
emmse,1
rum,1
maciocia,1
sciatalgia,1
detention,1
cloth,1
expedited,1
transobturatory,1
telmisaran,1
cakes,1
jejunojejunostomy,1
syntocinon,1
blanked,1
lachman,1
subsitution,1
ikd,1
activateyourheart,1
lolagar,1
northstar,1
usda,1
overtaxing,1
epblnet,1
sociology,1
evened,1
andone,1
barotrauma,1
fentany,1
barotraumas,1
covaried,1
werei,1
cluded,1
benshen,1
tuesday,1
cshq,1
betametazone,1
heavyweight,1
bnva,1
herbert,1
wertheim,1
neighborhoodhelp,1
nodosum,1
paths,1
nicosia,1
midstage,1
multifunction,1
equivocally,1
underload,1
bedridden,1
astronauts,1
hiser,1
akdeniz,1
antalya,1
uncontroversial,1
postcode,1
enigma,1
hyperlidemia,1
sawhi,1
kalemic,1
alkalinity,1
posha,1
uremia,1
sftm,1
akbarabadi,1
dongchongxiacao,1
hypoallergenic,1
shortterm,1
presenter,1
taxol,1
snatch,1
nonhdl,1
radioprotector,1
farrowed,1
hyopneumoniae,1
lseq,1
nude,1
metforminsulphonylurea,1
lovastatin,1
grope,1
shaikh,1
zayed,1
tide,1
anesesthesiologists,1
phramongkutklao,1
rmdqs,1
amnic,1
slotervaart,1
interfeering,1
homocystein,1
lipidperoxidation,1
superoxiddismutase,1
baseleine,1
pyridoxin,1
cobalamin,1
homocytein,1
paramters,1
tacoma,1
magdeburg,1
omegad,1
hrqoli,1
flapped,1
swimmers,1
zwolle,1
dopexamine,1
phorbol,1
myristate,1
ionomycin,1
microsphere,1
fmia,1
vinpocetine,1
immersions,1
buoyant,1
qof,1
bronchoscopically,1
pneumothoraces,1
haemoptysis,1
licartin,1
endologix,1
innovance,1
pathologizing,1
wary,1
hunderd,1
hungkuang,1
marjoram,1
gallipoli,1
gynetech,1
tyco,1
qld,1
drihep,1
haemolysed,1
ballouskies,1
perclose,1
vasodilatators,1
freestanding,1
drotrecogin,1
prowess,1
hydrolysates,1
usrds,1
wessely,1
powell,1
tnrc,1
caustic,1
esophagogastroscopy,1
ecogs,1
nonictal,1
gynaecologist,1
aaqol,1
hass,1
prostar,1
invented,1
copperfilter,1
alderson,1
recurrentgastric,1
norman,1
pronounce,1
humour,1
gini,1
karasek,1
theorell,1
gasstool,1
acnieve,1
monolisa,1
nonlactating,1
lipoarabinomannan,1
mishandling,1
coodech,1
haptotherapeutical,1
dunlop,1
resure,1
rumen,1
reashure,1
culling,1
multipara,1
horizontally,1
converged,1
culled,1
showering,1
cuidando,1
cuidadores,1
calin,1
coarctectomy,1
gears,1
pictograph,1
ofpain,1
ofmorphine,1
effectiveforpain,1
caretaker,1
microenvironmental,1
lymphoplasmacytic,1
waldenstrm,1
macroglobulinemia,1
wss,1
paulus,1
pumc,1
reversely,1
indicting,1
shantou,1
sare,1
catabolite,1
noncephalosporin,1
coolgard,1
zoll,1
alsius,1
homemade,1
tent,1
hero,1
hematogenous,1
infield,1
aucpoint,1
epitrack,1
lame,1
hnpcc,1
cystotomy,1
fromnt,1
proto,1
bietween,1
assaulted,1
nonmanipulation,1
microparticulate,1
avon,1
hunt,1
hess,1
extradigestive,1
nsgo,1
miniplate,1
hydroxyisovaleric,1
methylcrotonyl,1
hydroxyisovaleryl,1
windsor,1
disorganised,1
moralizing,1
moralise,1
moralize,1
roudebush,1
rvamc,1
carrot,1
lobo,1
hyperproteic,1
institutionalizations,1
infragluteal,1
onc,1
saponariae,1
anniversary,1
quali,1
ficiency,1
naag,1
urogynaecology,1
nongeneral,1
spousal,1
husbands,1
hyperoxygenation,1
infraperitoneal,1
qtci,1
innovating,1
acsc,1
acos,1
nhl,1
sienax,1
pasat,1
geneticsspecific,1
midstream,1
rulefit,1
reattempted,1
controlateral,1
exc,1
disorganisation,1
pratt,1
msl,1
directorate,1
detailers,1
evas,1
numb,1
aminoguanidine,1
reverts,1
equivalently,1
gluing,1
maldevelopment,1
ventilators,1
neuropsychopharmacology,1
constructor,1
presymptomatic,1
caffeic,1
oos,1
thyme,1
hyssop,1
feii,1
cheyne,1
stokes,1
oncogynecological,1
prophylactics,1
ondansetronum,1
draped,1
duodenoscopy,1
dammam,1
ksa,1
calcular,1
judgmental,1
yunmen,1
vels,1
fundaci,1
malaltia,1
revascat,1
lingually,1
bionics,1
breathsavers,1
synchronised,1
powerlab,1
oximeters,1
babylog,1
iscrtn,1
microcatheter,1
detachable,1
macroaggregated,1
nonchildbearing,1
awful,1
anuric,1
terminating,1
preeclamptic,1
knocking,1
vfrc,1
vfs,1
reread,1
shipment,1
arcuate,1
unattractive,1
isetta,1
farre,1
duran,1
cantolla,1
parra,1
barb,1
montserrat,1
masa,1
pyonephrosis,1
alkalinisation,1
morogoro,1
kilombero,1
ulanga,1
kilosa,1
adapalene,1
pmcsms,1
wears,1
chests,1
insulation,1
hemoglobulin,1
gopcabe,1
disseminability,1
overruled,1
diffused,1
nonapical,1
usher,1
togheter,1
ludvig,1
elsass,1
kirkkonummi,1
cucumber,1
embid,1
ureteroneocystostomy,1
encrustation,1
noncritically,1
precipitously,1
noncomplex,1
biteplane,1
skyscan,1
aartselaar,1
autorefractometer,1
ipsilatelal,1
cumbria,1
mesial,1
groupwise,1
ldls,1
vasorelaxation,1
hyposphagma,1
parison,1
semicircles,1
chive,1
garnish,1
caterpillar,1
odontogenic,1
aeac,1
kilgo,1
extralaryngeal,1
postcricoid,1
subglottis,1
byblinded,1
blackmores,1
nonclinic,1
finnegan,1
tpbm,1
philanthropic,1
ecchymoses,1
residentially,1
ambulantly,1
polymeric,1
pullbacks,1
foldout,1
bioresorption,1
evenings,1
postlaboratory,1
discontinuously,1
sheboygan,1
universitaire,1
kigali,1
lysophosphatidic,1
saponins,1
equipping,1
xii,1
nanoelectrospray,1
cyclotron,1
cbdinanoesi,1
fticr,1
pretestposttest,1
stiffer,1
gepartrio,1
llc,1
eisenberg,1
nashville,1
nonstandardized,1
swabian,1
prerandomisation,1
sinapse,1
patience,1
neutrality,1
brokering,1
arachidyl,1
amido,1
cholan,1
maabarot,1
cwep,1
relaparotomy,1
talocrural,1
lunge,1
hdss,1
metallopeptidase,1
nonfactorial,1
monoallelic,1
biallelic,1
cadre,1
lufwanyama,1
heterogenous,1
aortopathy,1
antropyloroduodenal,1
verband,1
deutscher,1
rentenversicherungstrger,1
participe,1
unifactor,1
folk,1
famciclovir,1
nimesulide,1
multichannel,1
intangible,1
approachability,1
quasirandomization,1
generous,1
secondventilatory,1
urls,1
rovctri,1
hypoxanthine,1
teleopeptide,1
ctos,1
cottonseed,1
antiarrythmics,1
heterotypic,1
quasirandomized,1
biclamp,1
erbe,1
elektromedizin,1
attendants,1
desiccation,1
cabinets,1
dermfix,1
genogroups,1
moniliasis,1
biejia,1
seals,1
analysable,1
gonadotoxic,1
armstrong,1
ren,1
warmblood,1
vitrectomies,1
nonsubfoveal,1
vogels,1
fixators,1
nevrocard,1
fastt,1
disenrollment,1
disenrolled,1
illpatients,1
bacteriurial,1
hysterescopic,1
hysterescopy,1
endophenotypes,1
resides,1
ppf,1
appendix,1
postfinal,1
repetitively,1
coadministering,1
sandpaper,1
maintenenace,1
embarking,1
neurofilament,1
abandoning,1
portocaval,1
cprezy,1
homosubtypic,1
relaxations,1
emailed,1
vbs,1
hepatomegaly,1
postyoga,1
bentley,1
parkinsons,1
finometer,1
finapres,1
aggregometer,1
antiplalelet,1
criticality,1
oam,1
hetero,1
metv,1
metg,1
postseason,1
cerrahpasa,1
microembolization,1
embarked,1
samit,1
oams,1
pursuits,1
evalauted,1
clopdogrel,1
hypercalemic,1
neuroectodermal,1
antiplatlet,1
hochberg,1
massages,1
schulte,1
emery,1
ferrans,1
recirculated,1
airsac,1
marshal,1
disabkids,1
raine,1
promax,1
elavated,1
muted,1
sophistication,1
socialisation,1
beyondmilestones,1
smartseries,1
evlwi,1
pvpi,1
jianzhongshu,1
zhongzhu,1
hormonally,1
myths,1
ideology,1
nonconsensual,1
cunningham,1
snore,1
hypercalcemics,1
normocalcemics,1
fibrosus,1
comforting,1
latitudes,1
farmed,1
frying,1
hypnotherapists,1
renowned,1
disconinuation,1
mpact,1
bucheon,1
osteoclasts,1
cctga,1
deturgescence,1
undereating,1
instructing,1
videoed,1
interpulse,1
spondyloarthritides,1
esther,1
manifesting,1
bend,1
junos,1
sieb,1
tanaka,1
endocrinologic,1
deturgescent,1
unmanned,1
enemy,1
underrecognised,1
ioflupane,1
datscan,1
pulposus,1
vigo,1
unremarkable,1
doping,1
subcontinent,1
lae,1
putrefaction,1
metagenomes,1
bray,1
curtis,1
lysophospholipids,1
rvpans,1
degummed,1
pastures,1
kgap,1
cofactors,1
conveys,1
manufacture,1
installing,1
hush,1
dihydrochloride,1
pyridorin,1
tortuosity,1
kerma,1
olsen,1
munk,1
etiquette,1
notional,1
msds,1
rekindled,1
philosophical,1
patter,1
fonseca,1
recanalisation,1
physics,1
aifm,1
cyberknife,1
replanning,1
planetarium,1
hearers,1
upstaged,1
micrometastatic,1
monolingual,1
nihsss,1
noncerebral,1
reinstitution,1
anaelastics,1
speculative,1
significatively,1
reinsert,1
mucin,1
demethoxycurcumin,1
bisdemethoxycurcumin,1
phytosome,1
pancreaticojejunal,1
preexist,1
gesund,1
glcklich,1
aufwachsen,1
apoquel,1
enabler,1
especial,1
ubiquinol,1
transgendered,1
harmfull,1
postrevascularization,1
changzhi,1
nawabshah,1
fragile,1
dyscontrol,1
catsys,1
thand,1
disulfram,1
phosphorylcholine,1
kineflex,1
keels,1
charite,1
etoposid,1
helmets,1
polydiaxanone,1
generalisations,1
fungus,1
alloys,1
spee,1
proclination,1
thereflex,1
antithrombotics,1
nonathletic,1
crucially,1
abcan,1
iothalamte,1
lader,1
innovates,1
superinfect,1
tacho,1
microdialysates,1
socialize,1
beijin,1
powergel,1
burnishing,1
nonurban,1
toolkits,1
figueira,1
intrauterus,1
radionuclude,1
lacrimaton,1
photochemical,1
petechiae,1
pallor,1
friability,1
multifunctional,1
alight,1
excruciating,1
clinuvel,1
clovis,1
medicina,1
prof,1
fernando,1
sorrento,1
sarco,1
plasmic,1
intermediates,1
jonckheere,1
terpstra,1
refrigerated,1
circulator,1
procoagulation,1
srio,1
libanes,1
nife,1
hydrogenase,1
phrase,1
iar,1
proprieties,1
flyers,1
itraq,1
secretoglobulins,1
bmn,1
recommenced,1
vasodilators,1
badimon,1
carboxyhaemoglobin,1
regains,1
cmprsk,1
bureau,1
noninstitutionalized,1
despair,1
reflectometry,1
optoelectronic,1
vrcp,1
vab,1
enodotracheal,1
postreading,1
undecided,1
innovate,1
locq,1
krasowicz,1
kurzyp,1
wojnarska,1
ncats,1
metalloenzymes,1
anesthetise,1
bulletin,1
commit,1
textile,1
pancake,1
conforming,1
kieldahl,1
turbidimetric,1
steak,1
battered,1
poached,1
yoghurt,1
deepened,1
oligometastases,1
polymetastatic,1
osteocytes,1
contested,1
guarded,1
nondepleted,1
experimenting,1
symptomless,1
wias,1
inmmune,1
surgetry,1
surgety,1
ofcortisol,1
ghmcose,1
surgemy,1
wiith,1
polerfulr,1
wieek,1
prioritising,1
defibrillations,1
aphasic,1
anucleated,1
fourweeks,1
imprecision,1
jpoint,1
mixtures,1
borborygmi,1
desserts,1
baylor,1
endoluminal,1
clever,1
dissipate,1
preapproval,1
innovage,1
sensitise,1
culminated,1
nmcp,1
anonkoua,1
koute,1
abidjan,1
petit,1
korhogo,1
libreville,1
sealers,1
delinquent,1
qualifies,1
decidedly,1
lafayette,1
phenotyped,1
invisible,1
ultimo,1
cardiopathies,1
periaqueductal,1
thermoreceptors,1
thermoregulatory,1
tskin,1
kilometre,1
johnsonii,1
fptus,1
perioperation,1
zikowska,1
profol,1
peroxiredoxin,1
thioredoxin,1
monacolins,1
hydroxytyrosol,1
cholesfytol,1
aceponate,1
planimetric,1
miwf,1
nrw,1
bmbf,1
helmholtz,1
icemed,1
shrinking,1
occluso,1
bucco,1
lebensqualitt,1
fragebogen,1
kindl,1
augsburg,1
kalore,1
unproductive,1
pricked,1
interpretative,1
arylpropionic,1
paradigmatic,1
eczemas,1
segawa,1
bluestone,1
hepatosplenomegaly,1
postsummary,1
hladr,1
mouthfeel,1
deming,1
emam,1
lletz,1
microinvasive,1
guapor,1
saluggio,1
civette,1
agenzia,1
italiana,1
creatininemia,1
phosphatemia,1
norbuprenorphine,1
nonnormally,1
brewer,1
asparagus,1
tuna,1
shrimps,1
leucocytotoxic,1
troms,1
psyrats,1
gpts,1
leukocytotoxic,1
vacuolization,1
liliaceous,1
ascriptions,1
sequela,1
ototopical,1
dacobs,1
metacognitions,1
nexus,1
retentive,1
megapascals,1
stereomicroscope,1
msflash,1
electroanatomical,1
goup,1
biomedica,1
incoherent,1
blamed,1
treatability,1
ofor,1
benefic,1
evacuate,1
launch,1
nsai,1
nonaffirmed,1
coterminating,1
polygraphically,1
yirryang,1
fffa,1
ccmo,1
vcfs,1
monthspostpartum,1
gutsy,1
gandel,1
nonvaccine,1
yijing,1
licorzine,1
impotence,1
medicolaser,1
technoline,1
belgrade,1
teric,1
terorenoscopic,1
uncompli,1
cated,1
ureterorenoscopic,1
farmaco,1
photodyn,1
mapper,1
aligner,1
trivandrum,1
ticipants,1
evalu,1
ated,1
chosomatic,1
allergymonitor,1
adoirqlq,1
hypotonicity,1
alveolus,1
kindergarteners,1
starters,1
manualization,1
psychiatrically,1
rutgeerts,1
autogenic,1
sree,1
chithira,1
thirunal,1
ipsilaterally,1
effacement,1
demets,1
vcf,1
tayside,1
cardiotocograph,1
geisenhofer,1
berliner,1
heldfor,1
valsava,1
valueforbnd,1
apower,1
commissure,1
reexamine,1
kagulamira,1
stipulate,1
overhanging,1
labored,1
glycohemoglobin,1
clt,1
germane,1
hairlaser,1
isovolaemic,1
lansky,1
mosquitocidal,1
icurs,1
philanthropy,1
angior,1
biocsl,1
transitionsprogramm,1
shortand,1
antiandrogenic,1
allopathic,1
gentlelase,1
wayland,1
strategically,1
cro,1
parexel,1
lingtong,1
leukemic,1
prevost,1
poitiers,1
venosus,1
helsingborg,1
asud,1
ampliprep,1
qianlongtong,1
monolayered,1
ccl,1
cardiotocography,1
multiunit,1
foreshortened,1
realms,1
buildings,1
vacancy,1
tenant,1
hypertransfusion,1
tucson,1
swapping,1
barda,1
stoplight,1
geriatricians,1
directory,1
hortons,1
distorted,1
stemmed,1
postintubation,1
foce,1
artifical,1
hlatky,1
thrombovascular,1
tves,1
sefs,1
therapys,1
untranslated,1
respironics,1
endorectal,1
yasin,1
weks,1
afollowed,1
promisingly,1
foveation,1
gdva,1
radner,1
pathogenically,1
razi,1
glucometer,1
pilaris,1
hydra,1
froup,1
pdi,1
myplate,1
pseudomallei,1
mossala,1
chad,1
rami,1
endoneurial,1
isra,1
polices,1
awarding,1
studywas,1
cco,1
firms,1
bulla,1
accrediting,1
crutches,1
refracted,1
kuhlman,1
amman,1
methoxypsoralen,1
irregularly,1
simethicon,1
citrates,1
parp,1
penultimate,1
agewell,1
autoreceptors,1
gastroprokinetic,1
qingrehuatan,1
endog,1
enous,1
stbsg,1
speciation,1
burkholderia,1
sulfamethoxaxole,1
lethality,1
predictiveness,1
upgraded,1
breathalysed,1
phosphopeptid,1
diference,1
lafa,1
zeba,1
anapproach,1
nonreplaced,1
ultrafine,1
hoi,1
molmin,1
mlplasma,1
rigation,1
gaumard,1
conjunctivtis,1
nonword,1
exemplars,1
braced,1
acss,1
indeterminates,1
virginity,1
lleida,1
gables,1
stavanger,1
radioimmunotherapy,1
ferulic,1
utstein,1
postclerkship,1
presimulation,1
shounizhu,1
curbing,1
nterleukin,1
silvercloud,1
bnps,1
knig,1
schuind,1
leukine,1
divorce,1
widowhood,1
trachoma,1
precious,1
nephrologists,1
explicate,1
neuroplastic,1
strippings,1
bird,1
adnexa,1
prerandomized,1
evinced,1
centrilobular,1
paraseptal,1
panlobular,1
withincreased,1
tetramers,1
fibril,1
conversational,1
recast,1
recasts,1
filament,1
shaohai,1
zeqian,1
ulcerating,1
solicitation,1
williamston,1
cormac,1
sterilised,1
swished,1
profilometry,1
neuroscan,1
nuamps,1
renally,1
fatally,1
drugged,1
weiss,1
disables,1
sultamicillin,1
abacopd,1
camwel,1
camden,1
amongpatients,1
payne,1
baath,1
specifying,1
pavia,1
matsumoto,1
kumamoto,1
surgrx,1
differentiates,1
exceptional,1
reckitt,1
benckiser,1
pecified,1
deflated,1
turbts,1
businesses,1
tax,1
credits,1
pamidrinate,1
pretransplantation,1
counterbalance,1
reconstructs,1
overlaid,1
satisfactorily,1
sigmoidal,1
rtgmin,1
preconcept,1
kinh,1
bozr,1
flattens,1
periodical,1
reselected,1
displaces,1
atelectatic,1
postdrainage,1
toluidine,1
antiseptics,1
vemp,1
helicase,1
primase,1
pictographic,1
multiarm,1
democritus,1
thrace,1
opalescence,1
latero,1
nightmare,1
wbq,1
nbo,1
immunoprotective,1
institutionally,1
xeloxa,1
avant,1
mfolfox,1
metolazone,1
gallop,1
supposing,1
bristled,1
odorigenic,1
mints,1
gastroenterological,1
picosulphate,1
subcrestal,1
llama,1
multitargeting,1
domowych,1
detektyww,1
fantastyczne,1
mozliwoci,1
transfascial,1
mould,1
neuropsychometric,1
antianabolism,1
ests,1
uniting,1
elicitor,1
deterring,1
furthers,1
redwood,1
oucher,1
hypozincemia,1
nippon,1
nvision,1
gmi,1
tiaojing,1
underpowering,1
besylate,1
impoverishment,1
sociodemographically,1
crus,1
frontostriatal,1
radiata,1
lemniscus,1
retrolenticular,1
eicosatetraenoic,1
hypoferremia,1
northland,1
insecure,1
dictatorships,1
bws,1
noisy,1
valleylab,1
boulder,1
acmi,1
maple,1
boat,1
tonsillo,1
sucked,1
stpis,1
swots,1
disentangling,1
aerodigestive,1
clemastine,1
shire,1
immersing,1
temazepam,1
zopiclone,1
wanes,1
mucosally,1
chinnallapuram,1
erstwhile,1
enlisting,1
ruining,1
orthokeratology,1
biometer,1
medmont,1
encircling,1
mitosis,1
fertilities,1
empt,1
entice,1
hayling,1
gaitmeter,1
anopexy,1
tpj,1
ferguson,1
kamphaeng,1
phet,1
approximatly,1
microradiography,1
meridol,1
capsulolabral,1
veritas,1
coolflex,1
odol,1
lacalut,1
aktiv,1
mentadent,1
dwindling,1
noncirrhotic,1
replicon,1
broke,1
uncommonly,1
helkimo,1
senegalese,1
hints,1
myer,1
actives,1
rbx,1
euphoric,1
polynomial,1
mectron,1
hyperaemic,1
whrs,1
chemosat,1
delcath,1
strangulation,1
dishes,1
cerad,1
microshear,1
myopiogenic,1
obsessions,1
blond,1
chromophore,1
diakonhjemmet,1
ofidiopathic,1
chelated,1
yung,1
underdiagnosed,1
spell,1
occupant,1
transcriptions,1
penem,1
moses,1
neurocart,1
prevalue,1
roentgen,1
iwate,1
noo,1
oferythropoietin,1
donati,1
whipple,1
neopa,1
clinicallyrelevant,1
paved,1
caveat,1
macromolecules,1
ofanemia,1
liquidform,1
lvadministration,1
andferritin,1
ofboth,1
lyophilizedpowder,1
ofepo,1
znt,1
educative,1
catarrhal,1
changhua,1
dexamathazone,1
lipiodol,1
postengraftment,1
psbs,1
frustum,1
thermocycling,1
microsbs,1
lpns,1
quarantined,1
stereotypical,1
uncoupled,1
swedcis,1
ibe,1
leukosan,1
ance,1
resuturing,1
implantlink,1
visiography,1
wachtel,1
albrektsson,1
corticosteroidresistant,1
secondline,1
glycerine,1
multicystic,1
viscosurgical,1
antimetabolites,1
optimaal,1
verder,1
arbidol,1
arbitr,1
elaborating,1
calor,1
sakk,1
oncosuisse,1
oskk,1
grupo,1
espaol,1
wuling,1
decertification,1
ethos,1
pdai,1
substandard,1
ehrlich,1
gastroendoscope,1
thatexhibit,1
jinghua,1
avena,1
spectrometric,1
pmda,1
bunched,1
shrna,1
flowcytometry,1
liciferase,1
catenin,1
dislocated,1
continuance,1
mucopolysaccharidoses,1
hypoapnea,1
midluteal,1
midfollicular,1
hired,1
unihemispheric,1
comunidades,1
mama,1
geicam,1
scholar,1
revman,1
thallium,1
nonaction,1
androst,1
ene,1
nonassociation,1
nonpowered,1
limma,1
scansite,1
david,1
unreached,1
ephesus,1
androstenediol,1
lipidic,1
stabilometry,1
fleximeter,1
aminophenol,1
cadherin,1
sesi,1
aphrodisiac,1
preconsent,1
contemplated,1
metaplus,1
updosing,1
iggs,1
antifibrillatory,1
neovascularity,1
tendinopathies,1
formic,1
iodipin,1
succinylated,1
maf,1
flev,1
cif,1
androstanedione,1
dithiothreitol,1
transsulfuration,1
autnomas,1
hypolipidaemic,1
psr,1
tongtian,1
rqlo,1
affection,1
uteri,1
hundreds,1
aspiring,1
cystathionine,1
dbss,1
datas,1
vaguely,1
postpriming,1
postconsequent,1
rebalances,1
subcaloric,1
microdiet,1
lodz,1
prokinetics,1
tremens,1
curetage,1
retaken,1
temp,1
improv,1
durelon,1
coronaflex,1
homocystinuria,1
copegus,1
stadiometry,1
stabilising,1
nonplatinum,1
percutaneus,1
stoppage,1
veceived,1
burundi,1
uncorrelated,1
tran,1
scatheter,1
convatec,1
talib,1
zahedan,1
intimascope,1
thrusted,1
carboxylated,1
improbability,1
ensued,1
cooperatively,1
yaw,1
vestibuloperceptual,1
antivertiginous,1
myopathies,1
shallowly,1
pretended,1
remover,1
squalene,1
gleno,1
muhc,1
candin,1
compress,1
malocclusions,1
overbite,1
boroughs,1
nonattenders,1
proapoptotic,1
mlnlycke,1
nvaf,1
neuthrophil,1
immunomodulary,1
woest,1
deserving,1
nontrial,1
disagree,1
labiaplasty,1
nonopioid,1
unproved,1
bohan,1
peter,1
stark,1
gastroenteroanastomosis,1
arkansas,1
underpins,1
helbo,1
scorings,1
civilians,1
shahrekord,1
intradialysis,1
anteroseptal,1
franziska,1
stift,1
kreuznach,1
mediclin,1
psws,1
nonpeer,1
prolapsed,1
thrombosed,1
amandysk,1
bolted,1
hounds,1
tibiae,1
myxomatous,1
habitants,1
skillman,1
luisenklinik,1
drrheim,1
feedforward,1
engine,1
ence,1
nificantly,1
activase,1
prisms,1
cicas,1
neurodynamic,1
seville,1
collaboratively,1
navotrial,1
anything,1
ptd,1
projecting,1
bodenteich,1
segeberger,1
kliniken,1
gruppe,1
segeberg,1
lymphadenitis,1
gfor,1
shuti,1
healthwatch,1
heath,1
lowed,1
dichorionization,1
ninty,1
chyle,1
algesimeter,1
diapers,1
ridging,1
hyperkalemic,1
dys,1
methylnatrexone,1
methylnaltrexone,1
ureterorenoscopy,1
charisma,1
conceals,1
timetable,1
artwork,1
representational,1
reharvested,1
haitian,1
dade,1
seepark,1
klinik,1
nonprofessional,1
anamnesis,1
carlos,1
melchor,1
colet,1
yaotongdian,1
qsr,1
fppr,1
exelon,1
glinide,1
sensible,1
kishiwada,1
kaps,1
nstved,1
erythroderma,1
nonconcealed,1
workrate,1
eucapnic,1
bronchodilated,1
bronchoconstricted,1
ebsco,1
pindolol,1
speedball,1
cookers,1
csbe,1
wilks,1
dnbs,1
sensemaking,1
manila,1
feedbacks,1
orthopnoea,1
trichotillomania,1
methylnicotinate,1
cientfico,1
tecnolgico,1
peritomy,1
objectify,1
healthfulness,1
conserve,1
mobilised,1
episclera,1
creciendo,1
sanos,1
mexicano,1
quinate,1
shirom,1
surficial,1
stratifications,1
karl,1
limping,1
pateints,1
nephroscope,1
venograms,1
antiaggregatory,1
pressair,1
pressingly,1
ataluern,1
zip,1
extendable,1
horsens,1
multifamily,1
stachydrine,1
betaine,1
trigonelline,1
nephrolithotoomy,1
tethered,1
contend,1
resembles,1
thinness,1
pruritic,1
cientfica,1
dentoskeletal,1
pancherz,1
descartes,1
bladeless,1
hasson,1
veress,1
omental,1
pinches,1
mydriatics,1
hysteroscope,1
lbeck,1
hotplate,1
humidify,1
humidifying,1
connecting,1
radionecrosis,1
preselection,1
cyanoacrylic,1
glubran,1
prediabetics,1
entres,1
sliced,1
mushroom,1
entre,1
biasing,1
subcellular,1
overcomes,1
pelvicaliceal,1
nephroscopy,1
ginsan,1
phagocytes,1
tumourigenesis,1
dietic,1
hydroalcoholic,1
debulked,1
townsville,1
bidirectionality,1
villalta,1
vaginoscopic,1
essure,1
obgyn,1
drew,1
sees,1
postcatheterization,1
nervus,1
awaking,1
cleardose,1
mistakes,1
resilient,1
mulitmodal,1
serbian,1
indoleamine,1
dioxygenase,1
glomeruli,1
udp,1
ugt,1
xenobiotic,1
jiaoxin,1
shenmai,1
pucan,1
jets,1
retrognathy,1
wheter,1
baddeley,1
accupedo,1
riyue,1
sticker,1
ndlqi,1
unaccompanied,1
cigars,1
cigarillos,1
snuff,1
tub,1
hydroxyethylcellulose,1
endoplasmic,1
polyglutamate,1
peps,1
coagulant,1
tlag,1
trojan,1
alumni,1
varsity,1
bains,1
kneipp,1
adolescences,1
everytime,1
mugwort,1
adjuvantly,1
zhaohai,1
electrostatic,1
precipitation,1
imperceptible,1
hookahs,1
disseminable,1
spurs,1
enzymatically,1
hydrolysed,1
clinicall,1
literatures,1
twitches,1
rewetting,1
cie,1
mediastinitis,1
cables,1
fumigatus,1
racingtheplanet,1
androstanediol,1
holo,1
transcobalamin,1
consultee,1
comedication,1
polyhydramnios,1
shenhuang,1
asaii,1
prerace,1
curvularia,1
brachycardia,1
diabeteslike,1
tshwane,1
bloks,1
catchments,1
hordeum,1
vitamer,1
cholesterogenesis,1
anticarcinogenic,1
nanoemulsified,1
incompleteness,1
nondepolarizing,1
erubescence,1
vaccaria,1
pasted,1
yan,1
pingjianqian,1
pingjianhou,1
atli,1
marathoners,1
ultramarathon,1
innovatively,1
turbulent,1
gerais,1
neosynephrine,1
nebulize,1
birch,1
billings,1
clyde,1
hyperemic,1
foothills,1
alexis,1
likelyhood,1
critiqued,1
shocked,1
nonarrhythmic,1
downgrade,1
defecating,1
heartworks,1
sensitizers,1
fortes,1
hyperamylaesemia,1
emulsifying,1
bioindicator,1
nanoemulsification,1
presume,1
mkmol,1
haemodinamic,1
admean,1
sublets,1
aoe,1
cervicothoracic,1
minas,1
ment,1
mngf,1
monosialotetrahexosylganglioside,1
nonseptic,1
dysmaturity,1
orskin,1
serms,1
pierce,1
ngsp,1
loath,1
prodige,1
stomas,1
dehydroascorbic,1
rii,1
clotted,1
unesterified,1
cordoba,1
subureteric,1
abacus,1
ermen,1
tinggong,1
tinghui,1
peristent,1
resubmission,1
fukang,1
levofloxacinto,1
pthrp,1
nonsedative,1
benzoxazocine,1
william,1
hewlett,1
leucocytopenia,1
mantle,1
antacids,1
exb,1
bilaterality,1
oliguric,1
reimplantation,1
xuanhan,1
tampon,1
stud,1
tirilazad,1
percapita,1
patientlevel,1
polyalcohol,1
nonbiodegradable,1
vantris,1
promedon,1
willpower,1
cystourethrogram,1
vcug,1
flotations,1
awaits,1
ilds,1
neurosurgeons,1
patched,1
echochardiography,1
roter,1
supracrestal,1
overstretched,1
restudied,1
phlebodium,1
decumanum,1
enteroepithelial,1
nondistracting,1
louisville,1
radiel,1
helminthiases,1
heller,1
overreactivity,1
verbosity,1
hausa,1
camhs,1
qbopen,1
qbblind,1
intimidating,1
oesophagogram,1
perfusate,1
blocs,1
disciplined,1
osteosynthetic,1
metaanalysis,1
normed,1
ergoespirometry,1
sjand,1
autoregressive,1
biomicroscopic,1
meibum,1
expressibility,1
fiberotomy,1
patatin,1
adiponutrin,1
paradoxically,1
deceptive,1
truthful,1
postencounter,1
maximus,1
ethiopathogenetic,1
specifiers,1
interepisode,1
glucoses,1
antifoaming,1
undertreat,1
monitorized,1
mfss,1
oceprevir,1
pfue,1
skat,1
apociii,1
polysomnograms,1
sequelar,1
calcidiol,1
countersignature,1
countersigned,1
racfs,1
nonmalignant,1
dihommo,1
expediency,1
standpoints,1
equate,1
vitemer,1
ataturk,1
erzurum,1
suwon,1
quinapril,1
ventriculoarterial,1
preangiography,1
postangiography,1
furanpropionic,1
hippuric,1
categorizing,1
noncarious,1
baccalaureate,1
normovolemia,1
hallucinogen,1
polysubstance,1
metaanalyses,1
nsc,1
ropivacain,1
totrna,1
agilent,1
underexpression,1
pdk,1
piritramid,1
depress,1
esthetically,1
pleasing,1
microfractured,1
assignement,1
intersurgical,1
wokingham,1
bioengineered,1
budenoside,1
deduced,1
deductions,1
rtpa,1
glucuronidated,1
ylresorcinols,1
furan,1
propyl,1
lasing,1
cautions,1
trimetaphosphate,1
hexamethyldisiloxane,1
homoscedasticity,1
nonresponsiveness,1
sour,1
piss,1
rsscan,1
footscan,1
peds,1
withanti,1
andped,1
qhi,1
acetylesteine,1
imagings,1
lmwhs,1
nonventilation,1
pdiff,1
advisement,1
pasv,1
navilyst,1
hypoalbuminemia,1
deresuscitation,1
hypoalgesic,1
bassinet,1
resamples,1
screwed,1
epidata,1
dott,1
isth,1
fermoris,1
pfss,1
orthodontically,1
animation,1
soak,1
malondiadehyde,1
absorbance,1
phenylacetate,1
gallocatechin,1
epicallocatechin,1
visionary,1
microneurosurgical,1
neuromas,1
pogrel,1
sunderland,1
atrioventicular,1
hypercortisolemia,1
sensoric,1
gye,1
sacrococygeal,1
protons,1
monoacetyl,1
acetylcodeine,1
medcomp,1
intracavitary,1
hub,1
abdominus,1
perforator,1
ventana,1
analogously,1
sittings,1
jhang,1
sargodha,1
underexposed,1
lop,1
alloxan,1
erythrodysaesthesia,1
advents,1
heine,1
medizinurethral,1
stopcl,1
methemoglobinemia,1
tetradecyl,1
eightweeks,1
aptima,1
dientamoeba,1
electroneurophysiological,1
tenlep,1
motoric,1
discerned,1
tki,1
brex,1
kunming,1
narrows,1
contemporaneously,1
avbhr,1
pvbhr,1
mvbhr,1
anlogue,1
ircs,1
splice,1
epilepsies,1
mancova,1
nonremitted,1
alleviations,1
peritumoral,1
menlo,1
shaffer,1
therebyreducing,1
hqrl,1
hooked,1
rsvhc,1
uncorrectable,1
hippel,1
lindau,1
vivitrol,1
feasibilty,1
unthealth,1
lutsqol,1
beginner,1
asana,1
oxodg,1
amont,1
pharmamar,1
pup,1
puppy,1
testify,1
reportable,1
anesthetised,1
volatiles,1
kassala,1
convulsions,1
macdonald,1
mopfs,1
neisvacc,1
feraheme,1
venofer,1
intermezzo,1
guessing,1
sequenom,1
massarray,1
diasorin,1
inca,1
emigration,1
vaizey,1
mailshots,1
prepropranolol,1
nonpropranolol,1
supplanted,1
ergic,1
interneurons,1
mircit,1
oxo,1
ritualized,1
enterocinesia,1
ologen,1
atelocollagen,1
nephelometry,1
chachoengsao,1
reformed,1
winsaam,1
hanning,1
umezu,1
plums,1
dunst,1
pharmacokinomics,1
tofactinib,1
minimalism,1
emdts,1
ffqs,1
kombewa,1
gametocytaemia,1
pegasus,1
vibram,1
bikila,1
fadi,1
stipend,1
pregestational,1
fcrs,1
kenilworth,1
fte,1
maxillo,1
sapienza,1
unionized,1
deconstruct,1
gerontology,1
transcript,1
ugml,1
celsius,1
purolite,1
cultivars,1
biotie,1
contending,1
drunken,1
arguments,1
aldactone,1
moisturiser,1
shohzankai,1
miyake,1
nagoya,1
neyman,1
rehmanniae,1
nonvisible,1
actonheart,1
rests,1
kdoqi,1
metodology,1
zubirn,1
mxico,1
recycled,1
salting,1
nonaspirin,1
lenient,1
budenofalk,1
salofalk,1
lyrics,1
individualizes,1
antipseudomonal,1
wdeq,1
scenery,1
recollections,1
fillings,1
commits,1
tapbs,1
leves,1
fidaxomicin,1
roving,1
ventrally,1
hydrobromide,1
larynges,1
slp,1
multiyear,1
astragali,1
maidenhead,1
acular,1
nevanac,1
inhypercholesterolemic,1
thelargely,1
exponent,1
poincar,1
tentatively,1
helmsley,1
habermann,1
dashing,1
basline,1
anthroponotic,1
farnesoid,1
laboratorial,1
vasoplegia,1
mgit,1
middlebrook,1
redressing,1
bengali,1
electrocauterization,1
photodocumented,1
reulcerations,1
leishmanicidal,1
amastigotes,1
epitome,1
vlbwinfants,1
ofage,1
hgin,1
metry,1
sojourns,1
nicom,1
enquiring,1
encountering,1
inflows,1
huiyang,1
baliao,1
shangliao,1
xialiao,1
bined,1
kacs,1
morphoeic,1
gorlin,1
daas,1
triphosphates,1
breakthroughs,1
annotations,1
bactec,1
unaccustomed,1
nitrites,1
speeding,1
ofsrinagarind,1
vitamina,1
ofintubation,1
runoff,1
leona,1
harry,1
jahrom,1
carboxymaltose,1
supragenicular,1
sfv,1
raped,1
rapes,1
jeopardised,1
paola,1
somatuline,1
testimony,1
lris,1
menafrivac,1
portended,1
clones,1
adoptive,1
rangsit,1
presoaked,1
ituly,1
xiaoyan,1
zhitong,1
polyhexamethylene,1
timegroup,1
brev,1
profimet,1
nonresistance,1
italicplus,1
prozessmodell,1
induktiver,1
kategorienbildung,1
mayring,1
preperation,1
comparision,1
fdv,1
sulphasalazine,1
immunoperoxidase,1
instructive,1
haematofluorometers,1
immunofortis,1
concludes,1
stereology,1
puerperants,1
anethesia,1
myoclonus,1
leucomalacia,1
pvl,1
nonblind,1
frobenius,1
commenting,1
madam,1
ramipil,1
ahds,1
nmdar,1
antineurotoxic,1
hemofilter,1
ametropia,1
procera,1
dozing,1
icsd,1
sage,1
epu,1
visceroperception,1
viscerperception,1
glycometabolic,1
desatiating,1
autoinhibitory,1
acromio,1
zbd,1
normoglycaemic,1
whooping,1
collegial,1
acclimated,1
akita,1
nontransparent,1
flavours,1
electrophysiology,1
nanosuspension,1
temprano,1
nonsponsored,1
polymaltose,1
debakey,1
familia,1
levofolinate,1
ultralong,1
nalgonda,1
fluently,1
antimetastatic,1
phytogenic,1
representatively,1
radii,1
hysterosalpingo,1
nederlandse,1
voor,1
obsteterie,1
gynaecologie,1
icahn,1
yuwei,1
xinming,1
inspirations,1
farabi,1
photoablation,1
stereological,1
categorizations,1
multiuser,1
perimplant,1
fdration,1
exopolysaccharide,1
consumes,1
selfcontrol,1
transfixion,1
depletingplacebo,1
nondepletingplacebo,1
greiner,1
kremsmuenster,1
becton,1
dickinson,1
norfloxacin,1
allergists,1
richards,1
malonaldehyde,1
absorbency,1
pretty,1
undigested,1
monosaccharide,1
lactitol,1
misspecification,1
sein,1
hyposensitization,1
allercept,1
insects,1
serologically,1
stabled,1
nonstabled,1
subei,1
dpmax,1
dandy,1
electroencephalograms,1
urethrostenosis,1
ejaculationwere,1
twotwo,1
reaffirmed,1
interstrand,1
tiffeneau,1
pdpt,1
alogia,1
analyst,1
testos,1
terone,1
acuouncture,1
analgo,1
ainslie,1
tomotherapy,1
rplgds,1
humanoid,1
oeds,1
oed,1
colonize,1
ffcd,1
saskatchewan,1
elibility,1
perforin,1
shapeup,1
dissociable,1
isoniazide,1
redislocated,1
henle,1
immunophenotyping,1
sparcle,1
exerciseresponse,1
hypericin,1
reelick,1
soundly,1
useless,1
onlays,1
spongious,1
xenografts,1
theab,1
diethylammonium,1
lymqol,1
heparanase,1
sever,1
cdks,1
oestrogens,1
radiophotoluminescence,1
bupa,1
hydrosonography,1
calcimar,1
incrementality,1
decreasedin,1
yinqiguiyuan,1
guanguan,1
fusiguan,1
lipsia,1
glycosaminoglycans,1
perforating,1
wort,1
hypericum,1
perforatum,1
erciyes,1
kayseri,1
invalidity,1
tufts,1
parotids,1
kvct,1
thrapy,1
reoffend,1
reoffending,1
wat,1
pho,1
restinghr,1
npz,1
deleteriously,1
mannuronic,1
guluronic,1
microperimetric,1
antidiabetics,1
acpoints,1
kgbw,1
wailing,1
qixue,1
adverge,1
dtmin,1
changhai,1
zhengzhou,1
maltracking,1
kujala,1
disputable,1
nonprotocol,1
inspections,1
wiped,1
myotoxicity,1
extrovert,1
inefficiencies,1
passionate,1
acquaintance,1
beloved,1
grader,1
cyberderm,1
broomall,1
intrascapular,1
qlo,1
hidit,1
velayat,1
qazvin,1
unreliability,1
sufferer,1
cfir,1
brescia,1
nonsubmerged,1
leftright,1
heparinisation,1
coincides,1
decoy,1
tachyarrythmia,1
metres,1
menisci,1
tensioning,1
blink,1
depictions,1
tenstens,1
immanent,1
nbr,1
meibography,1
supralash,1
gems,1
pneumoperitoneal,1
needlesticks,1
avanz,1
resettlement,1
medicaments,1
pulpotomized,1
pianli,1
collis,1
urolift,1
neotract,1
disinfect,1
collarbone,1
photoshop,1
dienst,1
zro,1
bilipancreatic,1
lipoabdominoplasty,1
necroses,1
irrigator,1
aspirator,1
harvests,1
intraepidermal,1
mortgage,1
recessionary,1
msms,1
depomedrol,1
carera,1
preconceptions,1
jahandidegan,1
quid,1
incontinent,1
grasslands,1
dextrine,1
srrs,1
valuably,1
meningioma,1
suturable,1
reeda,1
caridopulmonary,1
roadmap,1
medmetric,1
walkmore,1
rpts,1
zaragoza,1
exports,1
hypoglycemics,1
haemaglobin,1
accidently,1
amir,1
momenin,1
gerash,1
ilesa,1
betweem,1
sulcular,1
impressed,1
zroand,1
postintake,1
nadph,1
postconsumption,1
hypermetabolic,1
retains,1
rajaee,1
meadow,1
haase,1
imtima,1
winged,1
ozurdex,1
methylthioninium,1
planimetrically,1
electroneurography,1
yangming,1
duncan,1
frisn,1
forbidden,1
guild,1
contraindicates,1
contraindicating,1
clinigen,1
atelectrauma,1
commercialization,1
effection,1
scholastic,1
dedication,1
aua,1
tng,1
isonitrogenic,1
isocalorie,1
postoperational,1
jueyinshu,1
interpreter,1
robinson,1
jau,1
tosms,1
significanty,1
dideuterated,1
technolas,1
medieval,1
contusions,1
pdgfrs,1
recode,1
underestimating,1
distributional,1
singlecenter,1
joy,1
neurobiologically,1
normalise,1
hypoactivation,1
polymethyl,1
tetrahydrofolate,1
methyltetrahydrofolate,1
theravance,1
olibanum,1
debuted,1
rope,1
semirecumbent,1
chuanwu,1
caowu,1
kusnezoffii,1
ionisation,1
gww,1
uncertainly,1
immuknow,1
summit,1
etfa,1
acadvl,1
hadh,1
femtec,1
alkalinization,1
ruxiang,1
unquestionable,1
deus,1
portrayed,1
routinizing,1
equimolar,1
toxaemia,1
corriedale,1
mating,1
strawberries,1
bananas,1
reassess,1
sympathy,1
kangquan,1
cernilton,1
khi,1
islands,1
cohabitating,1
nationality,1
carson,1
hydrogenperoxide,1
shades,1
limmited,1
vortexed,1
anionic,1
hab,1
artemisia,1
jazan,1
eimeria,1
discoidin,1
riva,1
zonula,1
coccidiostats,1
nfmd,1
referents,1
labyrinth,1
quhan,1
dancing,1
nonsequenced,1
lurking,1
polls,1
nsb,1
cedartolen,1
torii,1
qinghua,1
rhadbomyolysis,1
extensile,1
avizor,1
renzhong,1
unconsciousness,1
slma,1
cortistatin,1
pmbcs,1
crossroad,1
nutrigenomic,1
acylating,1
fundasamin,1
methycobal,1
attacking,1
prevocational,1
hydroxytryptophan,1
hiaa,1
rhamnose,1
interstimulus,1
summate,1
crite,1
yuansheng,1
langhe,1
thrombelastograph,1
scoliotic,1
genotropin,1
prescreened,1
criterions,1
ame,1
liorate,1
polyglycoside,1
hotspot,1
jak,1
relavitve,1
maiya,1
mgap,1
alvera,1
osteoblast,1
nonrecurring,1
academics,1
palermo,1
spinalmouse,1
ditrovie,1
piloerection,1
sultanah,1
aminah,1
bahru,1
miscarried,1
occludens,1
ofdexamethasone,1
sociocognitive,1
circumferentially,1
surae,1
thermo,1
footbaths,1
mobiles,1
hecog,1
laivs,1
reanalyzing,1
caecum,1
prose,1
posited,1
kirschner,1
johnston,1
unlock,1
chao,1
cii,1
azbio,1
memo,1
socit,1
franaise,1
ranimation,1
tamilnadu,1
nappy,1
ainsworth,1
guanine,1
ototoxic,1
dregs,1
idiag,1
volkerswill,1
bavarian,1
crawford,1
consensual,1
neurodiscovery,1
vaxom,1
defensins,1
opvs,1
flame,1
immunoendocrine,1
aerogenusa,1
hairy,1
nonabsorbent,1
collects,1
mpower,1
homburg,1
fibrinoids,1
blots,1
tropomyosin,1
beaver,1
visitec,1
waltham,1
dieu,1
immunoradiometric,1
mackerel,1
carrots,1
curd,1
profited,1
offenbach,1
eschweiler,1
postlingually,1
oldenburger,1
monosyllable,1
monosyllables,1
nonabused,1
heparinase,1
chemohormonal,1
duathlon,1
supershort,1
snakes,1
ladders,1
yearolds,1
yearold,1
thumbnail,1
photothrombotic,1
forepaw,1
rcct,1
foramina,1
remade,1
anyway,1
softplug,1
tearlab,1
forplacement,1
disinhibited,1
jianbu,1
xunzheng,1
afterloading,1
postplanning,1
laryngitis,1
macrocalcification,1
fibrillations,1
fumigated,1
euhydrated,1
endothelization,1
lepu,1
autocorrelation,1
nonvascular,1
notices,1
premenarchal,1
paces,1
summarises,1
pcmhs,1
pcmh,1
overcame,1
huddles,1
lacidofil,1
socioecological,1
circumvented,1
painstakingly,1
surpass,1
profher,1
lipiview,1
oquas,1
rccts,1
disfunctions,1
phosphene,1
painkiller,1
tfeq,1
multisectoral,1
encoder,1
rescuing,1
intraoperation,1
facs,1
overnutrition,1
unexcavated,1
percents,1
arrestment,1
abutting,1
mailouts,1
lubricating,1
interquatile,1
asses,1
sips,1
advisability,1
gilligan,1
waycaster,1
contactable,1
noncircadian,1
sacred,1
querleu,1
morrow,1
issuing,1
minato,1
autospiro,1
endocut,1
cathodes,1
omnipotently,1
veeg,1
haven,1
kimpese,1
evangelical,1
coingestion,1
subprocesses,1
nonadhesive,1
directs,1
glutamylcysteine,1
sandimmune,1
dispute,1
lumped,1
vocals,1
oculopalpebral,1
ulnohumeral,1
orchid,1
localizations,1
pustular,1
arndt,1
landsman,1
staffer,1
vineland,1
thapca,1
deconditioned,1
hemicolon,1
alcaine,1
loosen,1
antispastic,1
logbmi,1
iegleason,1
willed,1
ioxaglate,1
fond,1
plafond,1
dreiser,1
iks,1
inserts,1
fearfulness,1
viruslike,1
ectocervical,1
liberating,1
umss,1
therein,1
nfkb,1
hits,1
radiocapitellar,1
homeland,1
nonpsychotic,1
whitacre,1
rambo,1
amphia,1
mepi,1
oes,1
metamemory,1
plenary,1
appeals,1
reenrolled,1
reenrollment,1
khatam,1
anbia,1
angiomatous,1
meaningless,1
transcriptomes,1
impressionseverity,1
grimace,1
grimaced,1
monofilaments,1
crepitation,1
sonolysis,1
crosswords,1
tcv,1
obliterative,1
scarred,1
inanimate,1
hrtst,1
ethnoracially,1
oppression,1
distancing,1
malate,1
intercalator,1
evades,1
procomb,1
gsf,1
endonasobiliary,1
cbde,1
distributors,1
iganga,1
mayuge,1
coaptaion,1
mriat,1
evera,1
noninfarct,1
dexfem,1
eudractct,1
phytotherapy,1
fexor,1
restricts,1
gliding,1
triadic,1
dialogues,1
sieve,1
kinesiographic,1
mauchly,1
ridges,1
saptime,1
saptint,1
eucast,1
mystic,1
technologic,1
karyotypic,1
antidote,1
digitorum,1
weapons,1
adviser,1
publicising,1
advisers,1
biperiden,1
neutrophilgelatinase,1
anaesthetising,1
bencycloquidium,1
pgh,1
retransplants,1
bioair,1
nonreperfusion,1
calculous,1
masters,1
simes,1
grs,1
pathom,1
spreadsheets,1
chokg,1
macroangiopathy,1
terciles,1
transposing,1
naso,1
mdecins,1
frontires,1
hasso,1
plattner,1
tween,1
peroxisomes,1
puree,1
buckinghamshire,1
dikang,1
xintianfu,1
dikan,1
decongestants,1
decongestant,1
dcbs,1
engl,1
cardiovasc,1
jacc,1
recoursed,1
arouse,1
ceis,1
artistic,1
artist,1
dysnatremia,1
niteroi,1
echos,1
nora,1
hypersusceptibility,1
mafbx,1
cajvo,1
jar,1
richard,1
gissi,1
suprafacial,1
suprafascial,1
scavenges,1
disliked,1
percpetions,1
morbities,1
intavent,1
contemplative,1
supranormal,1
sextant,1
colorectum,1
pulseless,1
charlotte,1
methylsufonlylmethane,1
willow,1
salicin,1
boswella,1
boswellic,1
cayenne,1
subdividing,1
prlx,1
collates,1
acknowledges,1
scorpio,1
hatayoga,1
cardiovas,1
rejects,1
enterotoxins,1
chagasics,1
ncounter,1
eoai,1
rajayoga,1
stereoisomers,1
agas,1
vasodilated,1
oflornoxicam,1
peginterferons,1
scheuer,1
ecolab,1
phosphatemic,1
corpora,1
floseal,1
pulley,1
applanationonsettime,1
antifracture,1
referential,1
intercorrelated,1
mgs,1
synchronisation,1
monarch,1
autosert,1
jvgd,1
jvld,1
clefting,1
microsystem,1
cappuccino,1
revising,1
illogical,1
subanaesthetic,1
mishaps,1
intriguingly,1
dimorphism,1
deployable,1
stamped,1
rtlx,1
bundang,1
plications,1
serosfuse,1
fasteners,1
kalamazoo,1
transcarpal,1
surgicel,1
knit,1
unblind,1
yawning,1
subtask,1
hashkes,1
ann,1
tradeoff,1
trondheim,1
celebrity,1
didactics,1
preceptor,1
wraps,1
nonmedicinal,1
energizer,1
confines,1
anserina,1
homeopaths,1
vitiates,1
pgimer,1
heriotomies,1
pneumocystis,1
jirovecii,1
dexmethylphenidate,1
noncycloplegic,1
ark,1
kinondoni,1
ilala,1
crib,1
gastroschisis,1
malar,1
hemostats,1
nuchae,1
cwh,1
corefo,1
defunctioning,1
seasonings,1
honeycomb,1
polycylic,1
huddled,1
curled,1
furrow,1
reticulated,1
funguria,1
salutary,1
provings,1
discordances,1
potentilla,1
cartenoid,1
thermograms,1
semiurgent,1
dermatomal,1
nominating,1
deoxy,1
gasses,1
dentapreg,1
claudio,1
ronco,1
rassi,1
qubec,1
tourn,1
translucent,1
parsimony,1
keloidalis,1
lctba,1
ptgi,1
deformable,1
sequessome,1
postmarketing,1
glomerulopathy,1
qingli,1
multiglycoside,1
xinqiao,1
soochow,1
wuxi,1
steele,1
phosphopeptide,1
multiflorum,1
taxilla,1
demographical,1
peruvian,1
mold,1
pfcs,1
apolive,1
glo,1
hypopneas,1
ipet,1
wrapped,1
cocultured,1
metvix,1
fio,1
caism,1
unicamp,1
retests,1
retinopathies,1
leukomalacias,1
barnes,1
dhb,1
ndiabetes,1
spwb,1
bhs,1
prodisq,1
alienation,1
nonbracing,1
cocontractions,1
metabolised,1
tioguanine,1
propidium,1
iodide,1
acetylated,1
pyrrosia,1
derogatis,1
produxion,1
intuitiveness,1
oleanane,1
triterpenoid,1
replies,1
inducibility,1
nonremitters,1
reponses,1
cybocs,1
stereotyped,1
emit,1
refillable,1
idcap,1
hypogammaglobulinemia,1
natto,1
converging,1
nonfunctional,1
sidak,1
openness,1
anorectoplasty,1
rectourethral,1
lightcycler,1
gavi,1
hoya,1
physiol,1
lige,1
undermined,1
ameliorable,1
afferents,1
canakkale,1
onsekiz,1
mart,1
pterylmonoglutamic,1
oversedation,1
formyltetrahydrofolic,1
dihydrofolate,1
ophthalmologically,1
medialized,1
radiographer,1
sentiens,1
methyltetrahydrofolic,1
desynchronized,1
expelling,1
demise,1
evacuating,1
demised,1
kisumu,1
microlipid,1
bahonar,1
versterk,1
enkel,1
pretreatement,1
labat,1
rican,1
subgingivally,1
hibc,1
polyribosyl,1
ribitol,1
dtwp,1
instigatory,1
instigation,1
tetrahydrofolic,1
unmetabolized,1
preponderance,1
sister,1
feeder,1
precesarean,1
fictional,1
uterovaginal,1
paley,1
alimentation,1
dilemmas,1
polsenior,1
heterozygote,1
subtyped,1
opallis,1
contextualized,1
drms,1
drm,1
palliate,1
strenghten,1
gymnema,1
sylvestre,1
satranidazole,1
intriguing,1
skeptical,1
pressured,1
fieldworker,1
apm,1
rsabe,1
fpvf,1
fsvf,1
oromotor,1
insync,1
sentry,1
heralds,1
cordifolia,1
emblica,1
offinalis,1
longa,1
mjt,1
georg,1
immortalized,1
publique,1
hpitaux,1
bubbles,1
niederschsisches,1
forschungszentrum,1
fahrzeugtechnik,1
chalmers,1
lagging,1
veiligheidnl,1
mankweng,1
machu,1
bvba,1
curettages,1
validations,1
kottayam,1
toxicologic,1
loosing,1
qingyi,1
qingyang,1
pseudonormalisation,1
realistically,1
utilises,1
metabolizes,1
oblonga,1
tinospora,1
hypocholesterolemic,1
banking,1
saarland,1
skeletonization,1
cineangiography,1
justifiable,1
vibro,1
prpp,1
dongfang,1
aretaieio,1
burdening,1
tls,1
sssep,1
prestimulus,1
maputo,1
earlobe,1
xdh,1
atomizer,1
zintoma,1
confluence,1
expectedly,1
surrounds,1
alarmingly,1
washings,1
inmk,1
quantitate,1
cbpis,1
lamas,1
extracurricular,1
thoughtful,1
handbooks,1
sausage,1
retropulsion,1
subsetting,1
repayment,1
dihydroxyeicosatrienoic,1
cibdai,1
claudin,1
turicibacter,1
efeedback,1
thestaple,1
techniker,1
krankenkasse,1
digested,1
normalmd,1
protectiveness,1
abnormity,1
itpa,1
xinjiang,1
sensipar,1
tums,1
griess,1
cadi,1
cascading,1
unawareness,1
strauss,1
prephase,1
groupd,1
ellipsoid,1
regents,1
chloroform,1
medianquartile,1
sorbed,1
periarticularly,1
mpaw,1
miniprobe,1
cytologist,1
lpps,1
designee,1
bioxyquell,1
inhambane,1
diethylstilbestrol,1
carboxyhemoglobin,1
thiocyanate,1
confinement,1
kisii,1
machakos,1
scuba,1
overtreated,1
ricu,1
flexicult,1
nelfilcon,1
aquacomfort,1
tracheobronchitis,1
doxorubicine,1
leiomyosarcomas,1
disguised,1
symbolising,1
nineupper,1
subdivision,1
creeping,1
leopard,1
propanediol,1
prohibit,1
overeats,1
pipettor,1
mesocolic,1
regressor,1
hematocrits,1
inexact,1
femoropoliteal,1
nnhs,1
chemoluminescent,1
daudi,1
thiols,1
avert,1
renagel,1
protonix,1
harbin,1
alkyl,1
furhter,1
wastes,1
colography,1
metabolization,1
oxidated,1
multitreatment,1
concentrationssd,1
orthop,1
epub,1
jospt,1
directionally,1
circuitries,1
dissector,1
triport,1
dextropropoxyphene,1
trailnumber,1
sundays,1
mensa,1
andrew,1
albigultide,1
abliglutide,1
albigludite,1
androstene,1
nasopharyngolaryngoscopic,1
panhypopituitarism,1
microimaging,1
unexamined,1
daly,1
abraham,1
praising,1
benelli,1
glando,1
glandulo,1
otolaryngological,1
ibrt,1
jacqueline,1
seroussi,1
clopidogrelday,1
simvastatinday,1
fluvastatinday,1
tempering,1
temper,1
webcam,1
unsalted,1
multiplexible,1
pathohistological,1
electrochemical,1
saber,1
suspine,1
autoinduction,1
interregional,1
nonobstetric,1
ofhypotension,1
atropa,1
belladonna,1
calcarea,1
phosphoricum,1
hepar,1
rotat,1
symptomes,1
flexsion,1
handicapped,1
ambispective,1
cheiloplasties,1
cheiloplasty,1
enc,1
halogenated,1
multipulse,1
fewin,1
formidable,1
executable,1
astrict,1
satured,1
afraid,1
laureth,1
stayin,1
movie,1
soundtrack,1
polygram,1
bearse,1
dages,1
jumps,1
deflate,1
viscosupplementation,1
sulphuris,1
bichromat,1
muriaticum,1
protoiodid,1
biniodid,1
similarl,1
addictively,1
coeducational,1
haitians,1
dgma,1
umberto,1
veronesi,1
blunters,1
neurotic,1
multityrosine,1
maes,1
carboxylates,1
cleans,1
heed,1
cfaes,1
intraprocedurally,1
cerenia,1
zoetis,1
cannulating,1
overcompensated,1
arteaus,1
lls,1
alaris,1
pfcrt,1
genotypisation,1
richter,1
cdcc,1
hdg,1
dilutions,1
gaetano,1
pini,1
comp,1
boo,1
normotensives,1
iodohippuran,1
aquify,1
nearer,1
aeps,1
interosseus,1
subdermal,1
catquest,1
ofdesflurane,1
zambon,1
postplacement,1
mesiodistal,1
posit,1
portrait,1
multifragmentary,1
osteosynthesefragen,1
gees,1
postrace,1
sonata,1
cibic,1
fplc,1
dienes,1
euploid,1
asintended,1
quotas,1
erlangen,1
intrareader,1
intermodality,1
interchangeability,1
chapas,1
adducted,1
postnucleus,1
facepiece,1
portacount,1
bioterrorism,1
caller,1
omentum,1
paramagnetic,1
admittance,1
sequentialtherapy,1
joystick,1
infirst,1
ofpregnancy,1
conformed,1
biofilms,1
ontarget,1
dihydropyridine,1
quantitated,1
cesareans,1
laptop,1
dermatophytes,1
yeasts,1
proderm,1
dermatophyte,1
turin,1
mnws,1
dongzhimen,1
sedo,1
periurethral,1
rhinochill,1
benechill,1
kay,1
elemetrics,1
harmonics,1
diabetogenesis,1
cultivable,1
noncultivable,1
nonmetric,1
vidos,1
neurone,1
hydroxytamoxifen,1
carnivorous,1
bitong,1
nonexposed,1
invasivity,1
reliefhelps,1
mopping,1
armamentarium,1
postembolization,1
fbk,1
installments,1
contemporarily,1
urethrography,1
cariously,1
pulps,1
formocresol,1
lovage,1
grows,1
fingerprint,1
reincarceration,1
referal,1
centaury,1
patientswith,1
completehcr,1
mides,1
pseudophacic,1
incompatibility,1
raffaele,1
diaminodiphenylsulfone,1
hive,1
ryanodine,1
ryrs,1
steaming,1
lightly,1
nida,1
vocci,1
ling,1
pharmacol,1
bioavalability,1
reate,1
endons,1
tisl,1
icnw,1
gnrb,1
laximeter,1
cosine,1
flatbed,1
nurture,1
stripped,1
microdrops,1
ripcin,1
retarded,1
sopho,1
societys,1
wolfgang,1
veillonella,1
acrys,1
acrts,1
emmetropia,1
socks,1
trailmaking,1
aviation,1
saxon,1
dismantling,1
refractor,1
kosten,1
cycloplegia,1
taliban,1
rebuilt,1
representability,1
deliberated,1
juries,1
prepackaged,1
misurata,1
inperi,1
scripps,1
implex,1
hedrocel,1
delamination,1
azienda,1
sanitaria,1
posthydration,1
acupucnture,1
shanglianquan,1
preapproved,1
truncate,1
usi,1
plze,1
praha,1
yen,1
vfss,1
peralbumin,1
stoke,1
analoque,1
poser,1
multiinstitutional,1
recirculation,1
insufflators,1
hyponoea,1
paarl,1
rietvlei,1
preorder,1
forimmunosuppression,1
logcopies,1
libya,1
vigileo,1
cardiocomman,1
siut,1
colo,1
facetary,1
prevalance,1
qics,1
dermatopathologist,1
yanhou,1
abarticular,1
myrosinase,1
iberin,1
glucoraphanin,1
glucoiberin,1
llubmc,1
redlands,1
impinge,1
din,1
kou,1
mianjia,1
chiasmal,1
monocularly,1
geri,1
particpants,1
sociobehavioral,1
nhps,1
nhp,1
lunar,1
thermode,1
mrois,1
covs,1
nasoneb,1
rqol,1
srensen,1
nonelastic,1
misestimation,1
polyserial,1
polychoric,1
eigenvalues,1
endarterectomies,1
xinfengcapsule,1
haemarthrosis,1
ischia,1
bitewings,1
tabulating,1
detectabilities,1
megapixel,1
qus,1
conspicuous,1
remifentanyl,1
brivaracetam,1
oligoclonally,1
oligosensitized,1
planed,1
coastal,1
camino,1
maixuekang,1
sere,1
naturopaths,1
macnew,1
ergometric,1
gynkologische,1
pseudorandomally,1
noncontrol,1
kininogen,1
ampule,1
immunostains,1
oftramadol,1
densitometric,1
buckling,1
dunnet,1
vitalcapacity,1
plateletcrit,1
wee,1
undermanaged,1
annals,1
polysomnographer,1
immunoconjugate,1
verde,1
imipramine,1
descendent,1
debellum,1
puerperae,1
custody,1
listserv,1
embryotoxicity,1
originates,1
antithrombosis,1
manjusri,1
testifying,1
nonproteinuric,1
inevitability,1
birthday,1
caretakers,1
obscuring,1
sensitizations,1
lipemic,1
incisionless,1
nonequivalent,1
nonsynchronised,1
mhs,1
postkeratoplasty,1
underrecognized,1
mismanagement,1
amoxiclav,1
adotropin,1
rescheduling,1
supervening,1
recondition,1
cefozopran,1
interpeak,1
aptameric,1
photograph,1
nonvellus,1
miniaturized,1
exploits,1
antileukemic,1
shuxuening,1
thiobarbituricacid,1
charit,1
iprt,1
apolioprotein,1
unsats,1
svedberg,1
normolipidemic,1
policymaking,1
productively,1
nonparticipant,1
grup,1
scavenging,1
gonarthrosis,1
clomi,1
phene,1
tfiq,1
vocabu,1
controled,1
guilai,1
vasoprotective,1
mevalonate,1
sishenzhen,1
naosanzhen,1
zhisanzhen,1
niesanzhen,1
thrombocytopaenia,1
perspiration,1
aronia,1
dietotherapy,1
finher,1
nonamplified,1
rewritten,1
seroconversions,1
paperwork,1
boomerang,1
lairage,1
deliberations,1
aobec,1
residualised,1
perfusing,1
preinsufflation,1
slalom,1
sloping,1
dismounting,1
jppp,1
holoendemic,1
surveyors,1
possessions,1
plateauing,1
endocytosis,1
runt,1
transscleral,1
viagra,1
ispot,1
uncinate,1
fasciculus,1
contrasted,1
mercy,1
passos,1
braden,1
circumstantial,1
dactylitis,1
fussed,1
hindi,1
hmse,1
mobilise,1
cull,1
gastromucoprotective,1
mucoprotective,1
printout,1
idf,1
curability,1
imrove,1
nephroprotective,1
chondroitin,1
oxyldl,1
lox,1
phosphopkb,1
antigenicity,1
urinalyses,1
oculi,1
hydrodebrider,1
telovac,1
repressive,1
multilinear,1
rajasthan,1
phenomenons,1
biomedico,1
communicates,1
subtetanic,1
pane,1
mere,1
bacterially,1
alhydrogel,1
surprising,1
apprehensions,1
norming,1
unfasted,1
mobilising,1
coventry,1
unseal,1
trialling,1
sensitizes,1
sarcomere,1
faade,1
pragmatics,1
vaporized,1
imbrication,1
pouches,1
postrosuvastatin,1
soprano,1
alma,1
lightsheer,1
duet,1
lumenis,1
backpack,1
schoolbag,1
allium,1
tecos,1
ultrapro,1
wuhu,1
amiloride,1
croup,1
esophoria,1
kael,1
gemvax,1
populationbased,1
necks,1
biogenic,1
coronoidectomy,1
pedicled,1
uveitic,1
combivent,1
quartic,1
exodeviations,1
illustrations,1
mesobuthus,1
pretherapy,1
neurotrophin,1
omnivorous,1
poa,1
microalbuminuric,1
ehearts,1
soils,1
preemptively,1
timescales,1
logo,1
membrance,1
cepae,1
subitems,1
spinifex,1
cordless,1
invivo,1
andthe,1
algofunctional,1
logistically,1
volumetrically,1
polylactid,1
atheoretical,1
cids,1
resizing,1
videolaryngoscopes,1
lafy,1
hyabak,1
hydrabak,1
bentler,1
prurigo,1
nodularis,1
obel,1
medic,1
pacifiers,1
mombasa,1
worlds,1
vasculogenic,1
zhibai,1
ureaplasma,1
urealyticum,1
andriatrics,1
vit,1
obtains,1
aviators,1
dihydroxyphenylglycol,1
stolpegaard,1
euclidean,1
instigated,1
subhazard,1
fatalism,1
ukaipo,1
niho,1
debilitation,1
anticonvulsants,1
telstar,1
interchanged,1
trehalose,1
thealoz,1
mwvv,1
transhiatal,1
periocular,1
homogeneously,1
nibut,1
tmh,1
sculpted,1
homemakers,1
pemberton,1
unrest,1
sunscreens,1
skinned,1
threeweeks,1
fertilizability,1
sperms,1
dongzhencuiqi,1
clenching,1
dolorimetry,1
fviia,1
preconcentrate,1
cimva,1
dislodgment,1
coauthors,1
autokeratometer,1
databank,1
unperforated,1
chamomile,1
minimums,1
persica,1
valp,1
ensemble,1
rbsi,1
replanted,1
machinery,1
ocfighter,1
srcbt,1
multilobar,1
withstage,1
immunoregulation,1
lonelier,1
carevent,1
apology,1
remorseful,1
ascribe,1
fault,1
disclosures,1
untouched,1
footprints,1
oncostatin,1
oversampled,1
scorecards,1
enablers,1
rohe,1
conceptions,1
postdeath,1
honor,1
infectivity,1
bmw,1
dysrhythmicity,1
immunodepression,1
pacome,1
keys,1
pennisetum,1
bolous,1
zoonotic,1
arak,1
risser,1
affiliative,1
culprits,1
permeabilised,1
fluorimetrically,1
nefas,1
bypatient,1
drenched,1
backfat,1
hydroxybutyric,1
globulins,1
ioxitalamate,1
ventriculography,1
bisector,1
officiating,1
immunoactivation,1
biochip,1
raves,1
tasman,1
usanz,1
glaucum,1
maharashtra,1
nasopharyngolaryngoscope,1
identifing,1
multilingual,1
gail,1
monocenter,1
anzup,1
extraprostatic,1
collaborations,1
yards,1
bioactivation,1
prefactsheet,1
bolstered,1
optotypes,1
squash,1
disfiguration,1
jeddah,1
tista,1
antihuman,1
sevilla,1
halts,1
spinach,1
hesitate,1
traceable,1
inauthentic,1
hemiface,1
glasbox,1
practioners,1
critiques,1
disinfectants,1
duzce,1
perceivable,1
zice,1
cruke,1
redeemable,1
disenfranchised,1
celebrex,1
carbogen,1
nicotinamide,1
microbeats,1
firming,1
immunohistochemically,1
migrations,1
enters,1
colocalization,1
biguanides,1
terry,1
tympanomastoidectomy,1
nonmastoid,1
sheffield,1
transvesical,1
pabfv,1
presession,1
nonenhancing,1
prefectures,1
hanging,1
mechanotransduction,1
rerandomisation,1
tivoli,1
firebird,1
revalidated,1
pervaiz,1
elahi,1
cpeic,1
spit,1
gassiness,1
flawless,1
remedied,1
rehabilita,1
kneading,1
plucking,1
nipping,1
healthily,1
kinasemb,1
relegating,1
sotalol,1
overtransmitted,1
undertransmitted,1
impres,1
relievers,1
finip,1
thl,1
inventories,1
helse,1
finnmark,1
interoceptive,1
drainages,1
herald,1
multicentred,1
gairdner,1
blessed,1
biol,1
nuisance,1
sunfentanil,1
copeptine,1
gft,1
wijmas,1
empowar,1
pluridisciplinary,1
guyatt,1
diagnosability,1
benzo,1
sword,1
interferent,1
remissions,1
macroreentrant,1
quang,1
subintimal,1
solvay,1
overgound,1
coca,1
cola,1
chaoyi,1
fanhuan,1
percutaneously,1
underlies,1
hfg,1
lungcarta,1
oncogenes,1
luzia,1
pinho,1
hyperfunctional,1
interstim,1
neurourol,1
urodynam,1
phenanthridine,1
alkaloids,1
typhimurium,1
qba,1
aurelia,1
permutated,1
adapts,1
victor,1
intrahepatocellular,1
viscosities,1
submersions,1
ocurrence,1
mechanismsof,1
paraesthesias,1
downregulates,1
drugeluting,1
disputes,1
prewake,1
elapses,1
impa,1
onthe,1
weresubstantially,1
forbasic,1
butvariable,1
behaviorswhenadded,1
tosca,1
hpds,1
melo,1
waterfall,1
scattergrams,1
ricrolin,1
unstratified,1
psuedocellulitis,1
noodle,1
dfns,1
hypothenar,1
abrogate,1
multireceptor,1
raspberries,1
regionalization,1
bostrm,1
radiother,1
antidementive,1
solelyprovides,1
oppis,1
cricerva,1
cerdanyola,1
ramdomised,1
indentifier,1
betablocker,1
cultivating,1
pessimistic,1
unbroken,1
vasospastic,1
medes,1
thrombography,1
thrombelastometry,1
relipidated,1
reat,1
earplug,1
manovacuometric,1
ttpeak,1
starttail,1
fraught,1
flavurs,1
diprobase,1
unforeseen,1
ninewells,1
offloading,1
theaim,1
tdd,1
anosmic,1
octafluoropropane,1
roster,1
moh,1
guttate,1
nonselected,1
actid,1
dyslipedemia,1
niguan,1
yingtang,1
heaviest,1
mediofrontal,1
exergame,1
parc,1
adversity,1
intrajejunal,1
harrel,1
playfulness,1
manovacuometry,1
ventilometry,1
tobin,1
aeroneb,1
aerogen,1
sharps,1
reconnect,1
redefinition,1
subconscious,1
eisenhower,1
ventilometric,1
nontraining,1
lactogenesis,1
dame,1
serivce,1
quits,1
identifer,1
frustrates,1
holden,1
prescheduled,1
fastrach,1
tubularized,1
glanular,1
doubleblind,1
sina,1
prepractice,1
microembolism,1
hypokinetic,1
nonconcordant,1
nonrevascularized,1
oxycontin,1
mundipharma,1
mannheimia,1
ascitic,1
spitzer,1
hemoglobins,1
neuroradiology,1
sabah,1
moxi,1
bustion,1
lkss,1
trol,1
subcategory,1
witch,1
diabenil,1
elaeagnus,1
essaidaly,1
daonil,1
polyglutamine,1
milliequivalents,1
machado,1
nigrum,1
retrofractum,1
vahl,1
rhizomes,1
spreads,1
deconstructing,1
reprogramming,1
danpace,1
svm,1
joseph,1
pata,1
ulinaststin,1
hemoleukocyte,1
misreported,1
malariae,1
hemoglobinss,1
mcdonald,1
adjudicating,1
biosense,1
webster,1
lachapelle,1
cmbbs,1
ofbuccal,1
undercontrol,1
uretera,1
debriefed,1
nanfang,1
houxue,1
bibersteinia,1
ruminants,1
tracheally,1
unheated,1
evidentiary,1
hoch,1
unions,1
doughnut,1
acanthocytes,1
meditators,1
tubulopathy,1
bakery,1
sensitised,1
counterhands,1
divider,1
stereotaxis,1
paching,1
percussive,1
multifold,1
ethilon,1
ucsf,1
hypothyroxinemia,1
hindering,1
thoracoscopically,1
benefitting,1
cancellations,1
bitten,1
camphor,1
eucalyptus,1
colonfam,1
oxygesic,1
postregistration,1
uteroplacental,1
sympathesis,1
facultative,1
aerophiles,1
ctrp,1
atrogin,1
suez,1
mhq,1
bibw,1
angiokinase,1
irritating,1
ampoules,1
progestogens,1
hengli,1
corrugator,1
colds,1
glucoregulation,1
arla,1
swinburne,1
tuxedo,1
delineates,1
thcvs,1
resurgence,1
drooling,1
lactone,1
nonacupuncture,1
concurring,1
individualisation,1
smfr,1
decomposed,1
fairlie,1
tumorigenicity,1
alzahara,1
oversight,1
equines,1
shoppers,1
complictions,1
rebalancing,1
anthranilic,1
procerus,1
antivertigo,1
oxazolidinone,1
euramos,1
macroscopically,1
eradiation,1
organomegaly,1
endocrinopathy,1
dyscrasia,1
jma,1
polyisoprene,1
granzyme,1
obliterating,1
triagable,1
guizhou,1
neighbour,1
linoleoyl,1
glycerophosphocholine,1
nonglucose,1
mgmin,1
kgwbm,1
interstage,1
frodex,1
prothetic,1
xuanwu,1
comit,1
doubs,1
phenobarbital,1
freshman,1
anteroinferior,1
recoagulation,1
nondaily,1
yindan,1
xinnaotong,1
naoxintong,1
postcoditioning,1
reocclusion,1
appreciating,1
harmoniously,1
nafeedta,1
bifidobacteriaceae,1
dodecyl,1
betterment,1
bahia,1
writer,1
perlecan,1
nonoptimal,1
piedmont,1
verona,1
neuroapoptosis,1
perfringens,1
mnps,1
arelessclear,1
raps,1
veingrafts,1
neoventa,1
extraversion,1
aneroid,1
electrothermal,1
minimises,1
capsulorrhaphy,1
capsulorhexisiol,1
contradict,1
ethylene,1
millionfold,1
backed,1
ketonemia,1
rupixiao,1
nominee,1
umbilically,1
natch,1
enantioselective,1
nonenantioselective,1
pharmaceuticalcare,1
strongyloides,1
cun,1
grocery,1
writings,1
oscillometrically,1
nonsomatic,1
reconstructing,1
lipedema,1
preprepared,1
wholly,1
differencestandard,1
cellphone,1
gelatinases,1
pronuclei,1
ultrashort,1
vcds,1
biosafety,1
spotlight,1
apneic,1
werecalculated,1
critique,1
chapter,1
larva,1
strongyloidiasis,1
valeriana,1
stacks,1
groundglass,1
adminstration,1
paraneural,1
ineither,1
withuncontrolled,1
unquestioned,1
telephoneassisted,1
unreamed,1
videorecorded,1
faucium,1
orthopedists,1
desorption,1
expediting,1
uniocular,1
airarg,1
injektopas,1
pleuritic,1
traumatization,1
peritraumatic,1
wants,1
postcounseling,1
silkeborg,1
outbalanced,1
enterography,1
antiperistalsis,1
brothers,1
probandwise,1
epicondylar,1
maetha,1
lampang,1
pico,1
smokerlyzer,1
providea,1
nic,1
shaoshang,1
erjian,1
hopko,1
armento,1
conceptualizing,1
infeasible,1
pitfalls,1
highdose,1
isodose,1
xhosa,1
methylbutyl,1
isopropylpentyl,1
chiral,1
electroshock,1
pentylenetetrazole,1
teratogen,1
redibag,1
thetford,1
liopcalin,1
inhalations,1
consolidations,1
cdtivol,1
tibiotarsal,1
livin,1
carbomonoxide,1
creep,1
nomenclature,1
arouses,1
vaccenic,1
thymoglobulin,1
lymphodepletion,1
pnu,1
mycobactericidal,1
dosimetrics,1
truer,1
cute,1
myalgias,1
biotec,1
circumpapillary,1
nepsy,1
cholesteron,1
efsa,1
orchestrated,1
ortarget,1
definitestent,1
modicum,1
phylogenies,1
omnidirectional,1
reig,1
acclimatized,1
reverberation,1
usercenter,1
treament,1
robert,1
hyaline,1
somasensor,1
safb,1
somanetics,1
troy,1
nfts,1
iul,1
bloodless,1
acefhigh,1
agefhigh,1
fieldnotes,1
lactase,1
hypolactasia,1
saccharose,1
meteorism,1
ascertainable,1
kaufmann,1
gezond,1
topology,1
sunplin,1
multimers,1
nonreceipt,1
thighs,1
midparental,1
heightsds,1
coatings,1
glycoengineered,1
sinovac,1
thepercent,1
nondippers,1
beamformers,1
polaractive,1
oxymeter,1
quanzhou,1
shijiazhuang,1
kaifeng,1
matisse,1
enantone,1
linh,1
icterometers,1
telephones,1
arterialised,1
arsenazo,1
pneumotachygraphic,1
nonsynbiotic,1
mapi,1
antiglucocorticoid,1
directlife,1
actief,1
eperisone,1
opperssion,1
ofprobiotics,1
shirvta,1
ofventilator,1
oud,1
uncaria,1
hicrome,1
aux,1
tropicalis,1
glabrata,1
krusei,1
expedites,1
refines,1
tangle,1
nft,1
edification,1
otological,1
fisch,1
elevator,1
spondylotic,1
finalize,1
misconception,1
nonrhythmic,1
posttransplantation,1
santarus,1
enteroaggregative,1
reilly,1
sevendays,1
compartmentally,1
desmethylsildenafil,1
straighten,1
ofhospital,1
ofdiarrhea,1
andpresence,1
supremetm,1
registrated,1
precooled,1
iced,1
nonclearing,1
broadens,1
kabi,1
runcorn,1
scalar,1
lapides,1
nakata,1
portugal,1
inexistent,1
nonnociceptive,1
moisturize,1
moisturized,1
vapor,1
journalistic,1
endochoice,1
degenerated,1
cathexis,1
handpieces,1
saddlebag,1
cellulite,1
nsl,1
rehabilitate,1
intensifies,1
aforementionedfermented,1
enteralfeeding,1
intertemporal,1
valvulopathy,1
photoplethysmogram,1
forwarded,1
lactoglobulin,1
wyatt,1
centrifugal,1
morlet,1
generators,1
sachse,1
neleton,1
epididymitis,1
pneumococcus,1
recessed,1
biotolerant,1
regularisation,1
centella,1
centipede,1
scorpions,1
midventricular,1
noninformed,1
ilex,1
paraguariensis,1
esrk,1
scatterplot,1
loess,1
sfda,1
crescnet,1
anthropometrically,1
flextouch,1
perinatally,1
anr,1
kendler,1
keating,1
vergata,1
overexpresses,1
alcl,1
phiv,1
allopregnanolone,1
hypofunction,1
neurosteroids,1
langchuang,1
fuzheng,1
jiedu,1
membranaceus,1
angelica,1
rehmannia,1
serissae,1
lattinen,1
hayashi,1
cystostopy,1
colonise,1
menzies,1
waahec,1
pederson,1
opportune,1
unifactorial,1
pbccs,1
rbccs,1
rbcc,1
stressing,1
braud,1
arnett,1
ludtke,1
nephrovascular,1
trimethylamine,1
bruggrmann,1
cigaretts,1
vaping,1
itc,1
vyvanse,1
triaxial,1
atelactasis,1
oxymetry,1
reciprocally,1
hyperaminoacidaemic,1
nidus,1
versace,1
upro,1
susars,1
ilopango,1
marquette,1
deltas,1
antimyostatin,1
micromanometer,1
excepting,1
discontinua,1
caseload,1
lewith,1
quadas,1
stard,1
jadad,1
radin,1
quintanar,1
axons,1
unraveling,1
dpc,1
unnoticed,1
transferal,1
khorasan,1
privilege,1
demonstrative,1
mouthpiece,1
attraction,1
litesse,1
agal,1
decouples,1
piron,1
neurobiofeedback,1
kenny,1
nebulisers,1
electricity,1
translabial,1
symphysis,1
pubis,1
noncookers,1
buruli,1
mlndal,1
otoscopically,1
perichondritis,1
inimical,1
hydroxylamine,1
klinkoski,1
leboeuf,1
smartquit,1
azotemia,1
tmao,1
reexamined,1
motorised,1
resynthesis,1
mastoiditis,1
iraqi,1
qualitymetric,1
nagpur,1
commences,1
decisively,1
promus,1
dimethylpolysiloxane,1
phrenic,1
peptibody,1
orchiectomized,1
barometer,1
flavoured,1
colpopexy,1
etic,1
agence,1
ellipticity,1
arcade,1
elliptical,1
esvi,1
nonacylated,1
incubators,1
cradles,1
wassignificantly,1
legitimised,1
equality,1
postreconstitution,1
freshly,1
trigonal,1
apically,1
hesse,1
abruptio,1
placentae,1
foresee,1
catalysers,1
midwest,1
capitalize,1
infinite,1
dnp,1
offsets,1
fibrogenesis,1
treatmentalone,1
sisonke,1
sensa,1
erred,1
lsoflurane,1
nationale,1
scurit,1
mdicament,1
produits,1
nonbasal,1
pressed,1
characterising,1
intentionally,1
normocaloric,1
permissively,1
underfed,1
popdi,1
durata,1
chorioretinopathy,1
hyperpermeability,1
lincoln,1
operationalisation,1
liuzhou,1
glycosides,1
schleswig,1
oldham,1
dqm,1
interpreters,1
chos,1
kickoff,1
theatres,1
susanli,1
antishivering,1
rnasel,1
tnfa,1
antimicotics,1
fluroide,1
availed,1
naringenin,1
ship,1
tracheoscopy,1
tnts,1
aeuroginosa,1
shortfall,1
nutraceuticals,1
apneahypopnea,1
aminoglycosides,1
acetylglucosaminidase,1
hyoid,1
electable,1
nonfaculty,1
microparticle,1
conceptualisation,1
grouptimeeducation,1
acufocus,1
inlays,1
noiseq,1
intrateam,1
biometrically,1
attains,1
lawn,1
mower,1
truck,1
bifrontal,1
schatzkin,1
preinterventional,1
cardiosurgical,1
scca,1
theseresults,1
intermaxillar,1
prognatic,1
beuren,1
gck,1
etiopathogenesis,1
pedunculopontine,1
ketorolaco,1
acetazolamida,1
ligelizumab,1
fcri,1
msqol,1
bau,1
dmds,1
baptise,1
lipometabolism,1
soundscape,1
cadet,1
cordectomy,1
engraftment,1
procaterol,1
vulnerabilities,1
normals,1
lending,1
cartoon,1
headquarters,1
assertiveness,1
titanyl,1
coblation,1
spectacularly,1
surinamese,1
dbd,1
tonsillotomy,1
resective,1
periextubation,1
tiantan,1
nonopacification,1
yangxue,1
crippling,1
predominating,1
prismocitrate,1
hemosol,1
totreat,1
bevelled,1
beveled,1
invention,1
uhmw,1
implantby,1
horticultural,1
cnc,1
acmaster,1
analgegia,1
coghing,1
endplate,1
bothered,1
qingre,1
sibam,1
hcdrm,1
asessment,1
confirmable,1
ningbo,1
gazed,1
pubic,1
tubercle,1
trademark,1
losers,1
glmm,1
carbapenemases,1
metallo,1
substantiating,1
pbrns,1
pcori,1
nsaes,1
yogic,1
yba,1
vba,1
russell,1
kinking,1
dvds,1
needy,1
transconjuctival,1
multiagency,1
harmonized,1
cks,1
submitting,1
reappraising,1
ordinarily,1
bureaucrats,1
additon,1
haustral,1
retroflexion,1
dmean,1
undesirability,1
thann,1
chunks,1
codebook,1
hnsccs,1
shirmer,1
neoallto,1
commissie,1
klinische,1
evokes,1
highrisk,1
vigorously,1
puffing,1
hfwco,1
anthelminthics,1
yoyo,1
centimeters,1
perirenal,1
modied,1
beadarray,1
shrink,1
thepostoperative,1
accumulations,1
roskilde,1
underutilize,1
memorize,1
tlovr,1
faslodex,1
allegedly,1
kettlebells,1
strangulated,1
mukoviszidosis,1
tries,1
nondairy,1
semiskimmed,1
semihard,1
toolcreated,1
azilect,1
scarification,1
override,1
inactivate,1
ipg,1
sitewise,1
confluences,1
insti,1
semirealistic,1
scanpaths,1
allicin,1
fiscally,1
enofovir,1
offour,1
removedfrom,1
afour,1
nettle,1
resumes,1
coworkers,1
middleear,1
postexertion,1
glycyrrhiza,1
inflata,1
decanediol,1
menthoxypropanediol,1
sporecover,1
methylight,1
luminometric,1
familien,1
paraspinally,1
hefore,1
strken,1
plastin,1
lamin,1
vimentin,1
prolyl,1
glutaminyl,1
eukaryotic,1
rehearse,1
faithfully,1
expectorated,1
bioaccessible,1
encapsulation,1
metabolizable,1
cysticidal,1
cysticercosis,1
shallower,1
overweigh,1
thermoablative,1
precipitating,1
ezrin,1
ibadan,1
autonomically,1
deemphasized,1
mcids,1
malignoma,1
allada,1
hydroxyoctadecadienoic,1
carbonylated,1
aldolase,1
uretero,1
renoscopy,1
nephrostolithotomy,1
moesin,1
webserver,1
hasan,1
sadikin,1
bandung,1
prebolus,1
nudges,1
nudge,1
judicious,1
costlier,1
deamino,1
aggram,1
tov,1
viastar,1
endoprosthesis,1
assuage,1
operationalize,1
anticlockwise,1
suck,1
randomizes,1
corrona,1
pleurotomy,1
convint,1
rrts,1
excising,1
rheumatol,1
jrheum,1
multinutritional,1
armor,1
stunned,1
faithful,1
subjetcs,1
checkups,1
toplacebo,1
nonplaque,1
umms,1
omissions,1
drotverine,1
hci,1
dornier,1
lithotripter,1
tensin,1
phytoestrogen,1
transiting,1
turgidity,1
juvderm,1
voluma,1
supraperiostal,1
hyperflexible,1
glycogenolysis,1
eudra,1
upgrading,1
microbicides,1
citad,1
gtx,1
toremifene,1
fluoxertine,1
ziwzuliuzhu,1
hardcopy,1
wiki,1
photosensitizers,1
nanoemulsion,1
antipertussis,1
microvasculature,1
thromboglobulin,1
mishel,1
clsr,1
intracoronarily,1
creatinekinase,1
believes,1
alleged,1
espocan,1
cephalalgic,1
elaborated,1
ribeiro,1
thursday,1
simplemix,1
moscow,1
somnological,1
cephalgic,1
reorganization,1
microincisions,1
ketonaemia,1
axos,1
deferrals,1
veracity,1
multifibre,1
nonthrombolysed,1
overreactive,1
mpg,1
isobutyric,1
abdullah,1
prototypic,1
multimer,1
nonrenal,1
foradil,1
multitrauma,1
xsensor,1
morphokinetic,1
opr,1
significantdifferences,1
statisticallysignificantfor,1
wasstatistically,1
byers,1
isoglycaemia,1
preto,1
languedoc,1
roussillon,1
www,1
commissural,1
commissures,1
diphtheroid,1
erlang,1
alpes,1
phrc,1
assuring,1
ekgs,1
weightbearing,1
magellan,1
mpdeeg,1
unambiguously,1
sup,1
ported,1
jogged,1
untaped,1
autofluorescent,1
noroviruses,1
interchangeably,1
spineboards,1
lempira,1
nomination,1
farmworker,1
nonefficacious,1
catastrophes,1
betalactams,1
carlier,1
kinetically,1
videolaryngostroboscopic,1
acini,1
bronchoscopies,1
disappears,1
anticraving,1
copsi,1
tamil,1
rhne,1
tdnt,1
ssdnt,1
transcendental,1
methodologically,1
fuelled,1
obviates,1
declare,1
nadu,1
universitario,1
colima,1
eatdm,1
churn,1
quepp,1
reloadings,1
cautionary,1
tale,1
clientelism,1
publicity,1
gatineau,1
nonexercising,1
vowels,1
vowel,1
peaking,1
hyperfractionated,1
polyglandular,1
turk,1
tickets,1
indegree,1
mwanza,1
inadvisable,1
cyclooxygenases,1
lipoxygenases,1
analogu,1
scalescores,1
thosein,1
nonmorphine,1
reducesthe,1
dorsiflexed,1
mesangium,1
cardioversions,1
fatmax,1
sheffe,1
bednets,1
antifolates,1
bluelight,1
corruption,1
marginalized,1
auditing,1
necrolysis,1
seclusions,1
multiloculated,1
neuroendoscopy,1
ventriculoatrial,1
ventriculopleural,1
distensible,1
intradermally,1
immunologists,1
merited,1
radcliffe,1
dimcad,1
semss,1
ropivocaine,1
intraveniously,1
ropinvocaine,1
transmissible,1
nonabsorbed,1
relypsa,1
realised,1
tastes,1
accentuating,1
toxigenic,1
ctxb,1
potable,1
lisat,1
chorioretinal,1
smfq,1
ford,1
targetable,1
selinsgrove,1
fourths,1
prefecture,1
gargled,1
oleaceae,1
spermiogram,1
casually,1
phlebography,1
obviating,1
xenogeneic,1
fff,1
hgd,1
canchange,1
cobrim,1
mucoperiosteum,1
friuli,1
transplanting,1
guaranteeing,1
indurations,1
anejaculation,1
banned,1
nestl,1
pparg,1
streptocotozin,1
ultraearly,1
thermistor,1
geass,1
pozzuolo,1
igrt,1
nccn,1
bned,1
acuta,1
vasst,1
reapplied,1
dermopathy,1
limiters,1
semisolids,1
insensible,1
presaged,1
appac,1
ultrastructural,1
butin,1
thatmost,1
relaxes,1
proquad,1
currency,1
refrigerating,1
rescues,1
respirations,1
junan,1
encephalographic,1
mackworth,1
clockwise,1
antecede,1
fluidity,1
rotates,1
magnets,1
impart,1
handihaler,1
democracies,1
harmfulness,1
noncovalent,1
thermachoice,1
nanostring,1
disodium,1
microendoscopic,1
pvmr,1
acrophase,1
demqol,1
phis,1
broselow,1
xiguan,1
biodynamical,1
nucleolar,1
nonreceptive,1
isomalt,1
stevia,1
acylcarnitine,1
ping,1
propositional,1
scheffe,1
modulations,1
oxygennase,1
riprec,1
occurrs,1
cno,1
phalangeal,1
willmar,1
schwabe,1
karlsruhe,1
combing,1
repulsion,1
rhinalgia,1
propeptides,1
progut,1
benserazide,1
intralesion,1
sdma,1
leavers,1
outearly,1
nav,1
bisegmental,1
swipe,1
uropathologist,1
hdac,1
progenitors,1
caplets,1
multimineral,1
classii,1
wassigni,1
cpapmode,1
vpef,1
excitation,1
perconditioning,1
leopards,1
wuji,1
nonessential,1
influencers,1
explicable,1
corticolimbic,1
rmanova,1
repopulated,1
amberg,1
galactorrhea,1
aircumstance,1
schizophrenics,1
schwandorf,1
manned,1
dummies,1
genitofemoral,1
outbound,1
intimates,1
abcdefg,1
endosonographic,1
endourological,1
uro,1
scopic,1
underperforms,1
interprets,1
dependable,1
reconsidering,1
retroactive,1
shengjing,1
cdts,1
sociometric,1
betweenness,1
influencer,1
magnetics,1
dyssynchronous,1
revert,1
regress,1
administraton,1
envelop,1
weck,1
dihydrogen,1
zhoudian,1
cel,1
linxian,1
monotonic,1
noncorticosteroid,1
fibroblastic,1
trabucco,1
firis,1
hysingla,1
hydrogels,1
notches,1
tgn,1
leucocyte,1
pronto,1
analyser,1
tasmanian,1
trialsearch,1
trialid,1
caist,1
gammaglutamyl,1
hypertransaminasemia,1
salicylazosulfapyridine,1
hemeproteins,1
intergroupe,1
mylome,1
icmr,1
decalcification,1
rdna,1
fingerprints,1
ofirmev,1
prebypass,1
lcms,1
concentrationtime,1
inactivates,1
sirius,1
logopedists,1
jawline,1
elixir,1
equilibration,1
multilocus,1
transmissions,1
neurointensive,1
neurovital,1
extracerebral,1
subperiod,1
brian,1
cnt,1
resecting,1
theravalues,1
shooters,1
gam,1
chilli,1
sportspeople,1
precept,1
shekels,1
nodatum,1
parvimonas,1
micra,1
actinomyces,1
odontolyticus,1
microbiotas,1
mouthed,1
toxicologists,1
coeliotomy,1
breeds,1
cariostatic,1
referencing,1
costimulation,1
nonenzymatic,1
caduet,1
piis,1
normofibrinogenaemia,1
reinduced,1
infirmary,1
hidrotic,1
acudep,1
flutamide,1
mondocel,1
mondomed,1
hamont,1
achel,1
hemox,1
rahima,1
moosa,1
aetiological,1
dangerousness,1
acknowledgement,1
overhead,1
extrapolating,1
tecam,1
rotatory,1
hertfordshire,1
potentiators,1
maxacalcitol,1
albuminadjusted,1
diacfs,1
nonweight,1
fortune,1
otology,1
sends,1
ordinate,1
pii,1
pjms,1
osteophytes,1
patello,1
seperately,1
pica,1
teaspoon,1
teller,1
frisby,1
demarcated,1
capsovision,1
lively,1
organon,1
biophysiological,1
cnpc,1
colearning,1
cnpcs,1
sentiments,1
multibehavioral,1
bronchoconstricting,1
bronchoprotect,1
amygdaloid,1
maintainedfor,1
erythematous,1
relatedspasticity,1
apophyseal,1
glides,1
depigmentation,1
hyperreflective,1
oles,1
npitotal,1
chinayuan,1
serotoninergic,1
melatoninergic,1
mounds,1
yellowish,1
whitetissue,1
bangui,1
bsed,1
andp,1
postacute,1
irrational,1
sociomed,1
jaccard,1
contouring,1
unsustainable,1
prioritise,1
reconfigurations,1
cicely,1
saunders,1
sulphamethoxypyrazine,1
gynecopathologists,1
tecniques,1
nondiet,1
maritime,1
pine,1
pycnogenol,1
roburins,1
citulline,1
anglo,1
stratifiers,1
funds,1
aachen,1
adenoviral,1
interpercentile,1
traumaticity,1
nonneurogenic,1
oabq,1
perorally,1
chemtherapy,1
vdlp,1
obtainded,1
nonovarian,1
primaries,1
nonbeneficial,1
subprotocol,1
gynaekologische,1
ville,1
forbin,1
louse,1
andbehavior,1
otheropportunities,1
concious,1
tango,1
qiling,1
nonveterans,1
multinight,1
cholox,1
nonhypercapnic,1
interrgional,1
florali,1
fargo,1
byproduct,1
vegetarians,1
lovs,1
harrt,1
suturolyses,1
goliath,1
soundness,1
meop,1
accelerators,1
crowded,1
brimmed,1
glycoalbumin,1
withstanding,1
followups,1
disengagements,1
dehiscences,1
arthrotomy,1
nonstimulation,1
virgen,1
arrixaca,1
implausible,1
haemodilution,1
biopsyproven,1
endochylema,1
murcia,1
defunctionalized,1
nestle,1
vevey,1
intersurgery,1
nonstimulated,1
spheresr,1
multisymptomatic,1
andat,1
shelters,1
madrague,1
exm,1
characterises,1
tions,1
pharmo,1
osteoblasts,1
rgml,1
ceived,1
wealthier,1
wor,1
kers,1
vicodin,1
tylenol,1
reclassifies,1
kista,1
ascariasis,1
trichuriasis,1
trilogy,1
intitute,1
apollo,1
pulmonale,1
expectorant,1
foreseen,1
cementoblasts,1
fcfm,1
handful,1
electrolyzed,1
icepop,1
rady,1
jdrf,1
prothrombotic,1
nonmetabolized,1
electrogastrogram,1
integer,1
oxymask,1
medcore,1
compered,1
maximisation,1
neulasta,1
nondigestible,1
permeate,1
galactooligosaccharides,1
sialyllactose,1
sioux,1
factories,1
hemoperitoneum,1
carbocysteine,1
sine,1
myrtus,1
communis,1
meditated,1
standardising,1
latanoprostene,1
bunod,1
smarts,1
exiting,1
ibtrs,1
preworkload,1
postworkload,1
tracheobronchial,1
nanocolloid,1
equicaloric,1
cordial,1
extender,1
spores,1
farrow,1
producer,1
fundascopy,1
gustation,1
trypsin,1
easyfoam,1
ceeon,1
zonular,1
unsuitability,1
premanoeuvre,1
postmanoeuvre,1
posturing,1
kui,1
yao,1
lue,1
shiftwork,1
sleeptracktxt,1
reynell,1
chemosensation,1
flynn,1
pelham,1
esbls,1
parked,1
backing,1
tetramethylpentadecanedioic,1
bloodflow,1
acylethanolamines,1
pyrrolidone,1
palmitoylethanolamide,1
stearoylethanolamide,1
microdialysate,1
malonyldialdehyde,1
pgmi,1
withpcos,1
systematized,1
sanyu,1
sstis,1
censor,1
malleable,1
bounce,1
backs,1
malpractice,1
spirographic,1
coagonist,1
unreadable,1
nga,1
scratching,1
identifypatients,1
swanson,1
kotkin,1
agler,1
dnadna,1
resists,1
bears,1
chps,1
agglomerative,1
canagliflozintreated,1
reaspiration,1
abmsc,1
adherers,1
mississippi,1
wakings,1
individuality,1
hydroxyvitamind,1
deia,1
supraspinous,1
intraspinous,1
shikani,1
alx,1
abdomninal,1
ere,1
pidolate,1
normomagnesemic,1
chemoattraction,1
octaves,1
nasopharygeal,1
stnfrii,1
inmunofern,1
mangochi,1
idis,1
pvw,1
polygamous,1
nonpolygamous,1
stubbing,1
unites,1
cystectomized,1
pitlsburgh,1
handsome,1
factional,1
energies,1
euphoria,1
nonhospitalization,1
vag,1
mordha,1
neurorecovery,1
usaid,1
strehl,1
moncton,1
legacies,1
separators,1
mangalore,1
scariosus,1
posterial,1
cefadroxil,1
amoxycillin,1
brodmann,1
paraparesis,1
grpup,1
whatever,1
sequestrant,1
carol,1
practioner,1
disprove,1
urogynecology,1
massaging,1
inactivating,1
metabolising,1
vitoria,1
amerindians,1
healers,1
farming,1
gnaq,1
handsets,1
partitions,1
nests,1
jianzhong,1
naoshu,1
jianwaishu,1
bingfeng,1
aracruz,1
ultradent,1
hunched,1
militates,1
noncommunicable,1
eurofit,1
proofs,1
prechelated,1
spectroscopic,1
impi,1
optimality,1
cdrid,1
healthprofessional,1
protocolsearchid,1
cane,1
rollator,1
nonpulsatile,1
defectscale,1
tnfalpha,1
elf,1
clearfl,1
teleconference,1
glabrous,1
cinnamaldehyde,1
respecting,1
peglispro,1
hepatopreferential,1
merino,1
docking,1
grassed,1
exited,1
antisuicidal,1
nvds,1
mothering,1
pitfall,1
transhepatic,1
mmns,1
echoes,1
mural,1
muffin,1
multicampus,1
feminine,1
literate,1
uafc,1
plerixafor,1
sulfo,1
lacnac,1
ghaem,1
methacryloyloxydodecylpyridinium,1
shentong,1
autonomously,1
rectale,1
uniformis,1
elucidates,1
intricate,1
indigent,1
pronuclear,1
authenticity,1
contextualised,1
simplistic,1
multinodular,1
jiawei,1
talkers,1
utter,1
uttered,1
stiffly,1
rivierduinen,1
lymphopoiesis,1
emigrants,1
competencias,1
semantically,1
consolidates,1
unbeknownst,1
scapulohumeral,1
hereinafter,1
urinanalysis,1
reinitiated,1
reassessing,1
zorgonderzoek,1
medische,1
wetenschappen,1
koningin,1
prausnitzii,1
riker,1
dexmedotomidine,1
taijian,1
binao,1
autodialed,1
saccular,1
elapse,1
prozasin,1
laryngoplasty,1
videolaryngostroboscopy,1
intracordal,1
remembrance,1
samut,1
sakorn,1
ggz,1
ovulate,1
adolescentes,1
una,1
sexualidad,1
saludable,1
prespinal,1
improvers,1
leukocytopenia,1
hmo,1
microlaryngeal,1
denol,1
vetted,1
awarded,1
vulgatus,1
adolescentis,1
catenulatum,1
rechallenge,1
telemonitored,1
debridements,1
microembolisms,1
atelectases,1
administrable,1
bangerter,1
rhyner,1
orotracheally,1
romberg,1
aminoadipic,1
ileocecal,1
sternomastoid,1
jiaosun,1
duruz,1
ovulated,1
whiteside,1
stroud,1
parities,1
supplmentation,1
vitamines,1
minraux,1
antioxydants,1
demoralization,1
grober,1
buschke,1
neuropsychologist,1
fcsrt,1
corps,1
sheltering,1
segregating,1
teaam,1
clamshell,1
resuscitative,1
rebounded,1
thepulmonary,1
actn,1
waited,1
sativex,1
hsppc,1
pinchgrip,1
postwithdrawal,1
sunbeam,1
shortcoming,1
fibropurulent,1
consigning,1
leung,1
moseley,1
zaizaosh,1
phosphenes,1
luminous,1
coitally,1
applicators,1
verhaar,1
predominates,1
zweymller,1
watson,1
minimus,1
roentgenograms,1
voxelwise,1
enticing,1
engxue,1
mwcs,1
bartlett,1
subfractionated,1
cryptoxanthin,1
crosswind,1
inadequacies,1
setters,1
islam,1
ugly,1
nonmonetary,1
antitumoral,1
comm,1
angiomax,1
populate,1
recaptured,1
octanoic,1
aplastic,1
nssa,1
ssq,1
masculine,1
playboy,1
oxytocics,1
averting,1
resurgences,1
diploid,1
overshooting,1
xenopus,1
phlorizin,1
vssfrom,1
ofscar,1
duringfollow,1
singlepill,1
uptitrating,1
dayf,1
affricates,1
podkarpackie,1
posti,1
arcs,1
intermune,1
propatria,1
unpremedicated,1
withnasopore,1
crssnp,1
choosed,1
perative,1
cingulated,1
brunt,1
fricatives,1
arthritides,1
abobotulinum,1
territorial,1
nonsurgically,1
infft,1
sameduration,1
parasitemias,1
oceania,1
tomatoes,1
clomifene,1
hacat,1
hosts,1
glut,1
ngaoundere,1
sporozoite,1
merozoite,1
phonak,1
naida,1
bouchard,1
downloadable,1
egalitarian,1
andsocial,1
hightestosterone,1
initiallyinvited,1
plethysmograph,1
garrison,1
highcare,1
capoxcetuximab,1
hardy,1
weinberg,1
avatarvscontrol,1
textvscontrol,1
oldfemales,1
tiny,1
quinolon,1
subspecialist,1
vestibulotoxicity,1
sfj,1
tprk,1
maharat,1
ratchasima,1
counters,1
casualties,1
gelre,1
apeldoorn,1
barkley,1
unusually,1
protestant,1
thermodynamics,1
calerie,1
midgut,1
hindgut,1
enteropancreatic,1
clarinet,1
cssi,1
abbreviations,1
meritocratic,1
valuing,1
chronology,1
bpgs,1
bpg,1
defragmentation,1
balonghin,1
sapon,1
misdiagnoses,1
mprk,1
femour,1
micromotions,1
trimonthly,1
actigraphically,1
automaticity,1
norquetiapine,1
nonclinician,1
deutschland,1
intercom,1
cinstemi,1
antinuclear,1
xifeng,1
zhidong,1
idgwps,1
dreaminess,1
fur,1
procedurally,1
mdico,1
enfermera,1
goldberg,1
preincision,1
duodecapeptide,1
calmodulin,1
phosphorodiamidate,1
morpholino,1
exco,1
nico,1
urethroscopy,1
cysto,1
urethrogram,1
vesico,1
abolishing,1
keller,1
homestead,1
agricultural,1
underlining,1
premastectomy,1
disused,1
calpastatin,1
fcsa,1
hybrids,1
perimenopasual,1
poisonings,1
bagg,1
albino,1
posthemorrhage,1
tachypnoea,1
patientsto,1
yacs,1
interstate,1
unprepped,1
oligomer,1
nucleoprotein,1
postexposure,1
drunker,1
unmasks,1
unmask,1
beinfluenced,1
andmoderate,1
encouragingly,1
incuded,1
ergo,1
bikes,1
whitehall,1
smokefree,1
hydrophilicities,1
acidloaded,1
wsedi,1
nonisocaloric,1
wastage,1
faulty,1
lengthier,1
pipelines,1
mulitdisciplinary,1
myalgic,1
encephalomyelitis,1
lightning,1
trademarked,1
ldhs,1
patrolling,1
electroretinograms,1
mrr,1
henley,1
thames,1
nondisseminated,1
subclassifications,1
sympton,1
coped,1
resignation,1
powerlessness,1
postthoracoabdominal,1
mcgkg,1
electroencephalographically,1
asthenozoospermia,1
sibiono,1
israeli,1
undependable,1
brooker,1
nonunions,1
pcwallstent,1
genetech,1
miniinvasive,1
bolts,1
puzzles,1
methylglucose,1
emptied,1
livebirth,1
microneedles,1
poststabilization,1
nonwrap,1
resesarch,1
feels,1
kinoid,1
curtailed,1
tritan,1
aecop,1
pneumologist,1
bayes,1
facioscapulohumeral,1
naratriptan,1
dihydroergotamine,1
subfacets,1
clothes,1
garment,1
hepatoxicity,1
elevationsgrade,1
vastly,1
unpartnered,1
salmonellosis,1
videofluoroscopy,1
kosteneffektivitts,1
hesitant,1
bluetooth,1
lage,1
bofutsushosan,1
memary,1
visp,1
virosome,1
angiograph,1
sherbrooke,1
bulbs,1
dilute,1
angiotensinogen,1
irv,1
keratome,1
lensx,1
scheimpflug,1
oculus,1
optikgerate,1
wetzlar,1
precardioversion,1
postcardioversion,1
revolutionized,1
cinema,1
grasper,1
noninterventional,1
overreferral,1
nonexpert,1
theankle,1
aggregations,1
stentthrombosis,1
resynchronisation,1
refreshers,1
accoding,1
immobilisation,1
diauc,1
pseudonormal,1
princeton,1
rescored,1
interpoximal,1
onabotulinum,1
headrest,1
crew,1
wing,1
thrombophlebitis,1
brevundimonas,1
sie,1
microcrystalline,1
dihydrocodeine,1
diosmin,1
gangmen,1
unsplinted,1
midpalatal,1
midsymphyseal,1
patrices,1
frequencyxtime,1
millimetres,1
debridment,1
limp,1
hypersensitisation,1
antitussives,1
cefalexin,1
ciai,1
bacteriologic,1
postextractive,1
tfis,1
nsg,1
blockades,1
eradicates,1
elect,1
nincds,1
adrda,1
xviii,1
ssgxviii,1
mcts,1
encloses,1
aracaju,1
pdql,1
temtica,1
cooperativa,1
sida,1
resuscitate,1
moves,1
prong,1
ahvaz,1
proanthocyanidins,1
arimidex,1
atac,1
austrian,1
bivariable,1
cfda,1
bared,1
nontransplant,1
andribavirin,1
grandi,1
paolo,1
guazzi,1
jdentalcare,1
sudy,1
immunecompetence,1
restoratively,1
adynamic,1
evbl,1
haemoperfusion,1
tangerine,1
custommade,1
housings,1
bioassay,1
bladderscan,1
ides,1
maximizes,1
gagamori,1
juegu,1
straightness,1
distortions,1
cymbopogon,1
saliuretic,1
asif,1
realignment,1
lor,1
illusory,1
misperceiving,1
nonsuppressed,1
centere,1
brachiocephalic,1
tommaso,1
phloroglucinol,1
thefollowing,1
adrenomedullin,1
hyperandrogenic,1
borage,1
borago,1
plantagineum,1
antidiarrhoeals,1
athena,1
gendep,1
desmethylescitalopram,1
nortrip,1
tyline,1
squamocolumnar,1
naprapaths,1
osteopaths,1
alexandria,1
supplementalfeeding,1
gaboxadol,1
neurophysiology,1
reimbursements,1
bvi,1
nonbacklit,1
mwtd,1
flail,1
onepiece,1
blinds,1
randomness,1
septostomy,1
pancuronium,1
clay,1
dimorphisms,1
audiotapes,1
inclement,1
maintainers,1
gegen,1
puerariae,1
antiaggregant,1
antihypoxic,1
membranotropic,1
lacunes,1
enugu,1
coeliacs,1
butyric,1
metabolise,1
polyacid,1
transmedics,1
naprapathic,1
heighten,1
musicianship,1
saris,1
dsmiv,1
blc,1
oxaloacetic,1
jyvskyl,1
higham,1
unsurprising,1
scapulae,1
jinhua,1
qinggan,1
compressible,1
sfq,1
alkphos,1
osmotherapy,1
hydronephrotic,1
materia,1
medica,1
tuber,1
ischiadicum,1
cannulae,1
salter,1
hauge,1
microfloral,1
bucillamine,1
incompliance,1
antihistaminic,1
sharn,1
jmp,1
electrohydraulic,1
nonmusic,1
adenomatous,1
psvc,1
belted,1
triads,1
multivented,1
reformulation,1
playbook,1
dtp,1
vadt,1
tohid,1
besat,1
slot,1
multistix,1
odorous,1
amplatz,1
endourologist,1
widman,1
preamendment,1
exemplar,1
aliquot,1
allegiance,1
specializes,1
maximized,1
splenopancreatic,1
sulfa,1
rupadatine,1
elaborately,1
microbiopsies,1
symptons,1
intradural,1
nonaneurysmal,1
tallied,1
walters,1
fong,1
christie,1
roel,1
nethery,1
reiser,1
sager,1
permanency,1
coursework,1
equalizing,1
vasculopathic,1
otorhino,1
simont,1
transmembrane,1
heinz,1
nixdorf,1
reclassifying,1
lacerated,1
counterbalancing,1
verisimilitude,1
pures,1
hepatis,1
aklavik,1
pyori,1
hypoproteinaemia,1
linehan,1
gravidae,1
schwann,1
dysmyelination,1
antinauseant,1
isrcn,1
modi,1
philipson,1
traverso,1
upregulates,1
obtryx,1
parametrically,1
ppms,1
pune,1
reassortant,1
bharat,1
multivalent,1
whitehouse,1
evri,1
hemoglobinemia,1
methyglutaryl,1
gej,1
precommercial,1
hynes,1
coagulopathies,1
ryge,1
chats,1
spum,1
anztcn,1
desmethylangolensin,1
detriment,1
isovelocity,1
nonvisceral,1
pleomorphic,1
desmoid,1
lipoma,1
angiomyolipoma,1
paratesticular,1
tsorbatzoglou,1
zsmbk,1
thiocolchicoside,1
cncm,1
neurophysiologist,1
ewing,1
ectodermal,1
teratoma,1
carcinosarcoma,1
sarcomatoid,1
paraganglioma,1
wbccs,1
pseudophakia,1
konkuk,1
pheochromocytoma,1
ratchaburi,1
owestry,1
medicontur,1
heiq,1
terrestrial,1
trunked,1
executives,1
handset,1
urography,1
pearsons,1
essentials,1
latex,1
penrose,1
tonsillectomies,1
krenk,1
jennum,1
kehlet,1
immediaterelease,1
demethylation,1
colpocervicopexy,1
multicompartment,1
atid,1
catguts,1
incabotulinum,1
plaivs,1
subvirion,1
clades,1
overheads,1
retransferred,1
retransfers,1
bloomquist,1
realmuto,1
hektner,1
descensus,1
subtasks,1
molluscum,1
contagiosum,1
lengthen,1
criminality,1
borduin,1
felony,1
joinpoint,1
spongiform,1
enriches,1
cjd,1
rocephin,1
aspen,1
sncv,1
myelomonocytic,1
trilineage,1
adulto,1
medizintechnik,1
gulden,1
bensheim,1
perk,1
postlabor,1
kek,1
metalloproteases,1
heding,1
lnh,1
vindesine,1
coexpression,1
subclassification,1
dyslipoproteinemia,1
virilization,1
testoviron,1
transanally,1
amenorrheic,1
computerguided,1
cbtc,1
trophoblasts,1
tryptamine,1
praxis,1
heia,1
novak,1
kinship,1
receiveing,1
gruppo,1
italiano,1
malattie,1
ematologiche,1
dell,1
misidentified,1
euhydration,1
postpremedication,1
cytopathological,1
accelerations,1
bilobectomies,1
electroclinical,1
gimema,1
parolees,1
jails,1
paroled,1
noncompletion,1
creutzfeldt,1
jakob,1
intransient,1
lymphoedematous,1
bordetella,1
nonmyeloablative,1
teaser,1
announcing,1
speedier,1
kindergartners,1
divert,1
intercone,1
dimly,1
everywhere,1
ptos,1
waveguiding,1
delft,1
toresolution,1
moms,1
thepresence,1
muslim,1
mll,1
intradetrusor,1
polyspike,1
nonphotosensitive,1
photoparoxysmal,1
striate,1
extrastriate,1
dmn,1
inmicturition,1
inurinary,1
respectto,1
onurinary,1
antidiscolouration,1
thalami,1
striato,1
telepsychologists,1
telepsychiatrists,1
susceptibilities,1
bradshaw,1
bathroom,1
wheeled,1
cocktails,1
fluoexetine,1
sigrid,1
juselius,1
purgatives,1
urethane,1
overdispersion,1
fulfils,1
fluorophotometry,1
walker,1
debi,1
dug,1
vulvovaginitis,1
balanitis,1
fecundity,1
ambiguously,1
botolinum,1
inobese,1
hypouricemic,1
teac,1
fluzone,1
triss,1
genoype,1
gentoype,1
assignements,1
dbridement,1
eligibles,1
viscera,1
pectoral,1
reggio,1
antismoking,1
issuance,1
tonography,1
episcleral,1
venomanometry,1
pneumatonometry,1
emigrated,1
haematobium,1
unmaintained,1
combative,1
handcuffed,1
lvotd,1
cqi,1
inequities,1
zhuangshenling,1
hedonistic,1
jishuitan,1
oflaboratory,1
antra,1
palmitoylcarnitine,1
favourite,1
prefect,1
nldo,1
normophosphatemic,1
exceedthe,1
yates,1
laminoplasties,1
alexithymia,1
indemnified,1
consortia,1
falco,1
sparverius,1
akps,1
outfracture,1
marcel,1
toddlerhood,1
naturalistically,1
deoxyuridine,1
dutpase,1
dihydropyrimidine,1
taizhou,1
cansino,1
trio,1
telcip,1
